Language,Families,LangID,CountryID,LangStatus,Country,Area
’Auhelawa,Austronesian,kud,PG,L,Papua New Guinea,Pacific
A-Pucikwar,Andamanese,apq,IN,X,India,Asia
A’ou,Kra-Dai,aou,CN,L,China,Asia
Aari,Afro-Asiatic,aiw,ET,L,Ethiopia,Africa
Aasáx,Afro-Asiatic,aas,TZ,L,Tanzania,Africa
Abadi,Austronesian,kbt,PG,L,Papua New Guinea,Pacific
Abai Sungai,Austronesian,abf,MY,L,Malaysia,Asia
Abanglekuo,Niger-Congo,bzy,NG,L,Nigeria,Africa
Abanyom,Niger-Congo,abm,NG,L,Nigeria,Africa
Abau,Sepik,aau,PG,L,Papua New Guinea,Pacific
Abaza,Abkhaz-Adyghe,abq,RU,L,Russian Federation,Europe
Abé,Niger-Congo,aba,CI,L,Côte d’Ivoire,Africa
"Abenaki, Eastern",Algic,aaq,US,L,United States,Americas
"Abenaki, Western",Algic,abe,CA,L,Canada,Americas
Abidji,Niger-Congo,abi,CI,L,Côte d’Ivoire,Africa
Abinomn,Language isolate,bsa,ID,L,Indonesia,Asia
Abipon,Guaykuruan,axb,AR,X,Argentina,Americas
Abishi,Niger-Congo,pcn,NG,L,Nigeria,Africa
Abkhaz,Abkhaz-Adyghe,abk,GE,L,Georgia,Asia
Abom,Trans-New Guinea,aob,PG,L,Papua New Guinea,Pacific
Abon,Niger-Congo,abo,NG,L,Nigeria,Africa
Abron,Niger-Congo,abr,GH,L,Ghana,Africa
Abu,Ramu-Lower Sepik,ado,PG,L,Papua New Guinea,Pacific
Abu’,Torricelli,aah,PG,L,Papua New Guinea,Pacific
Abua,Niger-Congo,abn,NG,L,Nigeria,Africa
Abui,Trans-New Guinea,abz,ID,L,Indonesia,Asia
Abun,Language isolate,kgr,ID,L,Indonesia,Asia
Abure,Niger-Congo,abu,CI,L,Côte d’Ivoire,Africa
Abureni,Niger-Congo,mgj,NG,L,Nigeria,Africa
Aceh,Austronesian,ace,ID,L,Indonesia,Asia
Achagua,Maipurean,aca,CO,L,Colombia,Americas
Achang,Sino-Tibetan,acn,CN,L,China,Asia
Ache,Sino-Tibetan,yif,CN,L,China,Asia
Aché,Tupian,guq,PY,L,Paraguay,Americas
Acheron,Niger-Congo,acz,SD,L,Sudan,Africa
Achi,Mayan,acr,GT,L,Guatemala,Americas
Acholi,Nilo-Saharan,ach,UG,L,Uganda,Africa
Achterhoeks,Indo-European,act,NL,L,Netherlands,Europe
Achuar-Shiwiar,Jivaroan,acu,EC,L,Ecuador,Americas
Achumawi,Palaihnihan,acv,US,L,United States,Americas
"Acipa, Eastern",Niger-Congo,acp,NG,L,Nigeria,Africa
Acroá,Jean,acs,BR,X,Brazil,Americas
Adai,Unclassified,xad,US,X,United States,Americas
Adang,Trans-New Guinea,adn,ID,L,Indonesia,Asia
Adangbe,Niger-Congo,adq,GH,L,Ghana,Africa
Adara,Niger-Congo,kad,NG,L,Nigeria,Africa
Adasen,Austronesian,tiu,PH,L,Philippines,Asia
Adele,Niger-Congo,ade,TG,L,Togo,Africa
Adi,Sino-Tibetan,adi,IN,L,India,Asia
"Adi, Galo",Sino-Tibetan,adl,IN,L,India,Asia
Adioukrou,Niger-Congo,adj,CI,L,Côte d’Ivoire,Africa
Adithinngithigh,Australian,dth,AU,X,Australia,Pacific
Adnyamathanha,Australian,adt,AU,L,Australia,Pacific
Adonara,Austronesian,adr,ID,L,Indonesia,Asia
Aduge,Niger-Congo,adu,NG,L,Nigeria,Africa
Adyghe,Abkhaz-Adyghe,ady,RU,L,Russian Federation,Europe
Adzera,Austronesian,adz,PG,L,Papua New Guinea,Pacific
Aeka,Trans-New Guinea,aez,PG,L,Papua New Guinea,Pacific
Aekyom,Trans-New Guinea,awi,PG,L,Papua New Guinea,Pacific
Aer,Indo-European,aeq,PK,L,Pakistan,Asia
Afade,Afro-Asiatic,aal,NG,L,Nigeria,Africa
Afar,Afro-Asiatic,aar,ET,L,Ethiopia,Africa
Afitti,Nilo-Saharan,aft,SD,L,Sudan,Africa
Afrikaans,Indo-European,afr,ZA,L,South Africa,Africa
Afro-Seminole Creole,Creole,afs,MX,L,Mexico,Americas
Agarabi,Trans-New Guinea,agd,PG,L,Papua New Guinea,Pacific
Agariya,Austro-Asiatic,agi,IN,L,India,Asia
Agatu,Niger-Congo,agc,NG,L,Nigeria,Africa
Agavotaguerra,Unclassified,avo,BR,X,Brazil,Americas
Aghem,Niger-Congo,agq,CM,L,Cameroon,Africa
Aghu,Trans-New Guinea,ahh,ID,L,Indonesia,Asia
Aghu-Tharnggala,Australian,gtu,AU,X,Australia,Pacific
Aghul,Nakh-Daghestanian,agx,RU,L,Russian Federation,Europe
Agi,Torricelli,aif,PG,L,Papua New Guinea,Pacific
Agob,South-Central Papuan,kit,PG,L,Papua New Guinea,Pacific
"Agta, Casiguran Dumagat",Austronesian,dgc,PH,L,Philippines,Asia
"Agta, Central Cagayan",Austronesian,agt,PH,L,Philippines,Asia
"Agta, Dicamay",Austronesian,duy,PH,X,Philippines,Asia
"Agta, Dupaninan",Austronesian,duo,PH,L,Philippines,Asia
"Agta, Katubung",Austronesian,agk,PH,L,Philippines,Asia
"Agta, Mt. Iraya",Austronesian,atl,PH,L,Philippines,Asia
"Agta, Mt. Iriga",Austronesian,agz,PH,L,Philippines,Asia
"Agta, Pahanan",Austronesian,apf,PH,L,Philippines,Asia
"Agta, Umiray Dumaget",Austronesian,due,PH,L,Philippines,Asia
"Agta, Villa Viciosa",Austronesian,dyg,PH,X,Philippines,Asia
Aguano,Unclassified,aga,PE,X,Peru,Americas
Aguna,Niger-Congo,aug,BJ,L,Benin,Africa
Agutaynen,Austronesian,agn,PH,L,Philippines,Asia
Agwagwune,Niger-Congo,yay,NG,L,Nigeria,Africa
Ahan,Niger-Congo,ahn,NG,L,Nigeria,Africa
Ahanta,Niger-Congo,aha,GH,L,Ghana,Africa
Aheu,Austro-Asiatic,thm,TH,L,Thailand,Asia
Ahirani,Indo-European,ahr,IN,L,India,Asia
Ahom,Kra-Dai,aho,IN,L,India,Asia
Ahtena,Eyak-Athabaskan,aht,US,L,United States,Americas
Ahwai,Niger-Congo,nfd,NG,L,Nigeria,Africa
Ai-Cham,Kra-Dai,aih,CN,L,China,Asia
Aighon,Austronesian,aix,PG,L,Papua New Guinea,Pacific
Aikanã,Language isolate,tba,BR,L,Brazil,Americas
Aiklep,Austronesian,mwg,PG,L,Papua New Guinea,Pacific
Aimaq,Indo-European,aiq,AF,L,Afghanistan,Asia
Aimol,Sino-Tibetan,aim,IN,L,India,Asia
Ainbai,Border,aic,PG,L,Papua New Guinea,Pacific
Ainu,Language isolate,,,,Namibia,Africa
Ainu,Turkic,,,,Namibia,Africa
Aiome,Ramu-Lower Sepik,aki,PG,L,Papua New Guinea,Pacific
Airoran,Tor-Kwerba,air,ID,L,Indonesia,Asia
Aisi,Trans-New Guinea,mmq,PG,L,Papua New Guinea,Pacific
Aiton,Kra-Dai,aio,IN,L,India,Asia
Äiwoo,Austronesian,nfl,SB,L,Solomon Islands,Pacific
"Aizi, Aproumu",Niger-Congo,ahp,CI,L,Côte d’Ivoire,Africa
"Aizi, Mobumrin",Niger-Congo,ahm,CI,L,Côte d’Ivoire,Africa
"Aizi, Tiagbamrin",Niger-Congo,ahi,CI,L,Côte d’Ivoire,Africa
Aja,Niger-Congo,,,,Namibia,Africa
Aja,Nilo-Saharan,,,,Namibia,Africa
Ajawa,Afro-Asiatic,ajw,NG,X,Nigeria,Africa
Ajië,Austronesian,aji,NC,L,New Caledonia,Pacific
Ajiri,Niger-Congo,afo,NG,L,Nigeria,Africa
Ajiya,Niger-Congo,idc,NG,L,Nigeria,Africa
Ajumbu,Niger-Congo,muc,CM,L,Cameroon,Africa
Ajyíninka Apurucayali,Maipurean,cpc,PE,L,Peru,Americas
Ak,Sepik,akq,PG,L,Papua New Guinea,Pacific
Aka,Nilo-Saharan,soh,SD,L,Sudan,Africa
Aka-Bea,Andamanese,abj,IN,X,India,Asia
Aka-Bo,Andamanese,akm,IN,X,India,Asia
Aka-Cari,Andamanese,aci,IN,X,India,Asia
Aka-Jeru,Andamanese,akj,IN,L,India,Asia
Aka-Kede,Andamanese,akx,IN,X,India,Asia
Aka-Kol,Andamanese,aky,IN,X,India,Asia
Aka-Kora,Andamanese,ack,IN,X,India,Asia
Akan,Niger-Congo,aka,GH,L,Ghana,Africa
Akar-Bale,Andamanese,acl,IN,X,India,Asia
Akaselem,Niger-Congo,aks,TG,L,Togo,Africa
Akateko,Mayan,knj,GT,L,Guatemala,Americas
Akawaio,Cariban,ake,GY,L,Guyana,Americas
Akebu,Niger-Congo,keu,TG,L,Togo,Africa
Akei,Austronesian,tsr,VU,L,Vanuatu,Pacific
Akeu,Sino-Tibetan,aeu,CN,L,China,Asia
Akha,Sino-Tibetan,ahk,CN,L,China,Asia
Akhvakh,Nakh-Daghestanian,akv,RU,L,Russian Federation,Europe
Aklanon,Austronesian,akl,PH,L,Philippines,Asia
Akolet,Austronesian,akt,PG,L,Papua New Guinea,Pacific
Akoose,Niger-Congo,bss,CM,L,Cameroon,Africa
Akoye,Trans-New Guinea,miw,PG,L,Papua New Guinea,Pacific
Akpes,Niger-Congo,ibe,NG,L,Nigeria,Africa
Akukem,Ramu-Lower Sepik,spm,PG,L,Papua New Guinea,Pacific
Akuku,Niger-Congo,ayk,NG,L,Nigeria,Africa
Akum,Niger-Congo,aku,CM,L,Cameroon,Africa
Akuntsu,Tupian,aqz,BR,L,Brazil,Americas
Akurio,Cariban,ako,SR,L,Suriname,Americas
Akwa,Niger-Congo,akw,CG,L,Congo,Africa
Akweya,Niger-Congo,akf,NG,L,Nigeria,Africa
Akye,Niger-Congo,aik,NG,L,Nigeria,Africa
Alaba-K’abeena,Afro-Asiatic,alw,ET,L,Ethiopia,Africa
Alabama,Muskogean,akz,US,L,United States,Americas
Alago,Niger-Congo,ala,NG,L,Nigeria,Africa
Alagwa,Afro-Asiatic,wbj,TZ,L,Tanzania,Africa
Alak,Austro-Asiatic,alk,LA,L,Laos,Asia
Alamblak,Sepik,amp,PG,L,Papua New Guinea,Pacific
Alangan,Austronesian,alj,PH,L,Philippines,Asia
Alapmunte,Nambikwara,apv,BR,X,Brazil,Americas
Alawa,Australian,alh,AU,L,Australia,Pacific
"Albanian, Arbëreshë",Indo-European,aae,IT,L,Italy,Europe
"Albanian, Arvanitika",Indo-European,aat,GR,L,Greece,Europe
"Albanian, Gheg",Indo-European,aln,AL,L,Albania,Europe
"Albanian, Tosk",Indo-European,als,AL,L,Albania,Europe
Ale,Afro-Asiatic,gwd,ET,L,Ethiopia,Africa
Alekano,Trans-New Guinea,gah,PG,L,Papua New Guinea,Pacific
Aleut,Eskimo-Aleut,ale,US,L,United States,Americas
"Aleut, Mednyj",Mixed language,mud,RU,X,Russian Federation,Europe
Algonquin,Algic,alq,CA,L,Canada,Americas
Ali,Niger-Congo,aiy,CF,L,Central African Republic,Africa
Alladian,Niger-Congo,ald,CI,L,Côte d’Ivoire,Africa
Allar,Dravidian,all,IN,L,India,Asia
Alngith,Australian,aid,AU,X,Australia,Pacific
Alor,Austronesian,aol,ID,L,Indonesia,Asia
Alsea,Unclassified,aes,US,X,United States,Americas
"Alta, Northern",Austronesian,aqn,PH,L,Philippines,Asia
"Alta, Southern",Austronesian,agy,PH,L,Philippines,Asia
"Altai, Northern",Turkic,atv,RU,L,Russian Federation,Europe
"Altai, Southern",Turkic,alt,RU,L,Russian Federation,Europe
Alugu,Sino-Tibetan,aub,CN,L,China,Asia
Alune,Austronesian,alp,ID,L,Indonesia,Asia
Aluo,Sino-Tibetan,yna,CN,L,China,Asia
Alur,Nilo-Saharan,alz,CD,L,Democratic Republic of the Congo,Africa
Alutor,Chukotko-Kamchatkan,alr,RU,L,Russian Federation,Europe
Alviri-Vidari,Indo-European,avd,IR,L,Iran,Asia
Alyawarr,Australian,aly,AU,L,Australia,Pacific
Ama,Nilo-Saharan,nyi,SD,L,Sudan,Africa
Amahai,Austronesian,amq,ID,L,Indonesia,Asia
Amahuaca,Panoan,amc,PE,L,Peru,Americas
Amaimon,Trans-New Guinea,ali,PG,L,Papua New Guinea,Pacific
Amako,Trans-New Guinea,koz,PG,L,Papua New Guinea,Pacific
Amal,Sepik,aad,PG,L,Papua New Guinea,Pacific
Amalah,Niger-Congo,ruy,NG,L,Nigeria,Africa
Amam,Trans-New Guinea,wer,PG,L,Papua New Guinea,Pacific
"Amami-Oshima, Northern",Japonic,ryn,JP,L,Japan,Asia
"Amami-Oshima, Southern",Japonic,ams,JP,L,Japan,Asia
Amanab,Border,amn,PG,L,Papua New Guinea,Pacific
Amanayé,Tupian,ama,BR,L,Brazil,Americas
Amara,Austronesian,aie,PG,L,Papua New Guinea,Pacific
Amarakaeri,Harákmbut,amr,PE,L,Peru,Americas
Amarasi,Austronesian,aaz,ID,L,Indonesia,Asia
Amba,Austronesian,,,,Namibia,Africa
Amba,Niger-Congo,,,,Namibia,Africa
"Ambae, East",Austronesian,omb,VU,L,Vanuatu,Pacific
"Ambae, West",Austronesian,nnd,VU,L,Vanuatu,Pacific
Ambai,Austronesian,amk,ID,L,Indonesia,Asia
Ambakich,Ramu-Lower Sepik,aew,PG,L,Papua New Guinea,Pacific
Ambel,Austronesian,wgo,ID,L,Indonesia,Asia
Ambelau,Austronesian,amv,ID,L,Indonesia,Asia
Ambele,Niger-Congo,ael,CM,L,Cameroon,Africa
Amblong,Austronesian,alm,VU,X,Vanuatu,Pacific
Ambo,Niger-Congo,amb,NG,L,Nigeria,Africa
Ambrak,Torricelli,aag,PG,L,Papua New Guinea,Pacific
"Ambrym, North",Austronesian,mmg,VU,L,Vanuatu,Pacific
"Ambrym, Southeast",Austronesian,tvk,VU,L,Vanuatu,Pacific
Ambul,Austronesian,apo,PG,L,Papua New Guinea,Pacific
Ambulas,Sepik,abt,PG,L,Papua New Guinea,Pacific
Amdang,Nilo-Saharan,amj,TD,L,Chad,Africa
Amele,Trans-New Guinea,aey,PG,L,Papua New Guinea,Pacific
Amharic,Afro-Asiatic,amh,ET,L,Ethiopia,Africa
Ami,Australian,amy,AU,L,Australia,Pacific
Amio-Gelimi,Austronesian,let,PG,L,Papua New Guinea,Pacific
Amis,Austronesian,ami,TW,L,Taiwan,Asia
Amo,Niger-Congo,amo,NG,L,Nigeria,Africa
Amon,Niger-Congo,umm,NG,L,Nigeria,Africa
Ampanang,Austronesian,apg,ID,X,Indonesia,Asia
Amri Karbi,Sino-Tibetan,ajz,IN,L,India,Asia
Amto,Amto-Musan,amt,PG,L,Papua New Guinea,Pacific
Amundava,Tupian,adw,BR,L,Brazil,Americas
Amurdak,Australian,amg,AU,L,Australia,Pacific
"Amuzgo, Guerrero",Otomanguean,amu,MX,L,Mexico,Americas
"Amuzgo, Ipalapa",Otomanguean,azm,MX,L,Mexico,Americas
"Amuzgo, San Pedro Amuzgos",Otomanguean,azg,MX,L,Mexico,Americas
Anaang,Niger-Congo,anw,NG,L,Nigeria,Africa
Anakalangu,Austronesian,akg,ID,L,Indonesia,Asia
Anal,Sino-Tibetan,anm,IN,L,India,Asia
Anam,Trans-New Guinea,pda,PG,L,Papua New Guinea,Pacific
Anambé,Tupian,aan,BR,L,Brazil,Americas
Anamuxra,Trans-New Guinea,imi,PG,L,Papua New Guinea,Pacific
Anasi,East Geelvink Bay,bpo,ID,L,Indonesia,Asia
Áncá,Niger-Congo,acb,NG,L,Nigeria,Africa
Andaandi,Nilo-Saharan,dgl,SD,L,Sudan,Africa
Andai,Arafundi,afd,PG,L,Papua New Guinea,Pacific
Andajin,Australian,ajn,AU,L,Australia,Pacific
Andaman Hindi Creole,Creole,hca,IN,L,India,Asia
Andaqui,Paezan,ana,CO,L,Colombia,Americas
Andarum,Ramu-Lower Sepik,aod,PG,L,Papua New Guinea,Pacific
Andegerebinha,Australian,adg,AU,L,Australia,Pacific
Andh,Indo-European,anr,IN,L,India,Asia
Andi,Nakh-Daghestanian,ani,RU,L,Russian Federation,Europe
Andio,Austronesian,bzb,ID,L,Indonesia,Asia
Andoa,Zaparoan,anb,PE,X,Peru,Americas
Andoque,Language isolate,ano,CO,L,Colombia,Americas
Andra-Hus,Austronesian,anx,PG,L,Papua New Guinea,Pacific
Aneityum,Austronesian,aty,VU,L,Vanuatu,Pacific
Anem,Yele-West New Britain,anz,PG,L,Papua New Guinea,Pacific
Aneme Wake,Trans-New Guinea,aby,PG,L,Papua New Guinea,Pacific
Anfillo,Afro-Asiatic,myo,ET,L,Ethiopia,Africa
Angaataha,Trans-New Guinea,agm,PG,L,Papua New Guinea,Pacific
Angaité,Mascoyan,aqt,PY,L,Paraguay,Americas
Angal,Trans-New Guinea,age,PG,L,Papua New Guinea,Pacific
Angal Enen,Trans-New Guinea,aoe,PG,L,Papua New Guinea,Pacific
Angal Heneng,Trans-New Guinea,akh,PG,L,Papua New Guinea,Pacific
Angika,Indo-European,anp,IN,L,India,Asia
Angkamuthi,Australian,avm,AU,L,Australia,Pacific
Angloromani,Mixed language,rme,GB,L,United Kingdom,Europe
Angolar,Creole,aoa,ST,L,São Tomé e Príncipe,Africa
Angor,Senagi,agg,PG,L,Papua New Guinea,Pacific
Angoram,Ramu-Lower Sepik,aog,PG,L,Papua New Guinea,Pacific
Anguthimri,Australian,awg,AU,L,Australia,Pacific
Anii,Niger-Congo,blo,BJ,L,Benin,Africa
Animere,Niger-Congo,anf,GH,L,Ghana,Africa
Anindilyakwa,Australian,aoi,AU,L,Australia,Pacific
Aninka,Niger-Congo,aqk,NG,L,Nigeria,Africa
Anjam,Trans-New Guinea,boj,PG,L,Papua New Guinea,Pacific
Ankave,Trans-New Guinea,aak,PG,L,Papua New Guinea,Pacific
Anmatyerr,Australian,amx,AU,L,Australia,Pacific
Anong,Sino-Tibetan,nun,MM,L,Myanmar,Asia
Anor,Ramu-Lower Sepik,anj,PG,L,Papua New Guinea,Pacific
Anserma,Paezan,ans,CO,X,Colombia,Americas
Ansus,Austronesian,and,ID,L,Indonesia,Asia
Antikarinya,Australian,ant,AU,L,Australia,Pacific
Anuak,Nilo-Saharan,anu,SS,L,South Sudan,Africa
Anufo,Niger-Congo,cko,GH,L,Ghana,Africa
Anuki,Austronesian,aui,PG,L,Papua New Guinea,Pacific
Anus,Austronesian,auq,ID,L,Indonesia,Asia
Anuta,Austronesian,aud,SB,L,Solomon Islands,Pacific
Anyin,Niger-Congo,any,CI,L,Côte d’Ivoire,Africa
Anyin Morofo,Niger-Congo,mtb,CI,L,Côte d’Ivoire,Africa
Aoheng,Austronesian,pni,ID,L,Indonesia,Asia
Aore,Austronesian,aor,VU,X,Vanuatu,Pacific
Ap Ma,Ramu-Lower Sepik,kbx,PG,L,Papua New Guinea,Pacific
"Apache, Jicarilla",Eyak-Athabaskan,apj,US,L,United States,Americas
"Apache, Kiowa",Eyak-Athabaskan,apk,US,L,United States,Americas
"Apache, Lipan",Eyak-Athabaskan,apl,US,L,United States,Americas
"Apache, Mescalero-Chiricahua",Eyak-Athabaskan,apm,US,L,United States,Americas
"Apache, Western",Eyak-Athabaskan,apw,US,L,United States,Americas
Apal,Trans-New Guinea,ena,PG,L,Papua New Guinea,Pacific
Apalachee,Muskogean,xap,US,X,United States,Americas
Apalaí,Cariban,apy,BR,L,Brazil,Americas
Apatani,Sino-Tibetan,apt,IN,L,India,Asia
Apiaká,Tupian,api,BR,L,Brazil,Americas
Apinagé,Jean,apn,BR,L,Brazil,Americas
Apma,Austronesian,app,VU,L,Vanuatu,Pacific
Apurinã,Maipurean,apu,BR,L,Brazil,Americas
Aputai,Austronesian,apx,ID,L,Indonesia,Asia
Arabana,Australian,ard,AU,L,Australia,Pacific
Arabela,Zaparoan,arl,PE,L,Peru,Americas
"Arabic, Algerian",Afro-Asiatic,arq,DZ,L,Algeria,Africa
"Arabic, Algerian Saharan",Afro-Asiatic,aao,DZ,L,Algeria,Africa
"Arabic, Baharna",Afro-Asiatic,abv,BH,L,Bahrain,Asia
"Arabic, Chadian",Afro-Asiatic,shu,TD,L,Chad,Africa
"Arabic, Cypriot",Afro-Asiatic,acy,CY,L,Cyprus,Asia
"Arabic, Dhofari",Afro-Asiatic,adf,OM,L,Oman,Asia
"Arabic, Eastern Egyptian Bedawi",Afro-Asiatic,avl,EG,L,Egypt,Africa
"Arabic, Egyptian",Afro-Asiatic,arz,EG,L,Egypt,Africa
"Arabic, Gulf",Afro-Asiatic,afb,KW,L,Kuwait,Asia
"Arabic, Hadrami",Afro-Asiatic,ayh,YE,L,Yemen,Asia
"Arabic, Hijazi",Afro-Asiatic,acw,SA,L,Saudi Arabia,Asia
"Arabic, Juba",Creole,pga,SS,L,South Sudan,Africa
"Arabic, Judeo-Iraqi",Afro-Asiatic,yhd,IQ,L,Iraq,Asia
"Arabic, Judeo-Moroccan",Afro-Asiatic,aju,MA,L,Morocco,Africa
"Arabic, Judeo-Tripolitanian",Afro-Asiatic,yud,LY,L,Libya,Africa
"Arabic, Judeo-Yemeni",Afro-Asiatic,jye,YE,L,Yemen,Asia
"Arabic, Levantine",Afro-Asiatic,apc,SY,L,Syria,Asia
"Arabic, Libyan",Afro-Asiatic,ayl,LY,L,Libya,Africa
"Arabic, Mesopotamian",Afro-Asiatic,acm,IQ,L,Iraq,Asia
"Arabic, Moroccan",Afro-Asiatic,ary,MA,L,Morocco,Africa
"Arabic, Najdi",Afro-Asiatic,ars,SA,L,Saudi Arabia,Asia
"Arabic, North Mesopotamian",Afro-Asiatic,ayp,IQ,L,Iraq,Asia
"Arabic, Omani",Afro-Asiatic,acx,OM,L,Oman,Asia
"Arabic, Sa’idi",Afro-Asiatic,aec,EG,L,Egypt,Africa
"Arabic, Sanaani",Afro-Asiatic,ayn,YE,L,Yemen,Asia
"Arabic, Shihhi",Afro-Asiatic,ssh,AE,L,United Arab Emirates,Asia
"Arabic, Standard",Afro-Asiatic,arb,SA,L,Saudi Arabia,Asia
"Arabic, Sudanese",Afro-Asiatic,apd,SD,L,Sudan,Africa
"Arabic, Ta’izzi-Adeni",Afro-Asiatic,acq,YE,L,Yemen,Asia
"Arabic, Tajiki",Afro-Asiatic,abh,TJ,L,Tajikistan,Asia
"Arabic, Tunisian",Afro-Asiatic,aeb,TN,L,Tunisia,Africa
"Arabic, Uzbeki",Afro-Asiatic,auz,UZ,L,Uzbekistan,Asia
Aragonese,Indo-European,arg,ES,L,Spain,Europe
Arakwal,Australian,rkw,AU,X,Australia,Pacific
Aralle-Tabulahan,Austronesian,atq,ID,L,Indonesia,Asia
Aramba,South-Central Papuan,stk,PG,L,Papua New Guinea,Pacific
Aranadan,Dravidian,aaf,IN,L,India,Asia
Aranama-Tamique,Unclassified,xrt,US,X,United States,Americas
"Aranda, Lower Southern",Australian,axl,AU,L,Australia,Pacific
Arandai,Trans-New Guinea,jbj,ID,L,Indonesia,Asia
Araona,Tacanan,aro,BO,L,Bolivia,Americas
Arapaho,Algic,arp,US,L,United States,Americas
Arapaso,Tucanoan,arj,BR,L,Brazil,Americas
"Arára, Mato Grosso",Unclassified,axg,BR,L,Brazil,Americas
"Arara, Pará",Cariban,aap,BR,L,Brazil,Americas
Ararandewára,Tupian,xaj,BR,X,Brazil,Americas
Arawak,Maipurean,arw,SR,L,Suriname,Americas
Araweté,Tupian,awt,BR,L,Brazil,Americas
Arbore,Afro-Asiatic,arv,ET,L,Ethiopia,Africa
Archi,Nakh-Daghestanian,aqc,RU,L,Russian Federation,Europe
Are,Austronesian,mwc,PG,L,Papua New Guinea,Pacific
Areare,Austronesian,alu,SB,L,Solomon Islands,Pacific
Areba,Australian,aea,AU,X,Australia,Pacific
Arem,Austro-Asiatic,aem,VN,L,Vietnam,Asia
Argobba,Afro-Asiatic,agj,ET,L,Ethiopia,Africa
Arguni,Austronesian,agf,ID,L,Indonesia,Asia
Arhâ,Austronesian,aqr,NC,L,New Caledonia,Pacific
Arhö,Austronesian,aok,NC,L,New Caledonia,Pacific
Arhuaco,Chibchan,arh,CO,L,Colombia,Americas
Ari,Trans-New Guinea,aac,PG,L,Papua New Guinea,Pacific
Aribwatsa,Austronesian,laz,PG,X,Papua New Guinea,Pacific
Aribwaung,Austronesian,ylu,PG,L,Papua New Guinea,Pacific
Arigidi,Niger-Congo,aqg,NG,L,Nigeria,Africa
Arikapú,Jabutian,ark,BR,L,Brazil,Americas
Arikara,Caddoan,ari,US,L,United States,Americas
Arikem,Tupian,ait,BR,X,Brazil,Americas
Arin,Yeniseian,xrn,RU,X,Russian Federation,Europe
Aringa,Nilo-Saharan,luc,UG,L,Uganda,Africa
Armenian,Indo-European,hye,AM,L,Armenia,Asia
"Armenian, Western",Indo-European,hyw,TR,L,Turkey,Asia
Aro,Torricelli,tei,PG,L,Papua New Guinea,Pacific
Aromanian,Indo-European,rup,MK,L,North Macedonia,Europe
Arop-Lokep,Austronesian,apr,PG,L,Papua New Guinea,Pacific
Arosi,Austronesian,aia,SB,L,Solomon Islands,Pacific
Arpitan,Indo-European,frp,FR,L,France,Europe
"Arrarnta, Western",Australian,are,AU,L,Australia,Pacific
"Arrernte, Eastern",Australian,aer,AU,L,Australia,Pacific
Arritinngithigh,Australian,rrt,AU,X,Australia,Pacific
Arta,Austronesian,atz,PH,L,Philippines,Asia
Aruá,Arauan,,,,Namibia,Africa
Aruá,Tupian,,,,Namibia,Africa
Aruamu,Ramu-Lower Sepik,msy,PG,L,Papua New Guinea,Pacific
Aruek,Torricelli,aur,PG,L,Papua New Guinea,Pacific
Arum,Niger-Congo,aab,NG,L,Nigeria,Africa
Aruop,Torricelli,lsr,PG,L,Papua New Guinea,Pacific
Arutani,Language isolate,atx,BR,L,Brazil,Americas
As,Austronesian,asz,ID,L,Indonesia,Asia
Asa’a,Trans-New Guinea,kyy,PG,L,Papua New Guinea,Pacific
Asaba,Sepik,seo,PG,L,Papua New Guinea,Pacific
Asaro’o,Trans-New Guinea,mtv,PG,L,Papua New Guinea,Pacific
Asháninka,Maipurean,cni,PE,L,Peru,Americas
Ashe,Niger-Congo,ahs,NG,L,Nigeria,Africa
"Ashéninka, Pajonal",Maipurean,cjo,PE,L,Peru,Americas
"Ashéninka, Perené",Maipurean,prq,PE,L,Peru,Americas
"Ashéninka, Pichis",Maipurean,cpu,PE,L,Peru,Americas
"Ashéninka, South Ucayali",Maipurean,cpy,PE,L,Peru,Americas
"Ashéninka, Ucayali-Yurúa",Maipurean,cpb,PE,L,Peru,Americas
Ashkun,Indo-European,ask,AF,L,Afghanistan,Asia
Ashtiani,Indo-European,atn,IR,L,Iran,Asia
Asilulu,Austronesian,asl,ID,L,Indonesia,Asia
Askopan,North Bougainville,eiv,PG,L,Papua New Guinea,Pacific
"Asmat, Casuarina Coast",Trans-New Guinea,asc,ID,L,Indonesia,Asia
"Asmat, Central",Trans-New Guinea,cns,ID,L,Indonesia,Asia
"Asmat, North",Trans-New Guinea,nks,ID,L,Indonesia,Asia
"Asmat, Yaosakor",Trans-New Guinea,asy,ID,L,Indonesia,Asia
Asoa,Nilo-Saharan,asv,CD,L,Democratic Republic of the Congo,Africa
Assamese,Indo-European,asm,IN,L,India,Asia
Assangori,Nilo-Saharan,sjg,TD,L,Chad,Africa
Assiniboine,Siouan-Catawban,asb,CA,L,Canada,Americas
Assyrian Neo-Aramaic,Afro-Asiatic,aii,IQ,L,Iraq,Asia
Asturian,Indo-European,ast,ES,L,Spain,Europe
Asu,Niger-Congo,,,,Namibia,Africa
Asu,Niger-Congo,,,,Namibia,Africa
Asumboa,Austronesian,aua,SB,L,Solomon Islands,Pacific
Asuri,Austro-Asiatic,asr,IN,L,India,Asia
Asurini of Xingú,Tupian,asn,BR,L,Brazil,Americas
"Asurini, Tocantins",Tupian,asu,BR,L,Brazil,Americas
Ata,Austronesian,atm,PH,L,Philippines,Asia
Atakapa,Language isolate,aqp,US,X,United States,Americas
Atampaya,Australian,amz,AU,X,Australia,Pacific
Atauran,Austronesian,adb,TL,L,East Timor,Asia
Atayal,Austronesian,tay,TW,L,Taiwan,Asia
Ateso,Nilo-Saharan,teo,UG,L,Uganda,Africa
Athpariya,Sino-Tibetan,aph,NP,L,Nepal,Asia
Ati,Austronesian,atk,PH,L,Philippines,Asia
Atikamekw,Algic,atj,CA,L,Canada,Americas
Atin,Austronesian,plb,VU,L,Vanuatu,Pacific
Atohwaim,Trans-New Guinea,aqm,ID,L,Indonesia,Asia
Atong,Niger-Congo,,,,Namibia,Africa
Atong,Sino-Tibetan,,,,Namibia,Africa
Atorada,Maipurean,aox,GY,L,Guyana,Americas
Atoro,Niger-Congo,tdv,NG,L,Nigeria,Africa
Atsahuaca,Panoan,atc,PE,X,Peru,Americas
Atsam,Niger-Congo,cch,NG,L,Nigeria,Africa
Atsugewi,Palaihnihan,atw,US,L,United States,Americas
"Atta, Faire",Austronesian,azt,PH,L,Philippines,Asia
"Atta, Pamplona",Austronesian,att,PH,L,Philippines,Asia
"Atta, Pudtol",Austronesian,atp,PH,L,Philippines,Asia
Attié,Niger-Congo,ati,CI,L,Côte d’Ivoire,Africa
Au,Torricelli,avt,PG,L,Papua New Guinea,Pacific
Aukan,Creole,djk,SR,L,Suriname,Americas
Aulua,Austronesian,aul,VU,L,Vanuatu,Pacific
Aurá,Tupian,aux,BR,X,Brazil,Americas
Aushi,Niger-Congo,auh,ZM,L,Zambia,Africa
Aushiri,Language isolate,avs,PE,X,Peru,Americas
Austral,Austronesian,aut,PF,L,French Polynesia,Pacific
Auwe,Border,smf,PG,L,Papua New Guinea,Pacific
Auye,Trans-New Guinea,auu,ID,L,Indonesia,Asia
Auyokawa,Afro-Asiatic,auo,NG,X,Nigeria,Africa
"Auyu, Central",Trans-New Guinea,awu,ID,L,Indonesia,Asia
Avá-Canoeiro,Tupian,avv,BR,L,Brazil,Americas
Avar,Nakh-Daghestanian,ava,RU,L,Russian Federation,Europe
Avatime,Niger-Congo,avn,GH,L,Ghana,Africa
Avau,Austronesian,avb,PG,L,Papua New Guinea,Pacific
Avava,Austronesian,tmb,VU,L,Vanuatu,Pacific
Avestan,Indo-European,ave,IR,L,Iran,Asia
Avikam,Niger-Congo,avi,CI,L,Côte d’Ivoire,Africa
Avokaya,Nilo-Saharan,avu,SS,L,South Sudan,Africa
Avonnoh,Niger-Congo,kch,NG,L,Nigeria,Africa
Awa,Austro-Asiatic,,,,Namibia,Africa
Awa,Trans-New Guinea,,,,Namibia,Africa
Awa-Cuaiquer,Barbacoan,kwi,CO,L,Colombia,Americas
Awabakal,Australian,awk,AU,L,Australia,Pacific
Awad Bing,Austronesian,bcu,PG,L,Papua New Guinea,Pacific
Awadhi,Indo-European,awa,IN,L,India,Asia
Awajún,Jivaroan,agr,PE,L,Peru,Americas
Awak,Niger-Congo,awo,NG,L,Nigeria,Africa
Awakateko,Mayan,agu,GT,L,Guatemala,Americas
Awar,Ramu-Lower Sepik,aya,PG,L,Papua New Guinea,Pacific
Awara,Trans-New Guinea,awx,PG,L,Papua New Guinea,Pacific
Awbono,Bayono-Awbono,awh,ID,L,Indonesia,Asia
Aweer,Afro-Asiatic,bob,KE,L,Kenya,Africa
Awera,Lakes Plain,awr,ID,L,Indonesia,Asia
Awetí,Tupian,awe,BR,L,Brazil,Americas
Awing,Niger-Congo,azo,CM,L,Cameroon,Africa
Awishira,Unclassified,ash,PE,X,Peru,Americas
Awiyaana,Trans-New Guinea,auy,PG,L,Papua New Guinea,Pacific
Awjilah,Afro-Asiatic,auj,LY,L,Libya,Africa
Awngi,Afro-Asiatic,awn,ET,L,Ethiopia,Africa
Awngthim,Australian,gwm,AU,X,Australia,Pacific
Awtuw,Sepik,kmn,PG,L,Papua New Guinea,Pacific
Awu,Sino-Tibetan,yiu,CN,L,China,Asia
Awun,Sepik,aww,PG,L,Papua New Guinea,Pacific
Awutu,Niger-Congo,afu,GH,L,Ghana,Africa
Awyi,Border,auw,ID,L,Indonesia,Asia
"Awyu, Asue",Trans-New Guinea,psa,ID,L,Indonesia,Asia
"Awyu, Edera",Trans-New Guinea,awy,ID,L,Indonesia,Asia
"Awyu, Jair",Trans-New Guinea,awv,ID,L,Indonesia,Asia
"Awyu, North",Trans-New Guinea,yir,ID,L,Indonesia,Asia
"Awyu, South",Trans-New Guinea,aws,ID,L,Indonesia,Asia
Axamb,Austronesian,ahb,VU,L,Vanuatu,Pacific
Axi,Sino-Tibetan,yix,CN,L,China,Asia
Ayabadhu,Australian,ayd,AU,X,Australia,Pacific
Ayerrerenge,Australian,axe,AU,X,Australia,Pacific
Ayi,Sepik,ayq,PG,L,Papua New Guinea,Pacific
Ayizi,Sino-Tibetan,yyz,CN,L,China,Asia
"Aymara, Central",Aymaran,ayr,BO,L,Bolivia,Americas
"Aymara, Southern",Aymaran,ayc,PE,L,Peru,Americas
Ayoreo,Zamucoan,ayo,PY,L,Paraguay,Americas
"Ayta, Abellen",Austronesian,abp,PH,L,Philippines,Asia
"Ayta, Ambala",Austronesian,abc,PH,L,Philippines,Asia
"Ayta, Mag-antsi",Austronesian,sgb,PH,L,Philippines,Asia
"Ayta, Mag-Indi",Austronesian,blx,PH,L,Philippines,Asia
"Ayta, Magbukun",Austronesian,ayt,PH,L,Philippines,Asia
"Ayta, Sorsogon",Austronesian,ays,PH,L,Philippines,Asia
Ayu,Niger-Congo,ayu,NG,L,Nigeria,Africa
"Azerbaijani, North",Turkic,azj,AZ,L,Azerbaijan,Asia
"Azerbaijani, South",Turkic,azb,IR,L,Iran,Asia
Azha,Sino-Tibetan,aza,CN,L,China,Asia
Azhe,Sino-Tibetan,yiz,CN,L,China,Asia
Aziana,Trans-New Guinea,gat,PG,L,Papua New Guinea,Pacific
ǁAni,Khoe-Kwadi,hnh,BW,L,Botswana,Africa
ǂ’Amkhoe,Kx’a,huc,BW,L,Botswana,Africa
Baan,Niger-Congo,bvj,NG,L,Nigeria,Africa
Baangi,Niger-Congo,bqx,NG,L,Nigeria,Africa
Baatonum,Niger-Congo,bba,BJ,L,Benin,Africa
Babango,Niger-Congo,bbm,CD,L,Democratic Republic of the Congo,Africa
Babanki,Niger-Congo,bbk,CM,L,Cameroon,Africa
"Babar, North",Austronesian,bcd,ID,L,Indonesia,Asia
"Babar, Southeast",Austronesian,vbb,ID,L,Indonesia,Asia
Babatana,Austronesian,baa,SB,L,Solomon Islands,Pacific
Babine,Eyak-Athabaskan,bcr,CA,L,Canada,Americas
Babuza,Austronesian,bzg,TW,L,Taiwan,Asia
Bacama,Afro-Asiatic,bcy,NG,L,Nigeria,Africa
Bada,Austronesian,bhz,ID,L,Indonesia,Asia
Badaga,Dravidian,bfq,IN,L,India,Asia
Bade,Afro-Asiatic,bde,NG,L,Nigeria,Africa
Badeshi,Indo-European,bdz,PK,L,Pakistan,Asia
Badimaya,Australian,bia,AU,L,Australia,Pacific
Badjiri,Australian,jbi,AU,X,Australia,Pacific
Baduy,Austronesian,bac,ID,L,Indonesia,Asia
Badyara,Niger-Congo,pbp,GN,L,Guinea,Africa
Baeggu,Austronesian,bvd,SB,L,Solomon Islands,Pacific
Baelelea,Austronesian,bvc,SB,L,Solomon Islands,Pacific
Baetora,Austronesian,btr,VU,L,Vanuatu,Pacific
Bafaw-Balong,Niger-Congo,bwt,CM,L,Cameroon,Africa
Bafia,Niger-Congo,ksf,CM,L,Cameroon,Africa
Bafut,Niger-Congo,bfd,CM,L,Cameroon,Africa
Baga Kaloum,Niger-Congo,bqf,GN,X,Guinea,Africa
Baga Koga,Niger-Congo,bgo,GN,L,Guinea,Africa
Baga Manduri,Niger-Congo,bmd,GN,L,Guinea,Africa
Baga Pokur,Niger-Congo,bcg,GN,L,Guinea,Africa
Baga Sitemu,Niger-Congo,bsp,GN,L,Guinea,Africa
Baga Sobané,Niger-Congo,bsv,GN,X,Guinea,Africa
Bagheli,Indo-European,bfy,IN,L,India,Asia
Bagirmi,Nilo-Saharan,bmi,TD,L,Chad,Africa
Bago-Kusuntu,Niger-Congo,bqg,TG,L,Togo,Africa
Bagobo-Klata,Austronesian,bgi,PH,L,Philippines,Asia
Bagri,Indo-European,bgq,IN,L,India,Asia
Bagupi,Trans-New Guinea,bpi,PG,L,Papua New Guinea,Pacific
Bagusa,Tor-Kwerba,bqb,ID,L,Indonesia,Asia
Bagvalal,Nakh-Daghestanian,kva,RU,L,Russian Federation,Europe
Baham,Trans-New Guinea,bdw,ID,L,Indonesia,Asia
Bahamas English Creole,Creole,bah,BS,L,Bahamas,Americas
Bahau,Austronesian,bhv,ID,L,Indonesia,Asia
Bahinemo,Sepik,bjh,PG,L,Papua New Guinea,Pacific
Bahing,Sino-Tibetan,bhj,NP,L,Nepal,Asia
Bahnar,Austro-Asiatic,bdq,VN,L,Vietnam,Asia
Bahonsuai,Austronesian,bsu,ID,L,Indonesia,Asia
Bai,Niger-Congo,bdj,SS,L,South Sudan,Africa
"Bai, Central",Sino-Tibetan,bca,CN,L,China,Asia
"Bai, Lama",Sino-Tibetan,lay,CN,L,China,Asia
"Bai, Panyi",Sino-Tibetan,bfc,CN,L,China,Asia
"Bai, Southern",Sino-Tibetan,bfs,CN,L,China,Asia
Baibai,Fas,bbf,PG,L,Papua New Guinea,Pacific
Baikeno,Austronesian,bkx,TL,L,East Timor,Asia
Baima,Sino-Tibetan,bqh,CN,L,China,Asia
Baimak,Trans-New Guinea,bmx,PG,L,Papua New Guinea,Pacific
Bainouk-Gunyaamolo,Niger-Congo,bcz,SN,L,Senegal,Africa
Bainouk-Gunyuño,Niger-Congo,bab,GW,L,Guinea-Bissau,Africa
Bainouk-Samik,Niger-Congo,bcb,SN,L,Senegal,Africa
Baiso,Afro-Asiatic,bsw,ET,L,Ethiopia,Africa
Baiyamo,Sepik,ppe,PG,L,Papua New Guinea,Pacific
Bajan,Creole,bjs,BB,L,Barbados,Americas
"Bajau, Indonesian",Austronesian,bdl,ID,L,Indonesia,Asia
"Bajau, West Coast",Austronesian,bdr,MY,L,Malaysia,Asia
Bajelani,Indo-European,bjm,IQ,L,Iraq,Asia
Bajjika,Indo-European,vjk,IN,L,India,Asia
Baka,Niger-Congo,,,,Namibia,Africa
Baka,Nilo-Saharan,,,,Namibia,Africa
Bakairí,Cariban,bkq,BR,L,Brazil,Americas
Bakaka,Niger-Congo,bqz,CM,L,Cameroon,Africa
Bakati’,Austronesian,bei,ID,L,Indonesia,Asia
"Bakati’, Rara",Austronesian,lra,MY,L,Malaysia,Asia
"Bakati’, Sara",Austronesian,sre,ID,L,Indonesia,Asia
Bakhtiâri,Indo-European,bqi,IR,L,Iran,Asia
Baki,Austronesian,bki,VU,L,Vanuatu,Pacific
Bakoko,Niger-Congo,bkh,CM,L,Cameroon,Africa
Bakole,Niger-Congo,kme,CM,L,Cameroon,Africa
Bakumpai,Austronesian,bkr,ID,L,Indonesia,Asia
Bakwé,Niger-Congo,bjw,CI,L,Côte d’Ivoire,Africa
Balaesang,Austronesian,bls,ID,L,Indonesia,Asia
Balangao,Austronesian,blw,PH,L,Philippines,Asia
Balanta,Niger-Congo,ble,GW,L,Guinea-Bissau,Africa
Balanta-Ganja,Niger-Congo,bjt,SN,L,Senegal,Africa
Balantak,Austronesian,blz,ID,L,Indonesia,Asia
Baldemu,Afro-Asiatic,bdn,CM,X,Cameroon,Africa
Balen,Austronesian,nsw,VU,L,Vanuatu,Pacific
Bali,Austronesian,,,,Namibia,Africa
Bali,Niger-Congo,,,,Namibia,Africa
Bali,Niger-Congo,,,,Namibia,Africa
Balkan Gagauz Turkish,Turkic,bgx,TR,L,Turkey,Asia
Balo,Niger-Congo,bqo,CM,L,Cameroon,Africa
"Balochi, Eastern",Indo-European,bgp,PK,L,Pakistan,Asia
"Balochi, Southern",Indo-European,bcc,PK,L,Pakistan,Asia
"Balochi, Western",Indo-European,bgn,PK,L,Pakistan,Asia
Baloi,Niger-Congo,biz,CD,L,Democratic Republic of the Congo,Africa
Balti,Sino-Tibetan,bft,PK,L,Pakistan,Asia
Bamanankan,Niger-Congo,bam,ML,L,Mali,Africa
Bambam,Austronesian,ptu,ID,L,Indonesia,Asia
Bambili-Bambui,Niger-Congo,baw,CM,L,Cameroon,Africa
Bamu,Trans-New Guinea,bcf,PG,L,Papua New Guinea,Pacific
Bamun,Niger-Congo,bax,CM,L,Cameroon,Africa
Bana,Afro-Asiatic,bcw,CM,L,Cameroon,Africa
Banam Bay,Austronesian,vrt,VU,L,Vanuatu,Pacific
Banda,Austronesian,bnd,ID,L,Indonesia,Asia
Banda-Bambari,Niger-Congo,liy,CF,L,Central African Republic,Africa
Banda-Banda,Niger-Congo,bpd,CF,L,Central African Republic,Africa
Banda-Mbrès,Niger-Congo,bqk,CF,L,Central African Republic,Africa
Banda-Ndélé,Niger-Congo,bfl,CF,L,Central African Republic,Africa
Banda-Yangere,Niger-Congo,yaj,CF,L,Central African Republic,Africa
"Banda, Mid-Southern",Niger-Congo,bjo,CF,L,Central African Republic,Africa
"Banda, South Central",Niger-Congo,lnl,CF,L,Central African Republic,Africa
"Banda, Togbo-Vara",Niger-Congo,tor,CD,L,Democratic Republic of the Congo,Africa
"Banda, West Central",Niger-Congo,bbp,CF,L,Central African Republic,Africa
Bandi,Niger-Congo,bza,LR,L,Liberia,Africa
Bandial,Niger-Congo,bqj,SN,L,Senegal,Africa
Bandjalang,Australian,bdy,AU,L,Australia,Pacific
Bangala,Niger-Congo,bxg,CD,L,Democratic Republic of the Congo,Africa
Bangandu,Niger-Congo,bgf,CM,L,Cameroon,Africa
Bangba,Niger-Congo,bbe,CD,L,Democratic Republic of the Congo,Africa
Banggai,Austronesian,bgz,ID,L,Indonesia,Asia
Bangi,Niger-Congo,bni,CD,L,Democratic Republic of the Congo,Africa
Bangime,Language isolate,dba,ML,L,Mali,Africa
Bangka,Austronesian,mfb,ID,L,Indonesia,Asia
Bangon,Austronesian,bnj,PH,L,Philippines,Asia
Bangubangu,Niger-Congo,bnx,CD,L,Democratic Republic of the Congo,Africa
Bangwinji,Niger-Congo,bsj,NG,L,Nigeria,Africa
Baniva,Maipurean,bvv,VE,X,Venezuela,Americas
Baniwa,Maipurean,bwi,VE,L,Venezuela,Americas
Banjar,Austronesian,bjn,ID,L,Indonesia,Asia
Bankagooma,Niger-Congo,bxw,ML,L,Mali,Africa
Bankal,Niger-Congo,jjr,NG,L,Nigeria,Africa
Bankon,Niger-Congo,abb,CM,L,Cameroon,Africa
Bannoni,Austronesian,bcm,PG,L,Papua New Guinea,Pacific
Bantawa,Sino-Tibetan,bap,NP,L,Nepal,Asia
Bantayanon,Austronesian,bfx,PH,L,Philippines,Asia
Bantik,Austronesian,bnq,ID,L,Indonesia,Asia
Bantoanon,Austronesian,bno,PH,L,Philippines,Asia
Banyjima,Australian,pnw,AU,L,Australia,Pacific
Baoulé,Niger-Congo,bci,CI,L,Côte d’Ivoire,Africa
Barababaraba,Australian,rbp,AU,X,Australia,Pacific
Barai,Trans-New Guinea,bbb,PG,L,Papua New Guinea,Pacific
Barakai,Austronesian,baj,ID,L,Indonesia,Asia
Baram,Sino-Tibetan,brd,NP,L,Nepal,Asia
Barama,Niger-Congo,bbg,GA,L,Gabon,Africa
Barambu,Niger-Congo,brm,CD,L,Democratic Republic of the Congo,Africa
Baramu,Trans-New Guinea,bmz,PG,L,Papua New Guinea,Pacific
Barapasi,East Geelvink Bay,brp,ID,L,Indonesia,Asia
Baras,Austronesian,brs,ID,L,Indonesia,Asia
Barasana-Eduria,Tucanoan,bsn,CO,L,Colombia,Americas
Barbaram,Australian,vmb,AU,X,Australia,Pacific
Barbareño,Chumashan,boi,US,L,United States,Americas
Bardi,Australian,bcj,AU,L,Australia,Pacific
Baré,Maipurean,bae,VE,L,Venezuela,Americas
Barein,Afro-Asiatic,bva,TD,L,Chad,Africa
"Bareli, Palya",Indo-European,bpx,IN,L,India,Asia
"Bareli, Pauri",Indo-European,bfb,IN,L,India,Asia
"Bareli, Rathwi",Indo-European,bgd,IN,L,India,Asia
Bargam,Trans-New Guinea,mlp,PG,L,Papua New Guinea,Pacific
Bari,Nilo-Saharan,bfa,SS,L,South Sudan,Africa
Barí,Chibchan,mot,CO,L,Colombia,Americas
Bariai,Austronesian,bch,PG,L,Papua New Guinea,Pacific
Bariji,Trans-New Guinea,bjc,PG,L,Papua New Guinea,Pacific
Barikanchi,Pidgin,bxo,NG,L,Nigeria,Africa
Barikewa,Trans-New Guinea,jbk,PG,L,Papua New Guinea,Pacific
Barngarla,Australian,bjb,AU,L,Australia,Pacific
Barok,Austronesian,bjk,PG,L,Papua New Guinea,Pacific
Barombi,Niger-Congo,bbi,CM,L,Cameroon,Africa
Barrow Point,Australian,bpt,AU,X,Australia,Pacific
Baruga,Trans-New Guinea,bjz,PG,L,Papua New Guinea,Pacific
Barwe,Niger-Congo,bwg,MZ,L,Mozambique,Africa
Barzani-Sandu Jewish Neo-Aramaic,Afro-Asiatic,bjf,IL,L,Israel,Asia
Basa,Niger-Congo,bzw,NG,L,Nigeria,Africa
Basa-Gumna,Niger-Congo,bsl,NG,X,Nigeria,Africa
Basa-Gurmana,Niger-Congo,buj,NG,L,Nigeria,Africa
Basaa,Niger-Congo,bas,CM,L,Cameroon,Africa
Basap,Austronesian,bdb,ID,L,Indonesia,Asia
Basay,Austronesian,byq,TW,X,Taiwan,Asia
Bashkardi,Indo-European,bsg,IR,L,Iran,Asia
Bashkort,Turkic,bak,RU,L,Russian Federation,Europe
Basketo,Afro-Asiatic,bst,ET,L,Ethiopia,Africa
Basque,Language isolate,eus,ES,L,Spain,Europe
Bassa,Niger-Congo,bsq,LR,L,Liberia,Africa
Bassa-Kontagora,Niger-Congo,bsr,NG,L,Nigeria,Africa
Bassossi,Niger-Congo,bsi,CM,L,Cameroon,Africa
Bata,Afro-Asiatic,bta,NG,L,Nigeria,Africa
Batak,Austronesian,bya,PH,L,Philippines,Asia
Batak Alas-Kluet,Austronesian,btz,ID,L,Indonesia,Asia
Batak Angkola,Austronesian,akb,ID,L,Indonesia,Asia
Batak Dairi,Austronesian,btd,ID,L,Indonesia,Asia
Batak Karo,Austronesian,btx,ID,L,Indonesia,Asia
Batak Mandailing,Austronesian,btm,ID,L,Indonesia,Asia
Batak Simalungun,Austronesian,bts,ID,L,Indonesia,Asia
Batak Toba,Austronesian,bbc,ID,L,Indonesia,Asia
Batanga,Niger-Congo,bnm,CM,L,Cameroon,Africa
Batek,Austro-Asiatic,btq,MY,L,Malaysia,Asia
Bateri,Indo-European,btv,PK,L,Pakistan,Asia
Bathari,Afro-Asiatic,bhm,OM,L,Oman,Asia
Bati,Austronesian,,,,Namibia,Africa
Bati,Niger-Congo,,,,Namibia,Africa
Bats,Nakh-Daghestanian,bbl,GE,L,Georgia,Asia
Batu,Niger-Congo,btu,NG,L,Nigeria,Africa
Batui,Austronesian,zbt,ID,L,Indonesia,Asia
Bauchi,Niger-Congo,bsf,NG,L,Nigeria,Africa
Bauni,Skou,bpe,PG,L,Papua New Guinea,Pacific
Baure,Maipurean,brg,BO,L,Bolivia,Americas
Bauria,Indo-European,bge,IN,L,India,Asia
Bauro,Austronesian,bxa,SB,L,Solomon Islands,Pacific
Bauwaki,Trans-New Guinea,bwk,PG,L,Papua New Guinea,Pacific
Bauzi,East Geelvink Bay,bvz,ID,L,Indonesia,Asia
Bavarian,Indo-European,bar,AT,L,Austria,Europe
Bay Miwok,Miwok-Costanoan,mkq,US,X,United States,Americas
Bayali,Australian,bjy,AU,X,Australia,Pacific
Baybayanon,Austronesian,bvy,PH,L,Philippines,Asia
Baygo,Nilo-Saharan,byg,SD,L,Sudan,Africa
Bayono,Bayono-Awbono,byl,ID,L,Indonesia,Asia
Bayot,Niger-Congo,bda,SN,L,Senegal,Africa
Bayungu,Australian,bxj,AU,L,Australia,Pacific
Bazigar,Indo-European,bfr,IN,L,India,Asia
Beaver,Eyak-Athabaskan,bea,CA,L,Canada,Americas
Beba,Niger-Congo,bfp,CM,L,Cameroon,Africa
Bebele,Niger-Congo,beb,CM,L,Cameroon,Africa
Bebeli,Austronesian,bek,PG,L,Papua New Guinea,Pacific
Bebil,Niger-Congo,bxp,CM,L,Cameroon,Africa
Bedamuni,Trans-New Guinea,beo,PG,L,Papua New Guinea,Pacific
Bedawiyet,Afro-Asiatic,bej,SD,L,Sudan,Africa
Bedjond,Nilo-Saharan,bjv,TD,L,Chad,Africa
Bedoanas,Austronesian,bed,ID,L,Indonesia,Asia
Beeke,Niger-Congo,bkf,CD,L,Democratic Republic of the Congo,Africa
Beele,Afro-Asiatic,bxq,NG,L,Nigeria,Africa
Beembe,Niger-Congo,beq,CG,L,Congo,Africa
Beezen,Niger-Congo,bnz,CM,L,Cameroon,Africa
Befang,Niger-Congo,bby,CM,L,Cameroon,Africa
Beginci,Austronesian,ebc,ID,L,Indonesia,Asia
Behoa,Austronesian,bep,ID,L,Indonesia,Asia
Bekwarra,Niger-Congo,bkv,NG,L,Nigeria,Africa
Bekwel,Niger-Congo,bkw,CG,L,Congo,Africa
Belait,Austronesian,beg,BN,L,Brunei,Asia
Belanda Bor,Nilo-Saharan,bxb,SS,L,South Sudan,Africa
Belanda Viri,Niger-Congo,bvi,SS,L,South Sudan,Africa
Belarusian,Indo-European,bel,BY,L,Belarus,Europe
Belhariya,Sino-Tibetan,byw,NP,L,Nepal,Asia
Beli,Nilo-Saharan,,,,Namibia,Africa
Beli,Torricelli,,,,Namibia,Africa
Belize English Creole,Creole,bzj,BZ,L,Belize,Americas
Bella Coola,Salish,blc,CA,L,Canada,Americas
Bellari,Dravidian,brw,IN,L,India,Asia
Belning,Afro-Asiatic,glb,NG,L,Nigeria,Africa
Bemba,Niger-Congo,bem,ZM,L,Zambia,Africa
Bembe,Niger-Congo,bmb,CD,L,Democratic Republic of the Congo,Africa
Bena,Niger-Congo,,,,Namibia,Africa
Bena,Niger-Congo,,,,Namibia,Africa
Benabena,Trans-New Guinea,bef,PG,L,Papua New Guinea,Pacific
Benamanga,Niger-Congo,egm,TZ,L,Tanzania,Africa
Bench,Afro-Asiatic,bcq,ET,L,Ethiopia,Africa
Bende,Niger-Congo,bdp,TZ,L,Tanzania,Africa
Bendi,Nilo-Saharan,bct,CD,L,Democratic Republic of the Congo,Africa
Beneraf,Tor-Kwerba,bnv,ID,L,Indonesia,Asia
Beng,Niger-Congo,nhb,CI,L,Côte d’Ivoire,Africa
Benga,Niger-Congo,bng,GQ,L,Equatorial Guinea,Africa
Bengali,Indo-European,ben,BD,L,Bangladesh,Asia
Benggoi,Austronesian,bgy,ID,L,Indonesia,Asia
Bentong,Austronesian,bnu,ID,L,Indonesia,Asia
Benyadu’,Austronesian,byd,ID,L,Indonesia,Asia
Beothuk,Unclassified,bue,CA,X,Canada,Americas
Bepour,Trans-New Guinea,bie,PG,L,Papua New Guinea,Pacific
Berakou,Nilo-Saharan,bxv,TD,X,Chad,Africa
"Berawan, Central",Austronesian,zbc,MY,L,Malaysia,Asia
"Berawan, East",Austronesian,zbe,MY,L,Malaysia,Asia
"Berawan, West",Austronesian,zbw,MY,L,Malaysia,Asia
Berbice Dutch Creole,Creole,brc,GY,X,Guyana,Americas
Berik,Tor-Kwerba,bkl,ID,L,Indonesia,Asia
Berinomo,Sepik,bit,PG,L,Papua New Guinea,Pacific
Bermejo Wichí,Matacoan,wlv,AR,L,Argentina,Americas
Berom,Niger-Congo,bom,NG,L,Nigeria,Africa
Berta,Nilo-Saharan,wti,ET,L,Ethiopia,Africa
Berti,Nilo-Saharan,byt,SD,X,Sudan,Africa
Besme,Niger-Congo,bes,TD,L,Chad,Africa
Betaf,Tor-Kwerba,bfe,ID,L,Indonesia,Asia
Betawi,Creole,bew,ID,L,Indonesia,Asia
Bete,Niger-Congo,byf,NG,L,Nigeria,Africa
Bete-Bendi,Niger-Congo,btt,NG,L,Nigeria,Africa
"Bété, Daloa",Niger-Congo,bev,CI,L,Côte d’Ivoire,Africa
"Bété, Gagnoa",Niger-Congo,btg,CI,L,Côte d’Ivoire,Africa
"Bété, Guiberoua",Niger-Congo,bet,CI,L,Côte d’Ivoire,Africa
Beti,Niger-Congo,eot,CI,L,Côte d’Ivoire,Africa
Bezhta,Nakh-Daghestanian,kap,RU,L,Russian Federation,Europe
Bhadrawahi,Indo-European,bhd,IN,L,India,Asia
Bhalay,Indo-European,bhx,IN,L,India,Asia
Bharia,Dravidian,bha,IN,L,India,Asia
Bhatri,Indo-European,bgw,IN,L,India,Asia
Bhattiyali,Indo-European,bht,IN,L,India,Asia
Bhaya,Indo-European,bhe,PK,L,Pakistan,Asia
Bhele,Niger-Congo,bhy,CD,L,Democratic Republic of the Congo,Africa
Bhilali,Indo-European,bhi,IN,L,India,Asia
Bhili,Indo-European,bhb,IN,L,India,Asia
Bhogoto,Niger-Congo,bdt,CF,L,Central African Republic,Africa
Bhojpuri,Indo-European,bho,IN,L,India,Asia
Bhujel,Sino-Tibetan,byh,NP,L,Nepal,Asia
Bhunjia,Indo-European,bhu,IN,L,India,Asia
Biafada,Niger-Congo,bif,GW,L,Guinea-Bissau,Africa
Biage,Trans-New Guinea,bdf,PG,L,Papua New Guinea,Pacific
Biak,Austronesian,bhw,ID,L,Indonesia,Asia
Biali,Niger-Congo,beh,BJ,L,Benin,Africa
Biangai,Trans-New Guinea,big,PG,L,Papua New Guinea,Pacific
Biao,Kra-Dai,byk,CN,L,China,Asia
Biao Mon,Hmong-Mien,bmt,CN,L,China,Asia
Biao-Jiao Mien,Hmong-Mien,bje,CN,L,China,Asia
Biate,Sino-Tibetan,biu,IN,L,India,Asia
Bibbulman,Australian,xbp,AU,X,Australia,Pacific
Bidayuh Serian,Austronesian,sdo,MY,L,Malaysia,Asia
"Bidayuh, Bau",Austronesian,sne,MY,L,Malaysia,Asia
"Bidayuh, Biatah",Austronesian,bth,MY,L,Malaysia,Asia
"Bidayuh, Tringgus-Sembaan",Austronesian,trx,MY,L,Malaysia,Asia
Bidhawal,Australian,ihw,AU,X,Australia,Pacific
Bidiyo,Afro-Asiatic,bid,TD,L,Chad,Africa
Bidjara,Australian,bym,AU,X,Australia,Pacific
Biem,Austronesian,bmc,PG,L,Papua New Guinea,Pacific
Bierebo,Austronesian,bnk,VU,L,Vanuatu,Pacific
Bieria,Austronesian,brj,VU,L,Vanuatu,Pacific
Biga,Austronesian,bhc,ID,L,Indonesia,Asia
Bigambal,Australian,xbe,AU,X,Australia,Pacific
Bih,Austronesian,ibh,VN,L,Vietnam,Asia
Bijagó,Niger-Congo,bjg,GW,L,Guinea-Bissau,Africa
Bijim,Niger-Congo,jbm,NG,L,Nigeria,Africa
Bijori,Austro-Asiatic,bix,IN,L,India,Asia
"Bikol, Buhi’non",Austronesian,ubl,PH,L,Philippines,Asia
"Bikol, Central",Austronesian,bcl,PH,L,Philippines,Asia
"Bikol, Libon",Austronesian,lbl,PH,L,Philippines,Asia
"Bikol, Miraya",Austronesian,rbl,PH,L,Philippines,Asia
"Bikol, Northern Catanduanes",Austronesian,cts,PH,L,Philippines,Asia
"Bikol, Rinconada",Austronesian,bto,PH,L,Philippines,Asia
"Bikol, Southern Catanduanes",Austronesian,bln,PH,L,Philippines,Asia
"Bikol, West Albay",Austronesian,fbl,PH,L,Philippines,Asia
Bikya,Niger-Congo,byb,CM,X,Cameroon,Africa
Bila,Niger-Congo,bip,CD,L,Democratic Republic of the Congo,Africa
Bilaspuri,Indo-European,kfs,IN,L,India,Asia
Bilba,Austronesian,bpz,ID,L,Indonesia,Asia
Bilbil,Austronesian,brz,PG,L,Papua New Guinea,Pacific
Bilen,Afro-Asiatic,byn,ER,L,Eritrea,Africa
Bille,Niger-Congo,bil,NG,L,Nigeria,Africa
Biloxi,Siouan-Catawban,bll,US,X,United States,Americas
Bilua,Central Solomons,blb,SB,L,Solomon Islands,Pacific
Bima,Austronesian,bhp,ID,L,Indonesia,Asia
Bimin,Trans-New Guinea,bhl,PG,L,Papua New Guinea,Pacific
Bimoba,Niger-Congo,bim,GH,L,Ghana,Africa
Bina,Austronesian,,,,Namibia,Africa
Bina,Niger-Congo,,,,Namibia,Africa
Binahari,Trans-New Guinea,bxz,PG,L,Papua New Guinea,Pacific
Binandere,Trans-New Guinea,bhg,PG,L,Papua New Guinea,Pacific
Bindal,Australian,xbd,AU,X,Australia,Pacific
Bindji,Niger-Congo,bpj,CD,L,Democratic Republic of the Congo,Africa
Bine,Eastern Trans-Fly,bon,PG,L,Papua New Guinea,Pacific
Bintauna,Austronesian,bne,ID,L,Indonesia,Asia
Binukid,Austronesian,bkd,PH,L,Philippines,Asia
"Binukidnon, Northern",Austronesian,kyn,PH,L,Philippines,Asia
"Binukidnon, Southern",Austronesian,mtw,PH,L,Philippines,Asia
Binumarien,Trans-New Guinea,bjr,PG,L,Papua New Guinea,Pacific
Bipi,Austronesian,biq,PG,L,Papua New Guinea,Pacific
Bira,Niger-Congo,brf,CD,L,Democratic Republic of the Congo,Africa
Birao,Austronesian,brr,SB,L,Solomon Islands,Pacific
Birgit,Afro-Asiatic,btf,TD,L,Chad,Africa
Birhor,Austro-Asiatic,biy,IN,L,India,Asia
Biri,Australian,bzr,AU,L,Australia,Pacific
"Birifor, Malba",Niger-Congo,bfo,BF,L,Burkina Faso,Africa
"Birifor, Southern",Niger-Congo,biv,GH,L,Ghana,Africa
Biritai,Lakes Plain,bqq,ID,L,Indonesia,Asia
Birked,Nilo-Saharan,brk,SD,X,Sudan,Africa
Birri,Nilo-Saharan,bvq,CF,L,Central African Republic,Africa
Birrpayi,Australian,xbj,AU,X,Australia,Pacific
Birwa,Niger-Congo,brl,BW,L,Botswana,Africa
Bisa,Niger-Congo,bib,BF,L,Burkina Faso,Africa
Bisã,Niger-Congo,bqp,NG,L,Nigeria,Africa
"Bisaya, Brunei",Austronesian,bsb,BN,L,Brunei,Asia
"Bisaya, Sabah",Austronesian,bsy,MY,L,Malaysia,Asia
Biseni,Niger-Congo,ije,NG,L,Nigeria,Africa
Bishnupuriya,Indo-European,bpy,IN,L,India,Asia
Bishuo,Niger-Congo,bwh,CM,X,Cameroon,Africa
Bisis,Sepik,bnw,PG,L,Papua New Guinea,Pacific
Bislama,Creole,bis,VU,L,Vanuatu,Pacific
Bisorio,Trans-New Guinea,bir,PG,L,Papua New Guinea,Pacific
Bisu,Sino-Tibetan,bzi,TH,L,Thailand,Asia
Bit,Austro-Asiatic,bgk,LA,L,Laos,Asia
Bitare,Niger-Congo,brt,NG,L,Nigeria,Africa
Bitur,Trans-New Guinea,mcc,PG,L,Papua New Guinea,Pacific
Biwat,Yuat,bwm,PG,L,Papua New Guinea,Pacific
Biyo,Sino-Tibetan,byo,CN,L,China,Asia
Biyom,Trans-New Guinea,bpm,PG,L,Papua New Guinea,Pacific
"Blaan, Koronadal",Austronesian,bpr,PH,L,Philippines,Asia
"Blaan, Sarangani",Austronesian,bps,PH,L,Philippines,Asia
Blablanga,Austronesian,blp,SB,L,Solomon Islands,Pacific
Blackfoot,Algic,bla,CA,L,Canada,Americas
Blafe,South-Central Papuan,bfh,PG,L,Papua New Guinea,Pacific
Blagar,Trans-New Guinea,beu,ID,L,Indonesia,Asia
Blang,Austro-Asiatic,blr,CN,L,China,Asia
Bo,Arai (Left May),,,,Namibia,Africa
Bo,Austro-Asiatic,,,,Namibia,Africa
Bo-Rukul,Niger-Congo,mae,NG,L,Nigeria,Africa
Bo-Ung,Trans-New Guinea,mux,PG,L,Papua New Guinea,Pacific
Boano,Austronesian,bzl,ID,L,Indonesia,Asia
"Bobo Madaré, Southern",Niger-Congo,bwq,BF,L,Burkina Faso,Africa
Bobongko,Austronesian,bgb,ID,L,Indonesia,Asia
Bobot,Austronesian,bty,ID,L,Indonesia,Asia
Bodo,Niger-Congo,boy,CF,L,Central African Republic,Africa
Bodo Parja,Indo-European,bdv,IN,L,India,Asia
Bofi,Niger-Congo,bff,CF,L,Central African Republic,Africa
Boga,Afro-Asiatic,bvw,NG,L,Nigeria,Africa
Bogaya,Trans-New Guinea,boq,PG,L,Papua New Guinea,Pacific
Boghom,Afro-Asiatic,bux,NG,L,Nigeria,Africa
Bogkalot,Austronesian,ilk,PH,L,Philippines,Asia
Boguru,Niger-Congo,bqu,CD,L,Democratic Republic of the Congo,Africa
Bohtan Neo-Aramaic,Afro-Asiatic,bhn,GE,L,Georgia,Asia
Boikin,Sepik,bzf,PG,L,Papua New Guinea,Pacific
Bokha,Sino-Tibetan,ybk,CN,L,China,Asia
Boko,Niger-Congo,,,,Namibia,Africa
Boko,Niger-Congo,,,,Namibia,Africa
Bokobaru,Niger-Congo,bus,NG,L,Nigeria,Africa
Bokyi,Niger-Congo,bky,NG,L,Nigeria,Africa
Bola,Austronesian,bnp,PG,L,Papua New Guinea,Pacific
Bolango,Austronesian,bld,ID,L,Indonesia,Asia
Bole,Afro-Asiatic,bol,NG,L,Nigeria,Africa
Bolgo,Niger-Congo,bvo,TD,L,Chad,Africa
Bolia,Niger-Congo,bli,CD,L,Democratic Republic of the Congo,Africa
Bolinao,Austronesian,smk,PH,L,Philippines,Asia
Boloki,Niger-Congo,bkt,CD,L,Democratic Republic of the Congo,Africa
Bolon,Niger-Congo,bof,BF,L,Burkina Faso,Africa
Bolondo,Niger-Congo,bzm,CD,L,Democratic Republic of the Congo,Africa
Bolyu,Austro-Asiatic,ply,CN,L,China,Asia
Bom-Kim,Niger-Congo,bmf,SL,L,Sierra Leone,Africa
Boma,Niger-Congo,boh,CD,L,Democratic Republic of the Congo,Africa
Bomboli,Niger-Congo,bml,CD,L,Democratic Republic of the Congo,Africa
Bomboma,Niger-Congo,bws,CD,L,Democratic Republic of the Congo,Africa
Bomitaba,Niger-Congo,zmx,CG,L,Congo,Africa
Bomu,Niger-Congo,bmq,ML,L,Mali,Africa
Bomwali,Niger-Congo,bmw,CG,L,Congo,Africa
Bon Gula,Niger-Congo,glc,TD,L,Chad,Africa
Bonan,Mongolic,peh,CN,L,China,Asia
Bondei,Niger-Congo,bou,TZ,L,Tanzania,Africa
Bondo,Austro-Asiatic,bfw,IN,L,India,Asia
Bonerate,Austronesian,bna,ID,L,Indonesia,Asia
Bonggi,Austronesian,bdg,MY,L,Malaysia,Asia
Bonggo,Austronesian,bpg,ID,L,Indonesia,Asia
Bongili,Niger-Congo,bui,CG,L,Congo,Africa
Bongo,Nilo-Saharan,bot,SS,L,South Sudan,Africa
Bongu,Trans-New Guinea,bpu,PG,L,Papua New Guinea,Pacific
Bonjo,Niger-Congo,bok,CG,L,Congo,Africa
Bonkeng,Niger-Congo,bvg,CM,L,Cameroon,Africa
Bonkiman,Trans-New Guinea,bop,PG,L,Papua New Guinea,Pacific
"Bontok, Central",Austronesian,lbk,PH,L,Philippines,Asia
"Bontok, Eastern",Austronesian,ebk,PH,L,Philippines,Asia
"Bontok, Northern",Austronesian,rbk,PH,L,Philippines,Asia
"Bontok, Southern",Austronesian,obk,PH,L,Philippines,Asia
"Bontok, Southwestern",Austronesian,vbk,PH,L,Philippines,Asia
Boon,Afro-Asiatic,bnl,SO,L,Somalia,Africa
Boor,Afro-Asiatic,bvf,TD,L,Chad,Africa
Bora,Witotoan,boa,PE,L,Peru,Americas
Borna,Afro-Asiatic,bwo,ET,L,Ethiopia,Africa
Boro,Niger-Congo,,,,Namibia,Africa
Boro,Sino-Tibetan,,,,Namibia,Africa
Borong,Trans-New Guinea,ksr,PG,L,Papua New Guinea,Pacific
Borôro,Bororoan,bor,BR,L,Brazil,Americas
Boruca,Chibchan,brn,CR,L,Costa Rica,Americas
Boselewa,Austronesian,bwf,PG,L,Papua New Guinea,Pacific
Bosmun,Ramu-Lower Sepik,bqs,PG,L,Papua New Guinea,Pacific
Bosnian,Indo-European,bos,BA,L,Bosnia and Herzegovina,Europe
Bote,Indo-European,bmj,NP,L,Nepal,Asia
Botlikh,Nakh-Daghestanian,bph,RU,L,Russian Federation,Europe
Bouni,Skou,suo,PG,L,Papua New Guinea,Pacific
Bouyei,Kra-Dai,pcc,CN,L,China,Asia
Bozaba,Niger-Congo,bzo,CD,L,Democratic Republic of the Congo,Africa
"Bozo, Jenaama",Niger-Congo,bze,ML,L,Mali,Africa
"Bozo, Kelengaxo",Niger-Congo,bzx,ML,L,Mali,Africa
"Bozo, Tiemacèwè",Niger-Congo,boo,ML,L,Mali,Africa
"Bozo, Tieyaxo",Niger-Congo,boz,ML,L,Mali,Africa
Bragat,Torricelli,aof,PG,L,Papua New Guinea,Pacific
Brahui,Dravidian,brh,PK,L,Pakistan,Asia
Braj Bhasha,Indo-European,bra,IN,L,India,Asia
Brao,Austro-Asiatic,brb,LA,L,Laos,Asia
Brem,Trans-New Guinea,buq,PG,L,Papua New Guinea,Pacific
Breri,Ramu-Lower Sepik,brq,PG,L,Papua New Guinea,Pacific
Breton,Indo-European,bre,FR,L,France,Europe
Bribri,Chibchan,bzd,CR,L,Costa Rica,Americas
Brokkat,Sino-Tibetan,bro,BT,L,Bhutan,Asia
Brokpake,Sino-Tibetan,sgt,BT,L,Bhutan,Asia
Brokskat,Indo-European,bkk,IN,L,India,Asia
Broome Pearling Lugger Pidgin,Pidgin,bpl,AU,L,Australia,Pacific
"Bru, Eastern",Austro-Asiatic,bru,LA,L,Laos,Asia
"Bru, Western",Austro-Asiatic,brv,LA,L,Laos,Asia
Brunei,Austronesian,kxd,BN,L,Brunei,Asia
Bu,Afro-Asiatic,,,,Namibia,Africa
Bu,Niger-Congo,,,,Namibia,Africa
Bua,Niger-Congo,bub,TD,L,Chad,Africa
Buamu,Niger-Congo,box,BF,L,Burkina Faso,Africa
"Buang, Central",Austronesian,bzh,PG,L,Papua New Guinea,Pacific
"Buang, Mangga",Austronesian,mmo,PG,L,Papua New Guinea,Pacific
Bube,Niger-Congo,bvb,GQ,L,Equatorial Guinea,Africa
Bubi,Niger-Congo,buw,GA,L,Gabon,Africa
Bubia,Niger-Congo,bbx,CM,L,Cameroon,Africa
Budibud,Austronesian,btp,PG,L,Papua New Guinea,Pacific
Budja,Niger-Congo,bja,CD,L,Democratic Republic of the Congo,Africa
Budong-Budong,Austronesian,bdx,ID,L,Indonesia,Asia
Budu,Niger-Congo,buu,CD,L,Democratic Republic of the Congo,Africa
Budukh,Nakh-Daghestanian,bdk,AZ,L,Azerbaijan,Asia
Buduma,Afro-Asiatic,bdm,TD,L,Chad,Africa
Bugan,Austro-Asiatic,bbh,CN,L,China,Asia
Bugawac,Austronesian,buk,PG,L,Papua New Guinea,Pacific
Bughotu,Austronesian,bgt,SB,L,Solomon Islands,Pacific
Bugis,Austronesian,bug,ID,L,Indonesia,Asia
Buglere,Chibchan,sab,PA,L,Panama,Americas
Bugun,Sino-Tibetan,bgg,IN,L,India,Asia
Buhid,Austronesian,bku,PH,L,Philippines,Asia
Buhutu,Austronesian,bxh,PG,L,Papua New Guinea,Pacific
Bukat,Austronesian,bvk,ID,L,Indonesia,Asia
Bukharic,Indo-European,bhh,UZ,L,Uzbekistan,Asia
Bukitan,Austronesian,bkn,ID,L,Indonesia,Asia
Bukiyip,Torricelli,ape,PG,L,Papua New Guinea,Pacific
Bukpe,Niger-Congo,ukp,NG,L,Nigeria,Africa
Buksa,Indo-European,tkb,IN,L,India,Asia
Bukusu,Niger-Congo,bxk,KE,L,Kenya,Africa
Bukwen,Niger-Congo,buz,NG,L,Nigeria,Africa
Bulgarian,Indo-European,bul,BG,L,Bulgaria,Europe
Buli,Afro-Asiatic,,,,Namibia,Africa
Buli,Austronesian,,,,Namibia,Africa
Buli,Niger-Congo,,,,Namibia,Africa
Bullom So,Niger-Congo,buy,SL,L,Sierra Leone,Africa
Bulu,Austronesian,,,,Namibia,Africa
Bulu,Niger-Congo,,,,Namibia,Africa
Bulungan,Austronesian,blj,ID,L,Indonesia,Asia
Bum,Niger-Congo,bmv,CM,L,Cameroon,Africa
Bumaji,Niger-Congo,byp,NG,L,Nigeria,Africa
Bumang,Austro-Asiatic,bvp,CN,L,China,Asia
Bumthangkha,Sino-Tibetan,kjz,BT,L,Bhutan,Asia
Bun,Yuat,buv,PG,L,Papua New Guinea,Pacific
Buna,Torricelli,bvn,PG,L,Papua New Guinea,Pacific
Bunak,Trans-New Guinea,bfn,TL,L,East Timor,Asia
Bunama,Austronesian,bdd,PG,L,Papua New Guinea,Pacific
Bundeli,Indo-European,bns,IN,L,India,Asia
Bung,Unclassified,bqd,CM,X,Cameroon,Africa
Bungain,Torricelli,but,PG,L,Papua New Guinea,Pacific
Bunganditj,Australian,xbg,AU,X,Australia,Pacific
Bungku,Austronesian,bkz,ID,L,Indonesia,Asia
Bungu,Niger-Congo,wun,TZ,L,Tanzania,Africa
"Bunu, Bu-Nao",Hmong-Mien,bwx,CN,L,China,Asia
"Bunu, Jiongnai",Hmong-Mien,pnu,CN,L,China,Asia
"Bunu, Wunai",Hmong-Mien,bwn,CN,L,China,Asia
"Bunu, Younuo",Hmong-Mien,buh,CN,L,China,Asia
Bunuba,Australian,bck,AU,L,Australia,Pacific
Bunun,Austronesian,bnn,TW,L,Taiwan,Asia
Buol,Austronesian,blf,ID,L,Indonesia,Asia
Bura-Pabir,Afro-Asiatic,bwr,NG,L,Nigeria,Africa
Burak,Niger-Congo,bys,NG,L,Nigeria,Africa
Buraka,Niger-Congo,bkg,CF,L,Central African Republic,Africa
Burarra,Australian,bvr,AU,L,Australia,Pacific
Burate,East Geelvink Bay,bti,ID,L,Indonesia,Asia
Burduna,Australian,bxn,AU,X,Australia,Pacific
Bure,Afro-Asiatic,bvh,NG,L,Nigeria,Africa
"Buriat, China",Mongolic,bxu,CN,L,China,Asia
"Buriat, Mongolia",Mongolic,bxm,MN,L,Mongolia,Asia
"Buriat, Russia",Mongolic,bxr,RU,L,Russian Federation,Europe
Burji,Afro-Asiatic,bji,ET,L,Ethiopia,Africa
Burku,Afro-Asiatic,bbt,NG,L,Nigeria,Africa
Burmese,Sino-Tibetan,mya,MM,L,Myanmar,Asia
Burmeso,East Bird’s Head-Sentani,bzu,ID,L,Indonesia,Asia
Buru,Austronesian,,,,Namibia,Africa
Buru,Niger-Congo,,,,Namibia,Africa
Burui,Sepik,bry,PG,L,Papua New Guinea,Pacific
Burumakok,Trans-New Guinea,aip,ID,L,Indonesia,Asia
Burun,Nilo-Saharan,bdi,SD,L,Sudan,Africa
Burunge,Afro-Asiatic,bds,TZ,L,Tanzania,Africa
Burushaski,Language isolate,bsk,PK,L,Pakistan,Asia
Burusu,Austronesian,bqr,ID,L,Indonesia,Asia
Buruwai,Trans-New Guinea,asi,ID,L,Indonesia,Asia
Busam,Niger-Congo,bxs,CM,L,Cameroon,Africa
Busami,Austronesian,bsm,ID,L,Indonesia,Asia
Bushi,Austronesian,buc,YT,L,Mayotte,Africa
Bushoong,Niger-Congo,buf,CD,L,Democratic Republic of the Congo,Africa
Buso,Afro-Asiatic,bso,TD,L,Chad,Africa
Busoa,Austronesian,bup,ID,L,Indonesia,Asia
Busuu,Niger-Congo,bju,CM,X,Cameroon,Africa
Butchulla,Australian,xby,AU,L,Australia,Pacific
Butuanon,Austronesian,btw,PH,L,Philippines,Asia
Buwal,Afro-Asiatic,bhs,CM,L,Cameroon,Africa
"Buyang, Baha",Kra-Dai,yha,CN,L,China,Asia
"Buyang, E’ma",Kra-Dai,yzg,CN,L,China,Asia
"Buyang, Langnian",Kra-Dai,yln,CN,L,China,Asia
Buyu,Niger-Congo,byi,CD,L,Democratic Republic of the Congo,Africa
Bwa,Niger-Congo,bww,CD,L,Democratic Republic of the Congo,Africa
Bwaidoka,Austronesian,bwd,PG,L,Papua New Guinea,Pacific
"Bwamu, Cwi",Niger-Congo,bwy,BF,L,Burkina Faso,Africa
"Bwamu, Láá Láá",Niger-Congo,bwj,BF,L,Burkina Faso,Africa
Bwanabwana,Austronesian,tte,PG,L,Papua New Guinea,Pacific
Bwatoo,Austronesian,bwa,NC,L,New Caledonia,Pacific
Bwela,Niger-Congo,bwl,CD,L,Democratic Republic of the Congo,Africa
Bwile,Niger-Congo,bwc,ZM,L,Zambia,Africa
Bwisi,Niger-Congo,bwz,CG,L,Congo,Africa
Byangsi,Sino-Tibetan,bee,IN,L,India,Asia
Byep,Niger-Congo,mkk,CM,L,Cameroon,Africa
C’Lela,Niger-Congo,dri,NG,L,Nigeria,Africa
Caac,Austronesian,msq,NC,L,New Caledonia,Pacific
Cabécar,Chibchan,cjp,CR,L,Costa Rica,Americas
Cabiyarí,Maipurean,cbb,CO,L,Colombia,Americas
Cacaopera,Misumalpan,ccr,SV,X,El Salvador,Americas
Cacua,Puinavean,cbv,CO,L,Colombia,Americas
Caddo,Caddoan,cad,US,L,United States,Americas
Cafundo Creole,Creole,ccd,BR,L,Brazil,Americas
Cahuarano,Zaparoan,cah,PE,X,Peru,Americas
Cahuilla,Uto-Aztecan,chl,US,L,United States,Americas
Cahungwarya,Niger-Congo,nat,NG,L,Nigeria,Africa
Caka,Niger-Congo,ckx,CM,L,Cameroon,Africa
Cakfem-Mushere,Afro-Asiatic,cky,NG,L,Nigeria,Africa
Callawalla,Language isolate,caw,BO,L,Bolivia,Americas
Caló,Mixed language,rmq,ES,L,Spain,Europe
Caluyanun,Austronesian,clu,PH,L,Philippines,Asia
Camsá,Language isolate,kbh,CO,L,Colombia,Americas
Camtho,Mixed language,cmt,ZA,L,South Africa,Africa
Canela,Jean,ram,BR,L,Brazil,Americas
Canichana,Language isolate,caz,BO,L,Bolivia,Americas
Cao Lan,Kra-Dai,mlc,VN,L,Vietnam,Asia
Cao Miao,Kra-Dai,cov,CN,L,China,Asia
Capanahua,Panoan,kaq,PE,L,Peru,Americas
Capiznon,Austronesian,cps,PH,L,Philippines,Asia
Cappadocian Greek,Indo-European,cpg,GR,L,Greece,Europe
Caquinte,Maipurean,cot,PE,L,Peru,Americas
Cara,Niger-Congo,cfd,NG,L,Nigeria,Africa
Carabayo,Unclassified,cby,CO,L,Colombia,Americas
Caramanta,Paezan,crf,CO,X,Colombia,Americas
Carapana,Tucanoan,cbc,CO,L,Colombia,Americas
Carib,Cariban,car,VE,L,Venezuela,Americas
Carijona,Cariban,cbd,CO,L,Colombia,Americas
Carolina Algonquian,Algic,crr,US,X,United States,Americas
Carolinian,Austronesian,cal,MP,L,Northern Mariana Islands,Pacific
Carrier,Eyak-Athabaskan,crx,CA,L,Canada,Americas
"Carrier, Southern",Eyak-Athabaskan,caf,CA,L,Canada,Americas
Catalan,Indo-European,cat,ES,L,Spain,Europe
Catawba,Siouan-Catawban,chc,US,L,United States,Americas
Cavineña,Tacanan,cav,BO,L,Bolivia,Americas
Cayubaba,Language isolate,cyb,BO,L,Bolivia,Americas
Cayuga,Iroquoian,cay,CA,L,Canada,Americas
Cayuse,Language isolate,xcy,US,X,United States,Americas
Cebuano,Austronesian,ceb,PH,L,Philippines,Asia
Cemuhî,Austronesian,cam,NC,L,New Caledonia,Pacific
Centúúm,Language isolate,cet,NG,X,Nigeria,Africa
Cerma,Niger-Congo,cme,BF,L,Burkina Faso,Africa
Ch’orti’,Mayan,caa,GT,L,Guatemala,Americas
Cha’ari,Afro-Asiatic,cxh,NG,L,Nigeria,Africa
Chachi,Barbacoan,cbi,EC,L,Ecuador,Americas
Chácobo,Panoan,cao,BO,L,Bolivia,Americas
Chadong,Kra-Dai,cdy,CN,L,China,Asia
Chagatai,Turkic,chg,TM,X,Turkmenistan,Asia
Chaima,Cariban,ciy,VE,L,Venezuela,Americas
Chak,Sino-Tibetan,ckh,BD,L,Bangladesh,Asia
Chakali,Niger-Congo,cli,GH,L,Ghana,Africa
Chakavian,Indo-European,ckm,HR,L,Croatia,Europe
Chakma,Indo-European,ccp,BD,L,Bangladesh,Asia
Chala,Niger-Congo,cll,GH,L,Ghana,Africa
Chaldean Neo-Aramaic,Afro-Asiatic,cld,IQ,L,Iraq,Asia
Chalikha,Sino-Tibetan,tgf,BT,L,Bhutan,Asia
Cham,Niger-Congo,cfa,NG,L,Nigeria,Africa
"Cham, Eastern",Austronesian,cjm,VN,L,Vietnam,Asia
"Cham, Western",Austronesian,cja,KH,L,Cambodia,Asia
Chamacoco,Zamucoan,ceg,PY,L,Paraguay,Americas
Chamalal,Nakh-Daghestanian,cji,RU,L,Russian Federation,Europe
Chambeali,Indo-European,cdh,IN,L,India,Asia
Chambri,Ramu-Lower Sepik,can,PG,L,Papua New Guinea,Pacific
Chamicuro,Maipurean,ccc,PE,L,Peru,Americas
Chamling,Sino-Tibetan,rab,NP,L,Nepal,Asia
Chamorro,Austronesian,cha,GU,L,Guam,Pacific
Chané,Maipurean,caj,BO,X,Bolivia,Americas
Changriwa,Yuat,cga,PG,L,Papua New Guinea,Pacific
Changthang,Sino-Tibetan,cna,IN,L,India,Asia
Chantyal,Sino-Tibetan,chx,NP,L,Nepal,Asia
"Chatino, Eastern Highland",Otomanguean,cly,MX,L,Mexico,Americas
"Chatino, Nopala",Otomanguean,cya,MX,L,Mexico,Americas
"Chatino, Tataltepec",Otomanguean,cta,MX,L,Mexico,Americas
"Chatino, Western Highland",Otomanguean,ctp,MX,L,Mexico,Americas
"Chatino, Zacatepec",Otomanguean,ctz,MX,L,Mexico,Americas
"Chatino, Zenzontepec",Otomanguean,czn,MX,L,Mexico,Americas
Chaudangsi,Sino-Tibetan,cdn,IN,L,India,Asia
Chaura,Austro-Asiatic,crv,IN,L,India,Asia
Chavacano,Creole,cbk,PH,L,Philippines,Asia
Chechen,Nakh-Daghestanian,che,RU,L,Russian Federation,Europe
"Chehalis, Lower",Salish,cea,US,L,United States,Americas
"Chehalis, Upper",Salish,cjh,US,L,United States,Americas
Cheke Holo,Austronesian,mrn,SB,L,Solomon Islands,Pacific
Chemakum,Chimakuan,xch,US,X,United States,Americas
Chenapian,Sepik,cjn,PG,L,Papua New Guinea,Pacific
Chenchu,Dravidian,cde,IN,L,India,Asia
Chenoua,Afro-Asiatic,cnu,DZ,L,Algeria,Africa
Chepang,Sino-Tibetan,cdm,NP,L,Nepal,Asia
Chepya,Sino-Tibetan,ycp,LA,L,Laos,Asia
Cheq Wong,Austro-Asiatic,cwg,MY,L,Malaysia,Asia
Cherepon,Niger-Congo,cpn,GH,L,Ghana,Africa
Cherokee,Iroquoian,chr,US,L,United States,Americas
Chesu,Sino-Tibetan,ych,CN,L,China,Asia
Chetco,Eyak-Athabaskan,ctc,US,L,United States,Americas
"Chetti, Moundadan",Mixed language,cty,IN,L,India,Asia
"Chetti, Wayanad",Dravidian,ctt,IN,L,India,Asia
Cheyenne,Algic,chy,US,L,United States,Americas
Chhattisgarhi,Indo-European,hne,IN,L,India,Asia
Chhiling,Sino-Tibetan,cur,NP,L,Nepal,Asia
Chhintang,Sino-Tibetan,ctn,NP,L,Nepal,Asia
Chiapanec,Otomanguean,cip,MX,L,Mexico,Americas
Chibcha,Chibchan,chb,CO,L,Colombia,Americas
Chichewa,Niger-Congo,nya,MW,L,Malawi,Africa
Chichimeco-Jonaz,Otomanguean,pei,MX,L,Mexico,Americas
Chichonyi-Chidzihana-Chikauma,Niger-Congo,coh,KE,L,Kenya,Africa
Chickasaw,Muskogean,cic,US,L,United States,Americas
Chicomuceltec,Mayan,cob,MX,L,Mexico,Americas
Chidigo,Niger-Congo,dig,KE,L,Kenya,Africa
Chiduruma,Niger-Congo,dug,KE,L,Kenya,Africa
Chiga,Niger-Congo,cgg,UG,L,Uganda,Africa
Chilcotin,Eyak-Athabaskan,clc,CA,L,Canada,Americas
Chilisso,Indo-European,clh,PK,L,Pakistan,Asia
Chimariko,Language isolate,cid,US,X,United States,Americas
Chimila,Chibchan,cbg,CO,L,Colombia,Americas
"Chin, Anu-Khongso",Sino-Tibetan,anl,MM,L,Myanmar,Asia
"Chin, Asho",Sino-Tibetan,csh,MM,L,Myanmar,Asia
"Chin, Bawm",Sino-Tibetan,bgr,IN,L,India,Asia
"Chin, Bualkhaw",Sino-Tibetan,cbl,MM,L,Myanmar,Asia
"Chin, Daai",Sino-Tibetan,dao,MM,L,Myanmar,Asia
"Chin, Eastern Khumi",Sino-Tibetan,cek,MM,L,Myanmar,Asia
"Chin, Falam",Sino-Tibetan,cfm,MM,L,Myanmar,Asia
"Chin, Hakha",Sino-Tibetan,cnh,MM,L,Myanmar,Asia
"Chin, Kaang",Sino-Tibetan,ckn,MM,L,Myanmar,Asia
"Chin, Khumi",Sino-Tibetan,cnk,MM,L,Myanmar,Asia
"Chin, Laitu",Sino-Tibetan,clj,MM,L,Myanmar,Asia
"Chin, Läoktü",Sino-Tibetan,cey,MM,L,Myanmar,Asia
"Chin, Lautu",Sino-Tibetan,clt,MM,L,Myanmar,Asia
"Chin, Matu",Sino-Tibetan,hlt,MM,L,Myanmar,Asia
"Chin, Müün",Sino-Tibetan,mwq,MM,L,Myanmar,Asia
"Chin, Ngawn",Sino-Tibetan,cnw,MM,L,Myanmar,Asia
"Chin, Paite",Sino-Tibetan,pck,IN,L,India,Asia
"Chin, Rawngtu",Sino-Tibetan,weu,MM,L,Myanmar,Asia
"Chin, Rungtu",Sino-Tibetan,rtc,MM,L,Myanmar,Asia
"Chin, Senthang",Sino-Tibetan,sez,MM,L,Myanmar,Asia
"Chin, Siyin",Sino-Tibetan,csy,MM,L,Myanmar,Asia
"Chin, Songlai",Sino-Tibetan,csj,MM,L,Myanmar,Asia
"Chin, Sumtu",Sino-Tibetan,csv,MM,L,Myanmar,Asia
"Chin, Tawr",Sino-Tibetan,tcp,MM,L,Myanmar,Asia
"Chin, Tedim",Sino-Tibetan,ctd,MM,L,Myanmar,Asia
"Chin, Thado",Sino-Tibetan,tcz,IN,L,India,Asia
"Chin, Thaiphum",Sino-Tibetan,cth,MM,L,Myanmar,Asia
"Chin, Uppu",Sino-Tibetan,cnb,MM,L,Myanmar,Asia
"Chin, Zotung",Sino-Tibetan,czt,MM,L,Myanmar,Asia
"Chin, Zyphe",Sino-Tibetan,zyp,MM,L,Myanmar,Asia
Chinali,Indo-European,cih,IN,L,India,Asia
"Chinantec, Chiltepec",Otomanguean,csa,MX,L,Mexico,Americas
"Chinantec, Comaltepec",Otomanguean,cco,MX,L,Mexico,Americas
"Chinantec, Lalana",Otomanguean,cnl,MX,L,Mexico,Americas
"Chinantec, Lealao",Otomanguean,cle,MX,L,Mexico,Americas
"Chinantec, Ojitlán",Otomanguean,chj,MX,L,Mexico,Americas
"Chinantec, Ozumacín",Otomanguean,chz,MX,L,Mexico,Americas
"Chinantec, Palantla",Otomanguean,cpa,MX,L,Mexico,Americas
"Chinantec, Quiotepec",Otomanguean,chq,MX,L,Mexico,Americas
"Chinantec, Sochiapam",Otomanguean,cso,MX,L,Mexico,Americas
"Chinantec, Tepetotutla",Otomanguean,cnt,MX,L,Mexico,Americas
"Chinantec, Tepinapa",Otomanguean,cte,MX,L,Mexico,Americas
"Chinantec, Tlacoatzintepec",Otomanguean,ctl,MX,L,Mexico,Americas
"Chinantec, Usila",Otomanguean,cuc,MX,L,Mexico,Americas
"Chinantec, Valle Nacional",Otomanguean,cvn,MX,L,Mexico,Americas
Chinese Pidgin English,Pidgin,cpi,NR,L,Nauru,Pacific
"Chinese, Classical",Sino-Tibetan,lzh,CN,L,China,Asia
"Chinese, Gan",Sino-Tibetan,gan,CN,L,China,Asia
"Chinese, Hakka",Sino-Tibetan,hak,CN,L,China,Asia
"Chinese, Huizhou",Sino-Tibetan,czh,CN,L,China,Asia
"Chinese, Jinyu",Sino-Tibetan,cjy,CN,L,China,Asia
"Chinese, Leizhou",Sino-Tibetan,luh,CN,L,China,Asia
"Chinese, Mandarin",Sino-Tibetan,cmn,CN,L,China,Asia
"Chinese, Min Bei",Sino-Tibetan,mnp,CN,L,China,Asia
"Chinese, Min Dong",Sino-Tibetan,cdo,CN,L,China,Asia
"Chinese, Min Nan",Sino-Tibetan,,CN,L,China,Asia
"Chinese, Min Zhong",Sino-Tibetan,czo,CN,L,China,Asia
"Chinese, Pu-Xian",Sino-Tibetan,cpx,CN,L,China,Asia
"Chinese, Shaojiang",Sino-Tibetan,sjc,CN,L,China,Asia
"Chinese, Wu",Sino-Tibetan,wuu,CN,L,China,Asia
"Chinese, Xiang",Sino-Tibetan,hsn,CN,L,China,Asia
"Chinese, Yue",Sino-Tibetan,yue,CN,L,China,Asia
Chingoni,Niger-Congo,xnj,TZ,L,Tanzania,Africa
Chini,Ramu-Lower Sepik,afi,PG,L,Papua New Guinea,Pacific
Chinook,Chinookan,chh,US,L,United States,Americas
Chinook Wawa,Pidgin,chn,US,L,United States,Americas
Chipaya,Chipaya-Uru,cap,BO,L,Bolivia,Americas
Chippewa,Algic,ciw,US,L,United States,Americas
Chiquitano,Language isolate,cax,BO,L,Bolivia,Americas
Chiru,Sino-Tibetan,cdf,IN,L,India,Asia
Chitimacha,Language isolate,ctm,US,L,United States,Americas
Chittagonian,Indo-European,ctg,BD,L,Bangladesh,Asia
Chocangacakha,Sino-Tibetan,cgk,BT,L,Bhutan,Asia
Chocholtec,Otomanguean,coz,MX,L,Mexico,Americas
Choctaw,Muskogean,cho,US,L,United States,Americas
Chodri,Indo-European,cdi,IN,L,India,Asia
Chokwe,Niger-Congo,cjk,AO,L,Angola,Africa
Chol,Mayan,ctu,MX,L,Mexico,Americas
Cholón,Cholonan,cht,PE,X,Peru,Americas
Chong,Austro-Asiatic,cog,TH,L,Thailand,Asia
Choni,Sino-Tibetan,cda,CN,L,China,Asia
"Chontal, Highland Oaxaca",Tequistlatecan,chd,MX,L,Mexico,Americas
"Chontal, Lowland Oaxaca",Tequistlatecan,clo,MX,L,Mexico,Americas
"Chontal, Tabasco",Mayan,chf,MX,L,Mexico,Americas
Choogen,Afro-Asiatic,tgd,NG,L,Nigeria,Africa
Chopechop,Niger-Congo,bbq,CM,L,Cameroon,Africa
Chopi,Niger-Congo,cce,MZ,L,Mozambique,Africa
"Chorote, Iyo’wujwa",Matacoan,crq,AR,L,Argentina,Americas
"Chorote, Iyojwa’ja",Matacoan,crt,AR,L,Argentina,Americas
Chrambo,Niger-Congo,bmo,CM,L,Cameroon,Africa
Chrau,Austro-Asiatic,crw,VN,L,Vietnam,Asia
Chru,Austronesian,cje,VN,L,Vietnam,Asia
Chuave,Trans-New Guinea,cjv,PG,L,Papua New Guinea,Pacific
Chufie’,Niger-Congo,bfj,CM,L,Cameroon,Africa
Chug,Sino-Tibetan,cvg,IN,L,India,Asia
Chuj,Mayan,cac,GT,L,Guatemala,Americas
Chukchi,Chukotko-Kamchatkan,ckt,RU,L,Russian Federation,Europe
Chukwa,Sino-Tibetan,cuw,NP,L,Nepal,Asia
Chulym,Turkic,clw,RU,L,Russian Federation,Europe
Chumburung,Niger-Congo,ncu,GH,L,Ghana,Africa
Chung,Austro-Asiatic,,,,Namibia,Africa
Chung,Niger-Congo,,,,Namibia,Africa
Churahi,Indo-European,cdj,IN,L,India,Asia
Chut,Austro-Asiatic,scb,VN,L,Vietnam,Asia
Chuukese,Austronesian,chk,FM,L,Micronesia,Pacific
Chuvantsy,Yukaghir,xcv,RU,X,Russian Federation,Europe
Chuvash,Turkic,chv,RU,L,Russian Federation,Europe
Chuwabu,Niger-Congo,chw,MZ,L,Mozambique,Africa
Cia-Cia,Austronesian,cia,ID,L,Indonesia,Asia
Cicipu,Niger-Congo,awc,NG,L,Nigeria,Africa
Cimbrian,Indo-European,cim,IT,L,Italy,Europe
Cineni,Afro-Asiatic,cie,NG,L,Nigeria,Africa
Cinta Larga,Tupian,cin,BR,L,Brazil,Americas
Cishingini,Niger-Congo,asg,NG,L,Nigeria,Africa
Citak,Trans-New Guinea,txt,ID,L,Indonesia,Asia
"Citak, Tamnim",Trans-New Guinea,tml,ID,L,Indonesia,Asia
Clallam,Salish,clm,US,L,United States,Americas
Coahuilteco,Comecrudan,xcw,MX,X,Mexico,Americas
Cochimi,Cochimí-Yuman,coj,MX,L,Mexico,Americas
Cocopa,Cochimí-Yuman,coc,MX,L,Mexico,Americas
Coeur d’Alene,Salish,crd,US,L,United States,Americas
Cofán,Language isolate,con,EC,L,Ecuador,Americas
Col,Austronesian,liw,ID,L,Indonesia,Asia
Columbia-Wenatchi,Salish,col,US,L,United States,Americas
Comanche,Uto-Aztecan,com,US,L,United States,Americas
Comecrudo,Comecrudan,xcm,MX,X,Mexico,Americas
"Comorian, Maore",Niger-Congo,swb,YT,L,Mayotte,Africa
"Comorian, Mwali",Niger-Congo,wlc,KM,L,Comoros,Africa
"Comorian, Ndzwani",Niger-Congo,wni,KM,L,Comoros,Africa
"Comorian, Ngazidja",Niger-Congo,zdj,KM,L,Comoros,Africa
Comox,Salish,coo,CA,L,Canada,Americas
Con,Austro-Asiatic,cno,LA,L,Laos,Asia
Cook Islands Maori,Austronesian,rar,CK,L,Cook Islands,Pacific
Côông,Sino-Tibetan,cnc,VN,L,Vietnam,Asia
Coos,Coosan,csz,US,L,United States,Americas
Coptic,Afro-Asiatic,cop,EG,L,Egypt,Africa
Coquille,Eyak-Athabaskan,coq,US,X,United States,Americas
"Cora, El Nayar",Uto-Aztecan,crn,MX,L,Mexico,Americas
"Cora, Santa Teresa",Uto-Aztecan,cok,MX,L,Mexico,Americas
Cornish,Indo-European,cor,GB,L,United Kingdom,Europe
Corsican,Indo-European,cos,FR,L,France,Europe
Cotoname,Comecrudan,xcn,MX,X,Mexico,Americas
Cowlitz,Salish,cow,US,L,United States,Americas
"Cree, Moose",Algic,crm,CA,L,Canada,Americas
"Cree, Northern East",Algic,crl,CA,L,Canada,Americas
"Cree, Plains",Algic,crk,CA,L,Canada,Americas
"Cree, Southern East",Algic,crj,CA,L,Canada,Americas
"Cree, Swampy",Algic,csw,CA,L,Canada,Americas
"Cree, Woods",Algic,cwd,CA,L,Canada,Americas
Crimean Tatar,Turkic,crh,UA,L,Ukraine,Europe
Croatian,Indo-European,hrv,HR,L,Croatia,Europe
Crow,Siouan-Catawban,cro,US,L,United States,Americas
Cruzeño,Chumashan,crz,US,L,United States,Americas
Cua,Austro-Asiatic,cua,VN,L,Vietnam,Asia
Cubeo,Tucanoan,cub,CO,L,Colombia,Americas
Cuiba,Guajiboan,cui,CO,L,Colombia,Americas
"Cuicatec, Tepeuxila",Otomanguean,cux,MX,L,Mexico,Americas
"Cuicatec, Teutila",Otomanguean,cut,MX,L,Mexico,Americas
Cuitlatec,Language isolate,cuy,MX,X,Mexico,Americas
Cumanagoto,Cariban,cuo,VE,L,Venezuela,Americas
Cun,Kra-Dai,cuq,CN,L,China,Asia
Cupeño,Uto-Aztecan,cup,US,L,United States,Americas
Curripaco,Maipurean,kpc,CO,L,Colombia,Americas
Cutchi-Swahili,Creole,ccl,TZ,L,Tanzania,Africa
Cuvok,Afro-Asiatic,cuv,CM,L,Cameroon,Africa
Cuyonon,Austronesian,cyo,PH,L,Philippines,Asia
Czech,Indo-European,ces,CZ,L,Czechia,Europe
Da’a,Afro-Asiatic,jia,CM,L,Cameroon,Africa
Daakaka,Austronesian,bpa,VU,L,Vanuatu,Pacific
Daantanai’,South Bougainville,lni,PG,L,Papua New Guinea,Pacific
Daasanach,Afro-Asiatic,dsh,ET,L,Ethiopia,Africa
Daatsʼíin,Nilo-Saharan,dtn,ET,L,Ethiopia,Africa
Daba,Afro-Asiatic,dbq,CM,L,Cameroon,Africa
Dabarre,Afro-Asiatic,dbr,SO,L,Somalia,Africa
Dabe,Tor-Kwerba,dbe,ID,L,Indonesia,Asia
Dadi Dadi,Australian,dda,AU,L,Australia,Pacific
Dadibi,Trans-New Guinea,mps,PG,L,Papua New Guinea,Pacific
Dadiya,Niger-Congo,dbd,NG,L,Nigeria,Africa
Daga,Trans-New Guinea,dgz,PG,L,Papua New Guinea,Pacific
"Dagaare, Southern",Niger-Congo,dga,GH,L,Ghana,Africa
Dagaari Dioula,Niger-Congo,dgd,BF,L,Burkina Faso,Africa
"Dagara, Northern",Niger-Congo,dgi,BF,L,Burkina Faso,Africa
Dagba,Nilo-Saharan,dgk,CF,L,Central African Republic,Africa
Dagbani,Niger-Congo,dag,GH,L,Ghana,Africa
Dagik,Niger-Congo,dec,SD,L,Sudan,Africa
Dagoman,Australian,dgn,AU,X,Australia,Pacific
Dahalik,Afro-Asiatic,dlk,ER,L,Eritrea,Africa
Dahalo,Afro-Asiatic,dal,KE,L,Kenya,Africa
Daho-Doo,Niger-Congo,das,CI,L,Côte d’Ivoire,Africa
Dai,Austronesian,dij,ID,L,Indonesia,Asia
Dair,Nilo-Saharan,drb,SD,L,Sudan,Africa
"Daju, Dar Daju",Nilo-Saharan,djc,TD,L,Chad,Africa
"Daju, Dar Fur",Nilo-Saharan,daj,SD,L,Sudan,Africa
"Daju, Dar Sila",Nilo-Saharan,dau,TD,L,Chad,Africa
Dakka,Austronesian,dkk,ID,L,Indonesia,Asia
Dakota,Siouan-Catawban,dak,US,L,United States,Americas
Dakpakha,Sino-Tibetan,dka,BT,L,Bhutan,Asia
Dalabon,Australian,ngk,AU,L,Australia,Pacific
Dalmatian,Indo-European,dlm,HR,X,Croatia,Europe
Dama,Niger-Congo,dmm,CM,L,Cameroon,Africa
Damakawa,Niger-Congo,dam,NG,L,Nigeria,Africa
Damal,Trans-New Guinea,uhn,ID,L,Indonesia,Asia
"Damar, East",Austronesian,dmr,ID,L,Indonesia,Asia
"Damar, West",Austronesian,drn,ID,L,Indonesia,Asia
Dambi,Austronesian,dac,PG,L,Papua New Guinea,Pacific
Dameli,Indo-European,dml,PK,L,Pakistan,Asia
Dampelas,Austronesian,dms,ID,L,Indonesia,Asia
Dan,Niger-Congo,dnj,CI,L,Côte d’Ivoire,Africa
Danaru,Trans-New Guinea,dnr,PG,L,Papua New Guinea,Pacific
Danau,Austro-Asiatic,dnu,MM,L,Myanmar,Asia
Dangaléat,Afro-Asiatic,daa,TD,L,Chad,Africa
Dangi,Indo-European,dhn,IN,L,India,Asia
Dangme,Niger-Congo,ada,GH,L,Ghana,Africa
"Dani, Lower Grand Valley",Trans-New Guinea,dni,ID,L,Indonesia,Asia
"Dani, Mid Grand Valley",Trans-New Guinea,dnt,ID,L,Indonesia,Asia
"Dani, Upper Grand Valley",Trans-New Guinea,dna,ID,L,Indonesia,Asia
"Dani, Western",Trans-New Guinea,dnw,ID,L,Indonesia,Asia
Danish,Indo-European,dan,DK,L,Denmark,Europe
Dano,Trans-New Guinea,aso,PG,L,Papua New Guinea,Pacific
Danu,Sino-Tibetan,dnv,MM,L,Myanmar,Asia
Danuwar,Indo-European,dhw,NP,L,Nepal,Asia
Daonda,Border,dnd,PG,L,Papua New Guinea,Pacific
Darai,Indo-European,dry,NP,L,Nepal,Asia
Dargwa,Nakh-Daghestanian,dar,RU,L,Russian Federation,Europe
Dari,Indo-European,prs,AF,L,Afghanistan,Asia
"Dari, Zoroastrian",Indo-European,gbz,IR,L,Iran,Asia
Darkinyung,Australian,xda,AU,L,Australia,Pacific
Darlong,Sino-Tibetan,dln,IN,L,India,Asia
Darmiya,Sino-Tibetan,drd,IN,L,India,Asia
Dass,Afro-Asiatic,dot,NG,L,Nigeria,Africa
Datooga,Nilo-Saharan,tcc,TZ,L,Tanzania,Africa
Daungwurrung,Australian,dgw,AU,L,Australia,Pacific
Daur,Mongolic,dta,CN,L,China,Asia
Davawenyo,Austronesian,daw,PH,L,Philippines,Asia
Dâw,Puinavean,kwa,BR,L,Brazil,Americas
Dawawa,Austronesian,dww,PG,L,Papua New Guinea,Pacific
Dawera-Daweloor,Austronesian,ddw,ID,L,Indonesia,Asia
Dawida,Niger-Congo,dav,KE,L,Kenya,Africa
Dawoodi,Indo-European,dmk,PK,L,Pakistan,Asia
Dawro,Afro-Asiatic,dwr,ET,L,Ethiopia,Africa
Day,Niger-Congo,dai,TD,L,Chad,Africa
Dayi,Australian,dax,AU,L,Australia,Pacific
Daza,Afro-Asiatic,dzd,NG,L,Nigeria,Africa
Dazaga,Nilo-Saharan,dzg,TD,L,Chad,Africa
Deccan,Indo-European,dcc,IN,L,India,Asia
Dedua,Trans-New Guinea,ded,PG,L,Papua New Guinea,Pacific
Defaka,Niger-Congo,afn,NG,L,Nigeria,Africa
Deg,Niger-Congo,mzw,GH,L,Ghana,Africa
Deg Xinag,Eyak-Athabaskan,ing,US,L,United States,Americas
Degano,Indo-European,wsv,AF,L,Afghanistan,Asia
Degema,Niger-Congo,deg,NG,L,Nigeria,Africa
Degenang,Trans-New Guinea,dge,PG,L,Papua New Guinea,Pacific
Dehwari,Indo-European,deh,PK,L,Pakistan,Asia
Dek,Niger-Congo,,,,Namibia,Africa
Deko-Dusanga,Niger-Congo,uya,NG,L,Nigeria,Africa
Dela-Oenale,Austronesian,row,ID,L,Indonesia,Asia
"Delaware, Pidgin",Pidgin,dep,US,X,United States,Americas
Delo,Niger-Congo,ntr,GH,L,Ghana,Africa
Dem,Trans-New Guinea,dem,ID,L,Indonesia,Asia
Dema,Niger-Congo,dmx,MZ,L,Mozambique,Africa
Demisa,East Geelvink Bay,dei,ID,L,Indonesia,Asia
Dendi,Niger-Congo,,,,Namibia,Africa
Dendi,Nilo-Saharan,,,,Namibia,Africa
Dene,Eyak-Athabaskan,chp,CA,L,Canada,Americas
Dengese,Niger-Congo,dez,CD,L,Democratic Republic of the Congo,Africa
Dengka,Austronesian,dnk,ID,L,Indonesia,Asia
Dení,Arauan,dny,BR,L,Brazil,Americas
Deno,Afro-Asiatic,dbb,NG,L,Nigeria,Africa
Denya,Niger-Congo,anv,CM,L,Cameroon,Africa
Deori,Sino-Tibetan,der,IN,L,India,Asia
Dera,Afro-Asiatic,kna,NG,L,Nigeria,Africa
Desano,Tucanoan,des,BR,L,Brazil,Americas
Desiya,Indo-European,dso,IN,L,India,Asia
Dewas Rai,Indo-European,dwz,NP,L,Nepal,Asia
Dewoin,Niger-Congo,dee,LR,L,Liberia,Africa
Dezfuli,Indo-European,def,IR,L,Iran,Asia
Dghwede,Afro-Asiatic,dgh,NG,L,Nigeria,Africa
Dhaiso,Niger-Congo,dhs,TZ,L,Tanzania,Africa
Dhalandji,Australian,dhl,AU,L,Australia,Pacific
Dhangu-Djangu,Australian,dhg,AU,L,Australia,Pacific
Dhao,Austronesian,nfa,ID,L,Indonesia,Asia
Dharawal,Australian,tbh,AU,L,Australia,Pacific
Dhargari,Australian,dhr,AU,L,Australia,Pacific
Dharuk,Australian,xdk,AU,L,Australia,Pacific
Dharumbal,Australian,xgm,AU,L,Australia,Pacific
Dhatki,Indo-European,mki,PK,L,Pakistan,Asia
Dhimal,Sino-Tibetan,dhi,NP,L,Nepal,Asia
Dhimba,Niger-Congo,dhm,AO,L,Angola,Africa
Dhodia,Indo-European,dho,IN,L,India,Asia
Dholuo,Nilo-Saharan,luo,KE,L,Kenya,Africa
Dhudhuroa,Australian,ddr,AU,L,Australia,Pacific
Dhundari,Indo-European,dhd,IN,L,India,Asia
Dhungaloo,Australian,dhx,AU,L,Australia,Pacific
Dhurga,Australian,dhu,AU,L,Australia,Pacific
Dhuwal,Australian,dwu,AU,L,Australia,Pacific
Dhuwaya,Australian,dwy,AU,L,Australia,Pacific
Dia,Torricelli,dia,PG,L,Papua New Guinea,Pacific
Dibiyaso,Trans-New Guinea,dby,PG,L,Papua New Guinea,Pacific
Dibo,Niger-Congo,dio,NG,L,Nigeria,Africa
Dibole,Niger-Congo,bvx,CG,L,Congo,Africa
"Dida, Lakota",Niger-Congo,dic,CI,L,Côte d’Ivoire,Africa
"Dida, Yocoboué",Niger-Congo,gud,CI,L,Côte d’Ivoire,Africa
Didinga,Nilo-Saharan,did,SS,L,South Sudan,Africa
Dido,Nakh-Daghestanian,ddo,RU,L,Russian Federation,Europe
Digaro-Mishmi,Sino-Tibetan,mhu,IN,L,India,Asia
Dii,Niger-Congo,dur,CM,L,Cameroon,Africa
Dilling,Nilo-Saharan,dil,SD,L,Sudan,Africa
Dima,Trans-New Guinea,jma,PG,L,Papua New Guinea,Pacific
Dimasa,Sino-Tibetan,dis,IN,L,India,Asia
Dimbong,Niger-Congo,dii,CM,L,Cameroon,Africa
Dime,Afro-Asiatic,dim,ET,L,Ethiopia,Africa
Dineor,Tor-Kwerba,mrx,ID,L,Indonesia,Asia
Ding,Niger-Congo,diz,CD,L,Democratic Republic of the Congo,Africa
"Dinka, Northeastern",Nilo-Saharan,dip,SS,L,South Sudan,Africa
"Dinka, Northwestern",Nilo-Saharan,diw,SS,L,South Sudan,Africa
"Dinka, South Central",Nilo-Saharan,dib,SS,L,South Sudan,Africa
"Dinka, Southeastern",Nilo-Saharan,dks,SS,L,South Sudan,Africa
"Dinka, Southwestern",Nilo-Saharan,dik,SS,L,South Sudan,Africa
Dir-Nyamzak-Mbarimi,Afro-Asiatic,nzr,NG,L,Nigeria,Africa
Dirasha,Afro-Asiatic,gdl,ET,L,Ethiopia,Africa
Dirim,Niger-Congo,dir,NG,L,Nigeria,Africa
Dirya,Afro-Asiatic,dwa,NG,L,Nigeria,Africa
Disa,Nilo-Saharan,dsi,TD,L,Chad,Africa
Ditammari,Niger-Congo,tbz,BJ,L,Benin,Africa
Ditidaht,Wakashan,dtd,CA,L,Canada,Americas
Diuwe,Trans-New Guinea,diy,ID,L,Indonesia,Asia
Dixon Reef,Austronesian,dix,VU,L,Vanuatu,Pacific
Diyari,Australian,dif,AU,L,Australia,Pacific
Dizin,Afro-Asiatic,mdx,ET,L,Ethiopia,Africa
Djabugay,Australian,dyy,AU,L,Australia,Pacific
Djabwurrung,Australian,tjw,AU,L,Australia,Pacific
Djadjawurrung,Australian,dja,AU,X,Australia,Pacific
Djambarrpuyngu,Australian,djr,AU,L,Australia,Pacific
Djamindjung,Australian,djd,AU,L,Australia,Pacific
Djangun,Australian,djf,AU,X,Australia,Pacific
Djauan,Australian,djn,AU,L,Australia,Pacific
Djawi,Australian,djw,AU,X,Australia,Pacific
Djeebbana,Australian,djj,AU,L,Australia,Pacific
Djinang,Australian,dji,AU,L,Australia,Pacific
Djinba,Australian,djb,AU,L,Australia,Pacific
Djiwarli,Australian,dze,AU,X,Australia,Pacific
Dla,Senagi,kbv,ID,L,Indonesia,Asia
Dobel,Austronesian,kvo,ID,L,Indonesia,Asia
Dobu,Austronesian,dob,PG,L,Papua New Guinea,Pacific
Doe,Niger-Congo,doe,TZ,L,Tanzania,Africa
Doga,Austronesian,dgg,PG,L,Papua New Guinea,Pacific
Doghoro,Trans-New Guinea,dgx,PG,L,Papua New Guinea,Pacific
"Dogon, Ampari",Niger-Congo,aqd,ML,L,Mali,Africa
"Dogon, Ana Tinga",Niger-Congo,dti,ML,L,Mali,Africa
"Dogon, Bankan Tey",Niger-Congo,dbw,ML,L,Mali,Africa
"Dogon, Ben Tey",Niger-Congo,dbt,ML,L,Mali,Africa
"Dogon, Bondum Dom",Niger-Congo,dbu,ML,L,Mali,Africa
"Dogon, Bunoge",Niger-Congo,dgb,ML,L,Mali,Africa
"Dogon, Dogul Dom",Niger-Congo,dbg,ML,L,Mali,Africa
"Dogon, Donno So",Niger-Congo,dds,ML,L,Mali,Africa
"Dogon, Jamsay",Niger-Congo,djm,ML,L,Mali,Africa
"Dogon, Mombo",Niger-Congo,dmb,ML,L,Mali,Africa
"Dogon, Nanga Dama",Niger-Congo,nzz,ML,L,Mali,Africa
"Dogon, Tebul Ure",Niger-Congo,dtu,ML,L,Mali,Africa
"Dogon, Tiranige Diga",Niger-Congo,tde,ML,L,Mali,Africa
"Dogon, Togo Kan",Niger-Congo,,,,Namibia,Africa
"Dogon, Tommo So",Niger-Congo,dto,ML,L,Mali,Africa
"Dogon, Tomo Kan",Niger-Congo,dtm,ML,L,Mali,Africa
"Dogon, Toro So",Niger-Congo,dts,ML,L,Mali,Africa
"Dogon, Toro Tegu",Niger-Congo,dtt,ML,L,Mali,Africa
"Dogon, Yanda Dom",Niger-Congo,dym,ML,L,Mali,Africa
Dogosé,Niger-Congo,dos,BF,L,Burkina Faso,Africa
Dogoso,Niger-Congo,dgs,BF,L,Burkina Faso,Africa
Dogri,Indo-European,dgo,IN,L,India,Asia
Dokshi,Afro-Asiatic,dsk,NG,L,Nigeria,Africa
Dolgan,Turkic,dlg,RU,L,Russian Federation,Europe
Doloman,Trans-New Guinea,mhf,PG,L,Papua New Guinea,Pacific
Dolpo,Sino-Tibetan,dre,NP,L,Nepal,Asia
Dom,Trans-New Guinea,doa,PG,L,Papua New Guinea,Pacific
Domari,Indo-European,rmt,TR,L,Turkey,Asia
Dombe,Niger-Congo,dov,ZW,L,Zimbabwe,Africa
Dompo,Niger-Congo,doy,GH,L,Ghana,Africa
Domu,Trans-New Guinea,dof,PG,L,Papua New Guinea,Pacific
Domung,Trans-New Guinea,dev,PG,L,Papua New Guinea,Pacific
Dondo,Austronesian,dok,ID,L,Indonesia,Asia
Dong,Niger-Congo,doh,NG,L,Nigeria,Africa
"Dong, Northern",Kra-Dai,doc,CN,L,China,Asia
"Dong, Southern",Kra-Dai,kmc,CN,L,China,Asia
Dongo,Niger-Congo,doo,CD,L,Democratic Republic of the Congo,Africa
Dongotono,Nilo-Saharan,ddd,SS,L,South Sudan,Africa
Dongxiang,Mongolic,sce,CN,L,China,Asia
Doondo,Niger-Congo,dde,CG,L,Congo,Africa
Dori’o,Austronesian,dor,SB,L,Solomon Islands,Pacific
Dorig,Austronesian,wwo,VU,L,Vanuatu,Pacific
Doromu-Koki,Trans-New Guinea,kqc,PG,L,Papua New Guinea,Pacific
Dorze,Afro-Asiatic,doz,ET,L,Ethiopia,Africa
Doso,Unclassified,dol,PG,L,Papua New Guinea,Pacific
Dotyali,Indo-European,dty,NP,L,Nepal,Asia
Doutai,Lakes Plain,tds,ID,L,Indonesia,Asia
Doyayo,Niger-Congo,dow,CM,L,Cameroon,Africa
Drehu,Austronesian,dhv,NC,L,New Caledonia,Pacific
Drents,Indo-European,drt,NL,L,Netherlands,Europe
Drubea,Austronesian,duf,NC,L,New Caledonia,Pacific
Drung,Sino-Tibetan,duu,CN,L,China,Asia
Duala,Niger-Congo,dua,CM,L,Cameroon,Africa
Duano,Austronesian,dup,ID,L,Indonesia,Asia
Duau,Austronesian,dva,PG,L,Papua New Guinea,Pacific
Dubli,Indo-European,dub,IN,L,India,Asia
Dubuporo,Trans-New Guinea,ynl,PG,L,Papua New Guinea,Pacific
Dughore,Austronesian,nke,SB,L,Solomon Islands,Pacific
Dugun,Niger-Congo,ndu,CM,L,Cameroon,Africa
Duguri,Niger-Congo,dbm,NG,L,Nigeria,Africa
Dugwor,Afro-Asiatic,dme,CM,L,Cameroon,Africa
Duhwa,Afro-Asiatic,kbz,NG,L,Nigeria,Africa
Duli-Gey,Niger-Congo,duz,CM,L,Cameroon,Africa
Dulubu,Niger-Congo,dbo,NG,L,Nigeria,Africa
Duma,Niger-Congo,dma,GA,L,Gabon,Africa
"Dumagat, Remontado",Austronesian,agv,PH,L,Philippines,Asia
Dumi,Sino-Tibetan,dus,NP,L,Nepal,Asia
Dumo,Skou,vam,PG,L,Papua New Guinea,Pacific
Dumpas,Austronesian,dmv,MY,L,Malaysia,Asia
Dumun,Trans-New Guinea,dui,PG,L,Papua New Guinea,Pacific
Duna,Trans-New Guinea,duc,PG,L,Papua New Guinea,Pacific
Dungan,Sino-Tibetan,dng,KG,L,Kyrgyzstan,Asia
Dungmali,Sino-Tibetan,raa,NP,L,Nepal,Asia
Dungra Bhil,Indo-European,duh,IN,L,India,Asia
Dungu,Niger-Congo,dbv,NG,L,Nigeria,Africa
Duoluo,Kra-Dai,giw,CN,L,China,Asia
Dura,Sino-Tibetan,drq,NP,L,Nepal,Asia
Duri,Austronesian,mvp,ID,L,Indonesia,Asia
Duriankere,Trans-New Guinea,dbn,ID,X,Indonesia,Asia
Durop,Niger-Congo,krp,NG,L,Nigeria,Africa
Duruwa,Dravidian,pci,IN,L,India,Asia
Dusner,Austronesian,dsn,ID,L,Indonesia,Asia
Dusun Deyah,Austronesian,dun,ID,L,Indonesia,Asia
Dusun Malang,Austronesian,duq,ID,L,Indonesia,Asia
Dusun Witu,Austronesian,duw,ID,L,Indonesia,Asia
Dutch,Indo-European,nld,NL,L,Netherlands,Europe
Duungooma,Niger-Congo,dux,ML,L,Mali,Africa
Duupa,Niger-Congo,dae,CM,L,Cameroon,Africa
Duvle,Lakes Plain,duv,ID,L,Indonesia,Asia
Duwai,Afro-Asiatic,dbp,NG,L,Nigeria,Africa
Duwet,Austronesian,gve,PG,L,Papua New Guinea,Pacific
Duya,Niger-Congo,ldb,NG,L,Nigeria,Africa
Dwang,Niger-Congo,nnu,GH,L,Ghana,Africa
Dyaberdyaber,Australian,dyb,AU,X,Australia,Pacific
Dyan,Niger-Congo,dya,BF,L,Burkina Faso,Africa
Dyangadi,Australian,dyn,AU,X,Australia,Pacific
Dyarim,Afro-Asiatic,dyr,NG,L,Nigeria,Africa
Dyirbal,Australian,dbl,AU,L,Australia,Pacific
Dyugun,Australian,dyd,AU,X,Australia,Pacific
Dza,Niger-Congo,jen,NG,L,Nigeria,Africa
Dzalakha,Sino-Tibetan,dzl,BT,L,Bhutan,Asia
Dzando,Niger-Congo,dzn,CD,L,Democratic Republic of the Congo,Africa
Dzao Min,Hmong-Mien,bpn,CN,L,China,Asia
Dzongkha,Sino-Tibetan,dzo,BT,L,Bhutan,Asia
Dzùùngoo,Niger-Congo,dnn,BF,L,Burkina Faso,Africa
E,Mixed language,eee,CN,L,China,Asia
E’ñapa Woromaipu,Cariban,pbh,VE,L,Venezuela,Americas
Eastern Franconian,Indo-European,vmf,DE,L,Germany,Europe
Ebira,Niger-Congo,igb,NG,L,Nigeria,Africa
Ebughu,Niger-Congo,ebg,NG,L,Nigeria,Africa
Ede Cabe,Niger-Congo,cbj,BJ,L,Benin,Africa
Ede Ica,Niger-Congo,ica,BJ,L,Benin,Africa
Ede Idaca,Niger-Congo,idd,BJ,L,Benin,Africa
Ede Ije,Niger-Congo,ijj,BJ,L,Benin,Africa
"Ede Nago, Kura",Niger-Congo,nqk,BJ,L,Benin,Africa
Edo,Niger-Congo,bin,NG,L,Nigeria,Africa
Edolo,Trans-New Guinea,etr,PG,L,Papua New Guinea,Pacific
Edopi,Lakes Plain,dbf,ID,L,Indonesia,Asia
Efai,Niger-Congo,efa,NG,L,Nigeria,Africa
"Efate, North",Austronesian,llp,VU,L,Vanuatu,Pacific
"Efate, South",Austronesian,erk,VU,L,Vanuatu,Pacific
Efe,Nilo-Saharan,efe,CD,L,Democratic Republic of the Congo,Africa
Efik,Niger-Congo,efi,NG,L,Nigeria,Africa
Efutop,Niger-Congo,ofu,NG,L,Nigeria,Africa
Ega,Niger-Congo,ega,CI,L,Côte d’Ivoire,Africa
Eggon,Niger-Congo,ego,NG,L,Nigeria,Africa
Ehueun,Niger-Congo,ehu,NG,L,Nigeria,Africa
Eibela,Trans-New Guinea,ail,PG,L,Papua New Guinea,Pacific
Eitiep,Torricelli,eit,PG,L,Papua New Guinea,Pacific
Ejagham,Niger-Congo,etu,NG,L,Nigeria,Africa
Ejuele,Niger-Congo,dbi,NG,L,Nigeria,Africa
Ekajuk,Niger-Congo,eka,NG,L,Nigeria,Africa
Ekari,Trans-New Guinea,ekg,ID,L,Indonesia,Asia
Ekegusii,Niger-Congo,guz,KE,L,Kenya,Africa
Eki,Niger-Congo,eki,NG,L,Nigeria,Africa
Ekit,Niger-Congo,eke,NG,L,Nigeria,Africa
Ekpeye,Niger-Congo,ekp,NG,L,Nigeria,Africa
El Hugeirat,Nilo-Saharan,elh,SD,L,Sudan,Africa
El Molo,Afro-Asiatic,elo,KE,L,Kenya,Africa
Elege,Niger-Congo,alf,NG,L,Nigeria,Africa
Eleme,Niger-Congo,elm,NG,L,Nigeria,Africa
Elepi,Torricelli,ele,PG,L,Papua New Guinea,Pacific
Elkei,Torricelli,elk,PG,L,Papua New Guinea,Pacific
Elseng,Language isolate,mrf,ID,L,Indonesia,Asia
Elu,Austronesian,elu,PG,L,Papua New Guinea,Pacific
Emae,Austronesian,mmw,VU,L,Vanuatu,Pacific
Emai-Iuleha-Ora,Niger-Congo,ema,NG,L,Nigeria,Africa
Eman,Niger-Congo,emn,CM,L,Cameroon,Africa
Embaloh,Austronesian,emb,ID,L,Indonesia,Asia
Embera Baudó,Chocoan,bdc,CO,L,Colombia,Americas
Embera Catío,Chocoan,cto,CO,L,Colombia,Americas
Embera Chamí,Chocoan,cmi,CO,L,Colombia,Americas
Embera Tadó,Chocoan,tdc,CO,L,Colombia,Americas
"Emberá, Northern",Chocoan,emp,PA,L,Panama,Americas
Emem,Pauwasi,enr,ID,L,Indonesia,Asia
Emilian,Indo-European,egl,IT,L,Italy,Europe
Emplawas,Austronesian,emw,ID,L,Indonesia,Asia
En,Kra-Dai,enc,VN,L,Vietnam,Asia
Enawené-Nawé,Maipurean,unk,BR,L,Brazil,Americas
Ende,Austronesian,end,ID,L,Indonesia,Asia
"Enets, Forest",Uralic,enf,RU,L,Russian Federation,Europe
"Enets, Tundra",Uralic,enh,RU,L,Russian Federation,Europe
Enga,Trans-New Guinea,enq,PG,L,Papua New Guinea,Pacific
Engdewu,Austronesian,ngr,SB,L,Solomon Islands,Pacific
Engenni,Niger-Congo,enn,NG,L,Nigeria,Africa
Enggano,Austronesian,eno,ID,L,Indonesia,Asia
English,Indo-European,eng,GB,L,United Kingdom,Europe
Enlhet,Mascoyan,enl,PY,L,Paraguay,Americas
Enrekang,Austronesian,ptt,ID,L,Indonesia,Asia
Enu,Sino-Tibetan,enu,CN,L,China,Asia
Enwan,Niger-Congo,,,,Namibia,Africa
Enwan,Niger-Congo,,,,Namibia,Africa
Enxet,Mascoyan,enx,PY,L,Paraguay,Americas
Enya,Niger-Congo,gey,CD,L,Democratic Republic of the Congo,Africa
Epena,Chocoan,sja,CO,L,Colombia,Americas
Epie,Niger-Congo,epi,NG,L,Nigeria,Africa
Equatorial Guinean Pidgin,Creole,fpe,GQ,L,Equatorial Guinea,Africa
Eravallan,Dravidian,era,IN,L,India,Asia
Ere,Austronesian,twp,PG,L,Papua New Guinea,Pacific
Erokwanas,Austronesian,erw,ID,L,Indonesia,Asia
Erre,Australian,err,AU,X,Australia,Pacific
Erromintxela,Mixed language,emx,FR,L,France,Europe
Ersu,Sino-Tibetan,ers,CN,L,China,Asia
Eruwa,Niger-Congo,erh,NG,L,Nigeria,Africa
Erzya,Uralic,myv,RU,L,Russian Federation,Europe
Esahie,Niger-Congo,sfw,GH,L,Ghana,Africa
Esan,Niger-Congo,ish,NG,L,Nigeria,Africa
Ese,Trans-New Guinea,mcq,PG,L,Papua New Guinea,Pacific
Ese Ejja,Tacanan,ese,BO,L,Bolivia,Americas
Eshtehardi,Indo-European,esh,IR,L,Iran,Asia
Esimbi,Niger-Congo,ags,CM,L,Cameroon,Africa
Eskayan,Mixed language,esy,PH,L,Philippines,Asia
Esperanto,Constructed language,epo,PL,L,Poland,Europe
Esselen,Language isolate,esq,US,L,United States,Americas
Essono,Austronesian,sso,PG,L,Papua New Guinea,Pacific
"Estonian, Standard",Uralic,ekk,EE,L,Estonia,Europe
Esuma,Niger-Congo,esm,CI,X,Côte d’Ivoire,Africa
Etchemin,Algic,etc,US,X,United States,Americas
Etebi,Niger-Congo,etb,NG,L,Nigeria,Africa
Etkywan,Niger-Congo,ich,NG,L,Nigeria,Africa
Eton,Austronesian,,,,Namibia,Africa
Eton,Niger-Congo,,,,Namibia,Africa
Etsako,Niger-Congo,ets,NG,L,Nigeria,Africa
Etulo,Niger-Congo,utr,NG,L,Nigeria,Africa
Eudeve,Uto-Aztecan,eud,MX,X,Mexico,Americas
Evant,Niger-Congo,bzz,NG,L,Nigeria,Africa
Even,Tungusic,eve,RU,L,Russian Federation,Europe
Evenki,Tungusic,evn,CN,L,China,Asia
Eviya,Niger-Congo,gev,GA,L,Gabon,Africa
Ewage-Notu,Trans-New Guinea,nou,PG,L,Papua New Guinea,Pacific
Éwé,Niger-Congo,ewe,GH,L,Ghana,Africa
Ewondo,Niger-Congo,ewo,CM,L,Cameroon,Africa
Extremaduran,Indo-European,ext,ES,L,Spain,Europe
Eyak,Eyak-Athabaskan,eya,US,L,United States,Americas
Ezaa,Niger-Congo,eza,NG,L,Nigeria,Africa
Fa d’Ambu,Creole,fab,GQ,L,Equatorial Guinea,Africa
Fagani,Austronesian,faf,SB,L,Solomon Islands,Pacific
Fagauvea,Austronesian,uve,NC,L,New Caledonia,Pacific
Faifi,Afro-Asiatic,fif,SA,L,Saudi Arabia,Asia
Faiwol,Trans-New Guinea,fai,PG,L,Papua New Guinea,Pacific
Fala,Indo-European,fax,ES,L,Spain,Europe
Fali Muchella,Afro-Asiatic,fli,NG,L,Nigeria,Africa
Fali of Baissa,Niger-Congo,fah,NG,X,Nigeria,Africa
"Fali, North",Niger-Congo,fll,CM,L,Cameroon,Africa
"Fali, South",Niger-Congo,fal,CM,L,Cameroon,Africa
Fam,Niger-Congo,fam,NG,L,Nigeria,Africa
Fanamaket,Austronesian,bjp,PG,L,Papua New Guinea,Pacific
Fanbak,Austronesian,fnb,VU,L,Vanuatu,Pacific
Fang,Niger-Congo,,,,Namibia,Africa
Fang,Niger-Congo,,,,Namibia,Africa
Fania,Niger-Congo,fni,TD,L,Chad,Africa
Farefare,Niger-Congo,gur,GH,L,Ghana,Africa
Faroese,Indo-European,fao,FO,L,Faroe Islands,Europe
"Fars, Southwestern",Indo-European,fay,IR,L,Iran,Asia
Fasu,Trans-New Guinea,faa,PG,L,Papua New Guinea,Pacific
Fataleka,Austronesian,far,SB,L,Solomon Islands,Pacific
Fataluku,Trans-New Guinea,ddg,TL,L,East Timor,Asia
Fayu,Lakes Plain,fau,ID,L,Indonesia,Asia
Fe’fe’,Niger-Congo,fmp,CM,L,Cameroon,Africa
Fedan,Austronesian,pdn,ID,L,Indonesia,Asia
Fembe,Trans-New Guinea,agl,PG,L,Papua New Guinea,Pacific
Feroge,Niger-Congo,fer,SS,L,South Sudan,Africa
Fiji Hindi,Indo-European,hif,FJ,L,Fiji,Pacific
Fijian,Austronesian,fij,FJ,L,Fiji,Pacific
"Fijian, Western",Austronesian,wyy,FJ,L,Fiji,Pacific
Filipino,Austronesian,fil,PH,L,Philippines,Asia
Finnish,Uralic,fin,FI,L,Finland,Europe
"Finnish, Kven",Uralic,fkv,NO,L,Norway,Europe
Finongan,Trans-New Guinea,fag,PG,L,Papua New Guinea,Pacific
Fipa,Niger-Congo,fip,TZ,L,Tanzania,Africa
Firan,Niger-Congo,fir,NG,L,Nigeria,Africa
Fiwaga,Trans-New Guinea,fiw,PG,L,Papua New Guinea,Pacific
Flaaitaal,Creole,fly,ZA,L,South Africa,Africa
Flinders Island,Australian,fln,AU,X,Australia,Pacific
Foau,Lakes Plain,flh,ID,L,Indonesia,Asia
Foi,Trans-New Guinea,foi,PG,L,Papua New Guinea,Pacific
Foia Foia,Trans-New Guinea,ffi,PG,L,Papua New Guinea,Pacific
Folopa,Trans-New Guinea,ppo,PG,L,Papua New Guinea,Pacific
Foma,Niger-Congo,fom,CD,L,Democratic Republic of the Congo,Africa
Fon,Niger-Congo,fon,BJ,L,Benin,Africa
Fongoro,Nilo-Saharan,fgr,TD,L,Chad,Africa
Foodo,Niger-Congo,fod,BJ,L,Benin,Africa
Forak,Trans-New Guinea,frq,PG,L,Papua New Guinea,Pacific
Fordata,Austronesian,frd,ID,L,Indonesia,Asia
Fore,Trans-New Guinea,for,PG,L,Papua New Guinea,Pacific
French,Indo-European,fra,FR,L,France,Europe
"French, Cajun",Indo-European,frc,US,L,United States,Americas
Frisian,Indo-European,fry,NL,L,Netherlands,Europe
"Frisian, Northern",Indo-European,frr,DE,L,Germany,Europe
Friulian,Indo-European,fur,IT,L,Italy,Europe
"Fulfulde, Adamawa",Niger-Congo,fub,CM,L,Cameroon,Africa
"Fulfulde, Bagirmi",Niger-Congo,fui,TD,L,Chad,Africa
"Fulfulde, Borgu",Niger-Congo,fue,BJ,L,Benin,Africa
"Fulfulde, Central-Eastern Niger",Niger-Congo,fuq,NE,L,Niger,Africa
"Fulfulde, Maasina",Niger-Congo,ffm,ML,L,Mali,Africa
"Fulfulde, Nigerian",Niger-Congo,fuv,NG,L,Nigeria,Africa
"Fulfulde, Western Niger",Niger-Congo,fuh,NE,L,Niger,Africa
Fuliiru,Niger-Congo,flr,CD,L,Democratic Republic of the Congo,Africa
Fulu,Nilo-Saharan,fuu,CD,L,Democratic Republic of the Congo,Africa
Fulumu,Trans-New Guinea,bbd,PG,L,Papua New Guinea,Pacific
Fum,Niger-Congo,fum,NG,L,Nigeria,Africa
Fungwa,Niger-Congo,ula,NG,L,Nigeria,Africa
Fur,Nilo-Saharan,fvr,SD,L,Sudan,Africa
Futuna-Aniwa,Austronesian,fut,VU,L,Vanuatu,Pacific
"Futuna, East",Austronesian,fud,WF,L,Wallis and Futuna,Pacific
Fuyug,Trans-New Guinea,fuy,PG,L,Papua New Guinea,Pacific
Fwâi,Austronesian,fwa,NC,L,New Caledonia,Pacific
Fwe,Niger-Congo,fwe,,L,Namibia,Africa
Fyer,Afro-Asiatic,fie,NG,L,Nigeria,Africa
Ga,Niger-Congo,gaa,GH,L,Ghana,Africa
Ga’anda,Afro-Asiatic,gqa,NG,L,Nigeria,Africa
Gaa,Niger-Congo,ttb,NG,L,Nigeria,Africa
Gaam,Nilo-Saharan,tbi,SD,L,Sudan,Africa
Gabi-Gabi,Australian,gbw,AU,L,Australia,Pacific
Gabri,Afro-Asiatic,gab,TD,L,Chad,Africa
Gabrielino-Fernandeño,Uto-Aztecan,xgf,US,L,United States,Americas
"Gadaba, Bodo",Austro-Asiatic,gbj,IN,L,India,Asia
"Gadaba, Mudhili",Dravidian,gau,IN,L,India,Asia
"Gadaba, Pottangi Ollar",Dravidian,gdb,IN,L,India,Asia
Gadang,Afro-Asiatic,,,,Namibia,Africa
Gaddang,Austronesian,gad,PH,L,Philippines,Asia
Gaddi,Indo-European,gbk,IN,L,India,Asia
Gade,Niger-Congo,ged,NG,L,Nigeria,Africa
Gadjerawang,Australian,gdh,AU,L,Australia,Pacific
Gadsup,Trans-New Guinea,gaj,PG,L,Papua New Guinea,Pacific
Gafat,Afro-Asiatic,gft,ET,X,Ethiopia,Africa
Gagadu,Australian,gbu,AU,X,Australia,Pacific
Gagauz,Turkic,gag,MD,L,Moldova,Europe
Gahri,Sino-Tibetan,bfu,IN,L,India,Asia
Gaikundi,Sepik,gbf,PG,L,Papua New Guinea,Pacific
Gail,Unclassified,gic,ZA,L,South Africa,Africa
Gaina,Trans-New Guinea,gcn,PG,L,Papua New Guinea,Pacific
Gal,Trans-New Guinea,gap,PG,L,Papua New Guinea,Pacific
Gala,Sepik,nud,PG,L,Papua New Guinea,Pacific
Galambi,Afro-Asiatic,glo,NG,L,Nigeria,Africa
Galela,West Papuan,gbi,ID,L,Indonesia,Asia
Galeya,Austronesian,gar,PG,L,Papua New Guinea,Pacific
Galice,Eyak-Athabaskan,gce,US,X,United States,Americas
Galician,Indo-European,glg,ES,L,Spain,Europe
Galolen,Austronesian,gal,TL,L,East Timor,Asia
Gamane,Trans-New Guinea,bmp,PG,L,Papua New Guinea,Pacific
Gambera,Australian,gma,AU,X,Australia,Pacific
Gamilaraay,Australian,kld,AU,L,Australia,Pacific
Gamit,Indo-European,gbl,IN,L,India,Asia
Gamkonora,West Papuan,gak,ID,L,Indonesia,Asia
Gamo,Afro-Asiatic,gmv,ET,L,Ethiopia,Africa
Gamo-Ningi,Niger-Congo,bte,NG,L,Nigeria,Africa
Gana,Austronesian,gnq,MY,L,Malaysia,Asia
Ganang,Niger-Congo,gne,NG,L,Nigeria,Africa
Ganda,Niger-Congo,lug,UG,L,Uganda,Africa
Gane,Austronesian,gzn,ID,L,Indonesia,Asia
Ganggalida,Australian,gcd,AU,L,Australia,Pacific
Ganglau,Trans-New Guinea,ggl,PG,L,Papua New Guinea,Pacific
Gangte,Sino-Tibetan,gnb,IN,L,India,Asia
Gangulu,Australian,gnl,AU,X,Australia,Pacific
Gants,Trans-New Guinea,gao,PG,L,Papua New Guinea,Pacific
Ganza,Afro-Asiatic,gza,SD,L,Sudan,Africa
Ganzi,Niger-Congo,gnz,CF,L,Central African Republic,Africa
Gao,Austronesian,gga,SB,L,Solomon Islands,Pacific
Gapapaiwa,Austronesian,pwg,PG,L,Papua New Guinea,Pacific
"Garasia, Adiwasi",Indo-European,gas,IN,L,India,Asia
"Garasia, Rajput",Indo-European,gra,IN,L,India,Asia
Garhwali,Indo-European,gbm,IN,L,India,Asia
Garifuna,Maipurean,cab,HN,L,Honduras,Americas
Garig-Ilgar,Australian,ilg,AU,X,Australia,Pacific
Garingbal,Australian,xgi,AU,X,Australia,Pacific
Garlali,Australian,gll,AU,X,Australia,Pacific
Garo,Sino-Tibetan,grt,IN,L,India,Asia
Garre,Afro-Asiatic,gex,KE,L,Kenya,Africa
Garrwa,Australian,wrk,AU,L,Australia,Pacific
Garus,Trans-New Guinea,gyb,PG,L,Papua New Guinea,Pacific
Garza,Comecrudan,xgr,MX,X,Mexico,Americas
Gata’,Austro-Asiatic,gaq,IN,L,India,Asia
Gavak,Trans-New Guinea,dmc,PG,L,Papua New Guinea,Pacific
Gavar,Afro-Asiatic,gou,CM,L,Cameroon,Africa
Gavião do Jiparaná,Tupian,gvo,BR,L,Brazil,Americas
"Gavião, Pará",Jean,gvp,BR,L,Brazil,Americas
Gawar-Bati,Indo-European,gwt,AF,L,Afghanistan,Asia
Gawri,Indo-European,gwc,PK,L,Pakistan,Asia
Gayil,Afro-Asiatic,gyl,ET,L,Ethiopia,Africa
Gayo,Austronesian,gay,ID,L,Indonesia,Asia
Gazi,Indo-European,gzi,IR,L,Iran,Asia
Gaꞌdang,Austronesian,,,,Namibia,Africa
Gbagyi,Niger-Congo,gbr,NG,L,Nigeria,Africa
Gban,Niger-Congo,ggu,CI,L,Côte d’Ivoire,Africa
Gbanu,Niger-Congo,gbv,CF,L,Central African Republic,Africa
Gbanziri,Niger-Congo,gbg,CF,L,Central African Republic,Africa
Gbari,Niger-Congo,gby,NG,L,Nigeria,Africa
Gbaya,Nilo-Saharan,krs,SD,L,Sudan,Africa
Gbaya-Bossangoa,Niger-Congo,gbp,CF,L,Central African Republic,Africa
Gbaya-Bozoum,Niger-Congo,gbq,CF,L,Central African Republic,Africa
Gbaya-Mbodomo,Niger-Congo,gmm,CM,L,Cameroon,Africa
"Gbaya, Northwest",Niger-Congo,gya,CF,L,Central African Republic,Africa
"Gbaya, Southwest",Niger-Congo,gso,CF,L,Central African Republic,Africa
Gbayi,Niger-Congo,gyg,CF,L,Central African Republic,Africa
"Gbe, Ayizo",Niger-Congo,ayb,BJ,L,Benin,Africa
"Gbe, Ci",Niger-Congo,cib,BJ,L,Benin,Africa
"Gbe, Defi",Niger-Congo,gbh,BJ,L,Benin,Africa
"Gbe, Eastern Xwla",Niger-Congo,gbx,BJ,L,Benin,Africa
"Gbe, Gbesi",Niger-Congo,gbs,BJ,L,Benin,Africa
"Gbe, Kotafon",Niger-Congo,kqk,BJ,L,Benin,Africa
"Gbe, Maxi",Niger-Congo,mxl,BJ,L,Benin,Africa
"Gbe, Saxwe",Niger-Congo,sxw,BJ,L,Benin,Africa
"Gbe, Tofin",Niger-Congo,tfi,BJ,L,Benin,Africa
"Gbe, Waci",Niger-Congo,wci,TG,L,Togo,Africa
"Gbe, Weme",Niger-Congo,wem,BJ,L,Benin,Africa
"Gbe, Western Xwla",Niger-Congo,xwl,BJ,L,Benin,Africa
"Gbe, Xwela",Niger-Congo,xwe,BJ,L,Benin,Africa
Gbii,Niger-Congo,ggb,LR,L,Liberia,Africa
Gbin,Niger-Congo,xgb,CI,X,Côte d’Ivoire,Africa
Gciriku,Niger-Congo,diu,,L,Namibia,Africa
Ge,Hmong-Mien,hmj,CN,L,China,Asia
Gebe,Austronesian,gei,ID,L,Indonesia,Asia
Gebusi,Trans-New Guinea,goi,PG,L,Papua New Guinea,Pacific
Gedaged,Austronesian,gdd,PG,L,Papua New Guinea,Pacific
Gedeo,Afro-Asiatic,drs,ET,L,Ethiopia,Africa
Geez,Afro-Asiatic,gez,ET,L,Ethiopia,Africa
Gela,Austronesian,nlg,SB,L,Solomon Islands,Pacific
"Gelao, Green",Kra-Dai,giq,VN,L,Vietnam,Asia
"Gelao, Red",Kra-Dai,gir,VN,L,Vietnam,Asia
Geme,Niger-Congo,geq,CF,L,Central African Republic,Africa
Gen,Niger-Congo,gej,TG,L,Togo,Africa
Gende,Trans-New Guinea,gaf,PG,L,Papua New Guinea,Pacific
Gengle,Niger-Congo,geg,NG,L,Nigeria,Africa
Georgian,Kartvelian,kat,GE,L,Georgia,Asia
Gepo,Sino-Tibetan,ygp,CN,L,China,Asia
Gera,Afro-Asiatic,gew,NG,L,Nigeria,Africa
Gerai,Austronesian,gef,ID,L,Indonesia,Asia
"German, Colonia Tovar",Indo-European,gct,VE,L,Venezuela,Americas
"German, Pennsylvania",Indo-European,pdc,US,L,United States,Americas
"German, Standard",Indo-European,deu,DE,L,Germany,Europe
"German, Swiss",Indo-European,gsw,CH,L,Switzerland,Europe
Geruma,Afro-Asiatic,gea,NG,L,Nigeria,Africa
Geser-Gorom,Austronesian,ges,ID,L,Indonesia,Asia
Ghadamès,Afro-Asiatic,gha,LY,L,Libya,Africa
"Ghale, Northern",Sino-Tibetan,ghh,NP,L,Nepal,Asia
"Ghale, Southern",Sino-Tibetan,ghe,NP,L,Nepal,Asia
Ghanaian Pidgin English,Creole,gpe,GH,L,Ghana,Africa
Ghanongga,Austronesian,ghn,SB,L,Solomon Islands,Pacific
Ghari,Austronesian,gri,SB,L,Solomon Islands,Pacific
Ghayavi,Austronesian,bmk,PG,L,Papua New Guinea,Pacific
Ghera,Indo-European,ghr,PK,L,Pakistan,Asia
Ghodoberi,Nakh-Daghestanian,gdo,RU,L,Russian Federation,Europe
Ghomálá’,Niger-Congo,bbj,CM,L,Cameroon,Africa
Ghomara,Afro-Asiatic,gho,MA,L,Morocco,Africa
Ghotuo,Niger-Congo,aaa,NG,L,Nigeria,Africa
Ghulfan,Nilo-Saharan,ghl,SD,L,Sudan,Africa
Gibanawa,Pidgin,gib,NG,L,Nigeria,Africa
Gichuka,Niger-Congo,cuh,KE,L,Kenya,Africa
Gidar,Afro-Asiatic,gid,CM,L,Cameroon,Africa
Giiwo,Afro-Asiatic,kks,NG,L,Nigeria,Africa
Gikuyu,Niger-Congo,kik,KE,L,Kenya,Africa
Gikyode,Niger-Congo,acd,GH,L,Ghana,Africa
Gilaki,Indo-European,glk,IR,L,Iran,Asia
Gilima,Niger-Congo,gix,CD,L,Democratic Republic of the Congo,Africa
Gilyak,Language isolate,niv,RU,L,Russian Federation,Europe
Gimi,Austronesian,,,,Namibia,Africa
Gimi,Trans-New Guinea,,,,Namibia,Africa
Gimme,Niger-Congo,kmp,CM,L,Cameroon,Africa
Gimnime,Niger-Congo,gmn,CM,L,Cameroon,Africa
Ginuman,Trans-New Guinea,gnm,PG,L,Papua New Guinea,Pacific
Ginyanga,Niger-Congo,ayg,TG,L,Togo,Africa
Girawa,Trans-New Guinea,bbr,PG,L,Papua New Guinea,Pacific
Girirra,Afro-Asiatic,gii,ET,L,Ethiopia,Africa
Githabul,Australian,gih,AU,L,Australia,Pacific
Gitua,Austronesian,ggt,PG,L,Papua New Guinea,Pacific
Gitxsan,Tsimshian,git,CA,L,Canada,Americas
Giyug,Australian,giy,AU,X,Australia,Pacific
Giziga,Afro-Asiatic,giz,CM,L,Cameroon,Africa
"Giziga, North",Afro-Asiatic,gis,CM,L,Cameroon,Africa
Gizrra,Eastern Trans-Fly,tof,PG,L,Papua New Guinea,Pacific
Glaro-Twabo,Niger-Congo,glr,LR,L,Liberia,Africa
Glavda,Afro-Asiatic,glw,NG,L,Nigeria,Africa
Glio-Oubi,Niger-Congo,oub,LR,L,Liberia,Africa
Gnau,Torricelli,gnu,PG,L,Papua New Guinea,Pacific
Goaria,Indo-European,gig,PK,L,Pakistan,Asia
Gobu,Niger-Congo,gox,CD,L,Democratic Republic of the Congo,Africa
Godié,Niger-Congo,god,CI,L,Côte d’Ivoire,Africa
Godwari,Indo-European,gdx,IN,L,India,Asia
Goemai,Afro-Asiatic,ank,NG,L,Nigeria,Africa
Gofa,Afro-Asiatic,gof,ET,L,Ethiopia,Africa
Gogo,Niger-Congo,gog,TZ,L,Tanzania,Africa
Gogodala,Trans-New Guinea,ggw,PG,L,Papua New Guinea,Pacific
Gokana,Niger-Congo,gkn,NG,L,Nigeria,Africa
Gola,Niger-Congo,gol,LR,L,Liberia,Africa
Golin,Trans-New Guinea,gvf,PG,L,Papua New Guinea,Pacific
Golpa,Australian,lja,AU,L,Australia,Pacific
"Gondi, Adilabad",Dravidian,wsg,IN,L,India,Asia
"Gondi, Aheri",Dravidian,esg,IN,L,India,Asia
"Gondi, Northern",Dravidian,gno,IN,L,India,Asia
Gone Dau,Austronesian,goo,FJ,L,Fiji,Pacific
Gongduk,Sino-Tibetan,goe,BT,L,Bhutan,Asia
Gonja,Niger-Congo,gjn,GH,L,Ghana,Africa
Goo,Niger-Congo,gov,CI,L,Côte d’Ivoire,Africa
"Goodenough, West",Austronesian,ddi,PG,L,Papua New Guinea,Pacific
Gooniyandi,Australian,gni,AU,L,Australia,Pacific
Gor,Nilo-Saharan,gqr,TD,L,Chad,Africa
Gorakor,Austronesian,goc,PG,L,Papua New Guinea,Pacific
Gorap,Austronesian,goq,ID,L,Indonesia,Asia
Goreng,Australian,xgg,AU,X,Australia,Pacific
Gorontalo,Austronesian,gor,ID,L,Indonesia,Asia
Gorovu,Ramu-Lower Sepik,grq,PG,L,Papua New Guinea,Pacific
Gorwaa,Afro-Asiatic,gow,TZ,L,Tanzania,Africa
Goundo,Niger-Congo,goy,TD,L,Chad,Africa
Gourmanchéma,Niger-Congo,gux,BF,L,Burkina Faso,Africa
Gowlan,Indo-European,goj,IN,L,India,Asia
Gowli,Indo-European,gok,IN,L,India,Asia
Gowro,Indo-European,gwf,PK,L,Pakistan,Asia
Gozarkhani,Indo-European,goz,IR,L,Iran,Asia
Grangali,Indo-European,nli,AF,L,Afghanistan,Asia
"Great Andamanese, Mixed",Andamanese,gac,IN,L,India,Asia
"Grebo, Barclayville",Niger-Congo,gry,LR,L,Liberia,Africa
"Grebo, Central",Niger-Congo,grv,LR,L,Liberia,Africa
"Grebo, Gboloo",Niger-Congo,gec,LR,L,Liberia,Africa
"Grebo, Northern",Niger-Congo,gbo,LR,L,Liberia,Africa
"Grebo, Southern",Niger-Congo,grj,LR,L,Liberia,Africa
Greek,Indo-European,ell,GR,L,Greece,Europe
"Greek, Ancient",Indo-European,grc,GR,L,Greece,Europe
Greenlandic,Eskimo-Aleut,kal,GL,L,Greenland,Americas
Grenadian English Creole,Creole,gcl,GD,L,Grenada,Americas
Gresi,Nimboran,grs,ID,L,Indonesia,Asia
Groma,Sino-Tibetan,gro,CN,L,China,Asia
Gronings,Indo-European,gos,NL,L,Netherlands,Europe
Gros Ventre,Algic,ats,US,L,United States,Americas
Gua,Niger-Congo,gwx,GH,L,Ghana,Africa
Guadeloupean French Creole,Creole,gcf,GP,L,Guadeloupe,Americas
Guahibo,Guajiboan,guh,CO,L,Colombia,Americas
Guajá,Tupian,gvj,BR,L,Brazil,Americas
Guajajára,Tupian,gub,BR,L,Brazil,Americas
Guana,Maipurean,,,,Namibia,Africa
Guana,Mascoyan,,,,Namibia,Africa
Guanche,Afro-Asiatic,gnc,ES,X,Spain,Europe
"Guaraní, Ava",Tupian,nhd,PY,L,Paraguay,Americas
"Guaraní, Eastern Bolivian",Tupian,gui,BO,L,Bolivia,Americas
"Guaraní, Mbyá",Tupian,gun,BR,L,Brazil,Americas
"Guaraní, Paraguayan",Tupian,gug,PY,L,Paraguay,Americas
"Guaraní, Western Bolivian",Tupian,gnw,BO,L,Bolivia,Americas
Guarayu,Tupian,gyr,BO,L,Bolivia,Americas
Guarequena,Maipurean,gae,VE,L,Venezuela,Americas
Guató,Language isolate,gta,BR,L,Brazil,Americas
Guayabero,Guajiboan,guo,CO,L,Colombia,Americas
Gudang,Australian,xgd,AU,X,Australia,Pacific
Gudanji,Australian,nji,AU,X,Australia,Pacific
Gude,Afro-Asiatic,gde,NG,L,Nigeria,Africa
Gudu,Afro-Asiatic,gdu,NG,L,Nigeria,Africa
Guduf-Gava,Afro-Asiatic,gdf,NG,L,Nigeria,Africa
Guébie,Niger-Congo,gie,CI,L,Côte d’Ivoire,Africa
Guernésiais,Indo-European,nrf,GG,L,Guernsey,Europe
Gugadj,Australian,ggd,AU,X,Australia,Pacific
Gugu Badhun,Australian,gdc,AU,L,Australia,Pacific
Gugu Warra,Australian,wrw,AU,X,Australia,Pacific
Guhu-Samane,Trans-New Guinea,ghs,PG,L,Papua New Guinea,Pacific
Guianese French Creole,Creole,gcr,GF,L,French Guiana,Americas
Guinea-Bissau Creole,Creole,pov,GW,L,Guinea-Bissau,Africa
Guiqiong,Sino-Tibetan,gqi,CN,L,China,Asia
Gujarati,Indo-European,guj,IN,L,India,Asia
Gujari,Indo-European,gju,IN,L,India,Asia
Gula,Nilo-Saharan,,,,Namibia,Africa
Gula,Nilo-Saharan,,,,Namibia,Africa
Gula Iro,Niger-Congo,glj,TD,L,Chad,Africa
Gula’alaa,Austronesian,gmb,SB,L,Solomon Islands,Pacific
Gulay,Nilo-Saharan,gvl,TD,L,Chad,Africa
Gule,Nilo-Saharan,gly,SD,L,Sudan,Africa
Gumalu,Trans-New Guinea,gmu,PG,L,Papua New Guinea,Pacific
Gumatj,Australian,gnn,AU,L,Australia,Pacific
Gumawana,Austronesian,gvs,PG,L,Papua New Guinea,Pacific
Gumuz,Nilo-Saharan,guk,ET,L,Ethiopia,Africa
Gun,Niger-Congo,guw,BJ,L,Benin,Africa
Gundi,Niger-Congo,gdi,CF,L,Central African Republic,Africa
Gunditjmara,Australian,gjm,AU,X,Australia,Pacific
Gundungurra,Australian,xrd,AU,L,Australia,Pacific
Gungabula,Australian,gyf,AU,X,Australia,Pacific
Gungu,Niger-Congo,rub,UG,L,Uganda,Africa
Gunwinggu,Australian,gup,AU,L,Australia,Pacific
Gunya,Australian,gyy,AU,X,Australia,Pacific
Gupa-Abawa,Niger-Congo,gpa,NG,L,Nigeria,Africa
Gupapuyngu,Australian,guf,AU,L,Australia,Pacific
Guramalum,Austronesian,grz,PG,X,Papua New Guinea,Pacific
Gurani,Indo-European,hac,IR,L,Iran,Asia
Gurdjar,Australian,gdj,AU,L,Australia,Pacific
Gureng Gureng,Australian,gnr,AU,L,Australia,Pacific
Gurgula,Indo-European,ggg,PK,L,Pakistan,Asia
Gurindji,Australian,gue,AU,L,Australia,Pacific
Gurindji Kriol,Mixed language,gjr,AU,L,Australia,Pacific
Gurmana,Niger-Congo,gvm,NG,L,Nigeria,Africa
Guro,Niger-Congo,goa,CI,L,Côte d’Ivoire,Africa
Gurr-goni,Australian,gge,AU,L,Australia,Pacific
Gurung,Sino-Tibetan,gvr,NP,L,Nepal,Asia
Guruntum-Mbaaru,Afro-Asiatic,grd,NG,L,Nigeria,Africa
Gusilay,Niger-Congo,gsl,SN,L,Senegal,Africa
Guugu Yimidhirr,Australian,kky,AU,L,Australia,Pacific
Guwa,Australian,xgw,AU,X,Australia,Pacific
Guwamu,Australian,gwu,AU,X,Australia,Pacific
Guya,Trans-New Guinea,gka,PG,L,Papua New Guinea,Pacific
Guyanese Creole,Creole,gyn,GY,L,Guyana,Americas
Guyani,Australian,gvy,AU,X,Australia,Pacific
Gvoko,Afro-Asiatic,ngs,NG,L,Nigeria,Africa
Gwa,Niger-Congo,gwb,NG,L,Nigeria,Africa
Gwahatike,Trans-New Guinea,dah,PG,L,Papua New Guinea,Pacific
Gwak,Niger-Congo,jgk,NG,L,Nigeria,Africa
Gwama,Nilo-Saharan,kmq,ET,L,Ethiopia,Africa
Gwamhi-Wuri,Niger-Congo,bga,NG,L,Nigeria,Africa
Gwandara,Afro-Asiatic,gwn,NG,L,Nigeria,Africa
Gwatlelir,Austronesian,bay,ID,L,Indonesia,Asia
Gweda,Austronesian,grw,PG,L,Papua New Guinea,Pacific
Gweno,Niger-Congo,gwe,TZ,L,Tanzania,Africa
Gwere,Niger-Congo,gwr,UG,L,Uganda,Africa
Gwich’in,Eyak-Athabaskan,gwi,CA,L,Canada,Americas
Gyaazi,Afro-Asiatic,gyz,NG,L,Nigeria,Africa
Gyalsumdo,Sino-Tibetan,gyo,NP,L,Nepal,Asia
Gyeli,Niger-Congo,gyi,CM,L,Cameroon,Africa
Gyem,Niger-Congo,gye,NG,L,Nigeria,Africa
Gyong,Niger-Congo,kdm,NG,L,Nigeria,Africa
ǀGwi,Khoe-Kwadi,gwj,BW,L,Botswana,Africa
ǁGana,Khoe-Kwadi,gnk,BW,L,Botswana,Africa
Ha,Niger-Congo,haq,TZ,L,Tanzania,Africa
Habun,Austronesian,hbu,TL,L,East Timor,Asia
Hadiyya,Afro-Asiatic,hdy,ET,L,Ethiopia,Africa
Hadza,Language isolate,hts,TZ,L,Tanzania,Africa
Haeke,Austronesian,aek,NC,L,New Caledonia,Pacific
Hahon,Austronesian,hah,PG,L,Papua New Guinea,Pacific
Hai|ǁom,Khoe-Kwadi,hgm,,L,Namibia,Africa
"Haida, Northern",Haida,hdn,CA,L,Canada,Americas
"Haida, Southern",Haida,hax,CA,L,Canada,Americas
Haigwai,Austronesian,hgw,PG,L,Papua New Guinea,Pacific
Hainanese,Sino-Tibetan,hnm,CN,L,China,Asia
Haisla,Wakashan,has,CA,L,Canada,Americas
Haitian Creole,Creole,hat,HT,L,Haiti,Americas
Haitian Vodoun Culture Language,Unclassified,hvc,HT,L,Haiti,Americas
Haji,Austronesian,hji,ID,L,Indonesia,Asia
Hajong,Indo-European,haj,IN,L,India,Asia
Hakö,Austronesian,hao,PG,L,Papua New Guinea,Pacific
Halang,Austro-Asiatic,hal,VN,L,Vietnam,Asia
Halang Doan,Austro-Asiatic,hld,VN,L,Vietnam,Asia
Halbi,Indo-European,hlb,IN,L,India,Asia
Halia,Austronesian,hla,PG,L,Papua New Guinea,Pacific
Halkomelem,Salish,hur,CA,L,Canada,Americas
Hamap,Trans-New Guinea,hmu,ID,L,Indonesia,Asia
Hamba,Niger-Congo,hba,CD,L,Democratic Republic of the Congo,Africa
Hamer-Banne,Afro-Asiatic,amf,ET,L,Ethiopia,Africa
Hamtai,Trans-New Guinea,hmt,PG,L,Papua New Guinea,Pacific
Han,Eyak-Athabaskan,haa,US,L,United States,Americas
Hanga,Niger-Congo,hag,GH,L,Ghana,Africa
Hanga Hundi,Sepik,wos,PG,L,Papua New Guinea,Pacific
Hangaza,Niger-Congo,han,TZ,L,Tanzania,Africa
Hani,Sino-Tibetan,hni,CN,L,China,Asia
Hano,Austronesian,lml,VU,L,Vanuatu,Pacific
Hanunoo,Austronesian,hnn,PH,L,Philippines,Asia
Harari,Afro-Asiatic,har,ET,L,Ethiopia,Africa
Haroi,Austronesian,hro,VN,L,Vietnam,Asia
Haroti,Indo-European,hoj,IN,L,India,Asia
Harsusi,Afro-Asiatic,hss,OM,L,Oman,Asia
Haruai,Piawi,tmd,PG,L,Papua New Guinea,Pacific
Haruku,Austronesian,hrk,ID,L,Indonesia,Asia
Haryanvi,Indo-European,bgc,IN,L,India,Asia
Harzani,Indo-European,hrz,IR,L,Iran,Asia
Hasha,Niger-Congo,ybj,NG,L,Nigeria,Africa
Hassaniyya,Afro-Asiatic,mey,MR,L,Mauritania,Africa
Hatam,Language isolate,had,ID,L,Indonesia,Asia
Hausa,Afro-Asiatic,hau,NG,L,Nigeria,Africa
Havasupai-Hualapai-Yavapai,Cochimí-Yuman,yuf,US,L,United States,Americas
Haveke,Austronesian,hvk,NC,L,New Caledonia,Pacific
Havu,Niger-Congo,hav,CD,L,Democratic Republic of the Congo,Africa
Hawaii Pidgin,Creole,hwc,US,L,United States,Americas
Hawaiian,Austronesian,haw,US,L,United States,Americas
Hawu,Austronesian,hvn,ID,L,Indonesia,Asia
Haya,Niger-Congo,hay,TZ,L,Tanzania,Africa
Hazaragi,Indo-European,haz,AF,L,Afghanistan,Asia
Hdi,Afro-Asiatic,xed,CM,L,Cameroon,Africa
Hebrew,Afro-Asiatic,heb,IL,L,Israel,Asia
"Hebrew, Ancient",Afro-Asiatic,hbo,IL,L,Israel,Asia
Hehe,Niger-Congo,heh,TZ,L,Tanzania,Africa
Heiban,Niger-Congo,hbn,SD,L,Sudan,Africa
Heiltsuk,Wakashan,hei,CA,L,Canada,Americas
Heiyoho,Torricelli,auk,PG,L,Papua New Guinea,Pacific
Helong,Austronesian,heg,ID,L,Indonesia,Asia
Hema,Niger-Congo,nix,CD,L,Democratic Republic of the Congo,Africa
Hemba,Niger-Congo,hem,CD,L,Democratic Republic of the Congo,Africa
Hember Avu,Trans-New Guinea,mmi,PG,L,Papua New Guinea,Pacific
Herdé,Afro-Asiatic,hed,TD,L,Chad,Africa
Herero,Niger-Congo,her,,L,Namibia,Africa
Hermit,Austronesian,llf,PG,X,Papua New Guinea,Pacific
Hértevin,Afro-Asiatic,hrt,TR,L,Turkey,Asia
Hewa,Sepik,ham,PG,L,Papua New Guinea,Pacific
Hibito,Cholonan,hib,PE,X,Peru,Americas
Hidatsa,Siouan-Catawban,hid,US,L,United States,Americas
Higaonon,Austronesian,mba,PH,L,Philippines,Asia
Hijuk,Niger-Congo,hij,CM,L,Cameroon,Africa
Hiligaynon,Austronesian,hil,PH,L,Philippines,Asia
Himarimã,Unclassified,hir,BR,L,Brazil,Americas
Hindi,Indo-European,hin,IN,L,India,Asia
"Hindko, Northern",Indo-European,hno,PK,L,Pakistan,Asia
"Hindko, Southern",Indo-European,hnd,PK,L,Pakistan,Asia
Hinduri,Indo-European,hii,IN,L,India,Asia
"Hindustani, Sarnami",Indo-European,hns,SR,L,Suriname,Americas
Hinukh,Nakh-Daghestanian,gin,RU,L,Russian Federation,Europe
Hitu,Austronesian,htu,ID,L,Indonesia,Asia
Hiw,Austronesian,hiw,VU,L,Vanuatu,Pacific
Hixkaryána,Cariban,hix,BR,L,Brazil,Americas
Hlai,Kra-Dai,lic,CN,L,China,Asia
Hlersu,Sino-Tibetan,hle,CN,L,China,Asia
Hmar,Sino-Tibetan,hmr,IN,L,India,Asia
Hmong Daw,Hmong-Mien,mww,CN,L,China,Asia
Hmong Dô,Hmong-Mien,hmv,VN,L,Vietnam,Asia
Hmong Don,Hmong-Mien,hmf,VN,L,Vietnam,Asia
Hmong Njua,Hmong-Mien,hnj,LA,L,Laos,Asia
Hmwaveke,Austronesian,mrk,NC,L,New Caledonia,Pacific
Ho,Austro-Asiatic,hoc,IN,L,India,Asia
Ho-Chunk,Siouan-Catawban,win,US,L,United States,Americas
Hoava,Austronesian,hoa,SB,L,Solomon Islands,Pacific
Hobyót,Afro-Asiatic,hoh,YE,L,Yemen,Asia
Hodï,Language isolate,yau,VE,L,Venezuela,Americas
Hohumono,Niger-Congo,bcs,NG,L,Nigeria,Africa
Hoia Hoia,Trans-New Guinea,hhi,PG,L,Papua New Guinea,Pacific
Holikachuk,Eyak-Athabaskan,hoi,US,L,United States,Americas
Holiya,Dravidian,hoy,IN,L,India,Asia
Holma,Afro-Asiatic,hod,NG,X,Nigeria,Africa
Holoholo,Niger-Congo,hoo,CD,L,Democratic Republic of the Congo,Africa
Holu,Niger-Congo,hol,AO,L,Angola,Africa
Homa,Niger-Congo,hom,SS,X,South Sudan,Africa
Hõne,Niger-Congo,juh,NG,L,Nigeria,Africa
Honi,Sino-Tibetan,how,CN,L,China,Asia
Hopi,Uto-Aztecan,hop,US,L,United States,Americas
Horo,Nilo-Saharan,hor,TD,X,Chad,Africa
Horom,Niger-Congo,hoe,NG,L,Nigeria,Africa
Horpa,Sino-Tibetan,ero,CN,L,China,Asia
Hoti,Austronesian,hti,ID,X,Indonesia,Asia
Hovongan,Austronesian,hov,ID,L,Indonesia,Asia
Hoyahoya,Trans-New Guinea,hhy,PG,L,Papua New Guinea,Pacific
Hozo,Afro-Asiatic,hoz,ET,L,Ethiopia,Africa
Hpon,Sino-Tibetan,hpo,MM,L,Myanmar,Asia
Hrangkhol,Sino-Tibetan,hra,IN,L,India,Asia
Hre,Austro-Asiatic,hre,VN,L,Vietnam,Asia
Hruso,Sino-Tibetan,hru,IN,L,India,Asia
Hu,Austro-Asiatic,huo,CN,L,China,Asia
Huachipaeri,Harákmbut,hug,PE,L,Peru,Americas
Huarijío,Uto-Aztecan,var,MX,L,Mexico,Americas
Huastec,Mayan,hus,MX,L,Mexico,Americas
Huaulu,Austronesian,hud,ID,L,Indonesia,Asia
"Huave, San Dionisio del Mar",Huavean,hve,MX,L,Mexico,Americas
"Huave, San Francisco del Mar",Huavean,hue,MX,L,Mexico,Americas
"Huave, San Mateo del Mar",Huavean,huv,MX,L,Mexico,Americas
"Huave, Santa María del Mar",Huavean,hvv,MX,L,Mexico,Americas
Huichol,Uto-Aztecan,hch,MX,L,Mexico,Americas
Huilliche,Mapudungu,huh,CL,L,Chile,Americas
Hukumina,Austronesian,huw,ID,X,Indonesia,Asia
Hulaulá,Afro-Asiatic,huy,IL,L,Israel,Asia
Huli,Trans-New Guinea,hui,PG,L,Papua New Guinea,Pacific
Hulung,Austronesian,huk,ID,X,Indonesia,Asia
Humene,Trans-New Guinea,huf,PG,L,Papua New Guinea,Pacific
Humla,Sino-Tibetan,hut,NP,L,Nepal,Asia
Hunde,Niger-Congo,hke,CD,L,Democratic Republic of the Congo,Africa
Hung,Austro-Asiatic,hnu,LA,L,Laos,Asia
Hungana,Niger-Congo,hum,CD,L,Democratic Republic of the Congo,Africa
Hungarian,Uralic,hun,HU,L,Hungary,Europe
Hungu,Niger-Congo,hng,AO,L,Angola,Africa
Hunjara-Kaina Ke,Trans-New Guinea,hkk,PG,L,Papua New Guinea,Pacific
Hunsrik,Indo-European,hrx,BR,L,Brazil,Americas
Hunzib,Indo-European,huz,RU,L,Russian Federation,Europe
Hupa,Eyak-Athabaskan,hup,US,L,United States,Americas
Hupdë,Puinavean,jup,BR,L,Brazil,Americas
Hupla,Trans-New Guinea,hap,ID,L,Indonesia,Asia
Hutterisch,Indo-European,geh,CA,L,Canada,Americas
Hwana,Afro-Asiatic,hwo,NG,L,Nigeria,Africa
Hya,Afro-Asiatic,hya,CM,L,Cameroon,Africa
Hyam,Niger-Congo,jab,NG,L,Nigeria,Africa
Hyolmo,Sino-Tibetan,scp,NP,L,Nepal,Asia
I-wak,Austronesian,iwk,PH,L,Philippines,Asia
I’saka,Skou,ksi,PG,L,Papua New Guinea,Pacific
Iaai,Austronesian,iai,NC,L,New Caledonia,Pacific
Iamalele,Austronesian,yml,PG,L,Papua New Guinea,Pacific
Iatê,Language isolate,fun,BR,L,Brazil,Americas
Iatmul,Sepik,ian,PG,L,Papua New Guinea,Pacific
Iau,Lakes Plain,tmu,ID,L,Indonesia,Asia
Ibaas,Niger-Congo,cen,NG,L,Nigeria,Africa
Ibaloi,Austronesian,ibl,PH,L,Philippines,Asia
Iban,Austronesian,iba,MY,L,Malaysia,Asia
Ibanag,Austronesian,ibg,PH,L,Philippines,Asia
Ibani,Niger-Congo,iby,NG,L,Nigeria,Africa
Ibatan,Austronesian,ivb,PH,L,Philippines,Asia
Ibibio,Niger-Congo,ibb,NG,L,Nigeria,Africa
Ibino,Niger-Congo,ibn,NG,L,Nigeria,Africa
Ibu,West Papuan,ibu,ID,L,Indonesia,Asia
Ibuoro,Niger-Congo,ibr,NG,L,Nigeria,Africa
Icelandic,Indo-European,isl,IS,L,Iceland,Europe
Iceve-Maci,Niger-Congo,bec,CM,L,Cameroon,Africa
Ida’an,Austronesian,dbj,MY,L,Malaysia,Asia
Idaté,Austronesian,idt,TL,L,East Timor,Asia
Idere,Niger-Congo,ide,NG,L,Nigeria,Africa
Idi,South-Central Papuan,idi,PG,L,Papua New Guinea,Pacific
Idio,Austronesian,mft,PG,L,Papua New Guinea,Pacific
Idoma,Niger-Congo,idu,NG,L,Nigeria,Africa
Idu-Mishmi,Sino-Tibetan,clk,IN,L,India,Asia
Iduna,Austronesian,viv,PG,L,Papua New Guinea,Pacific
Ifè,Niger-Congo,ife,TG,L,Togo,Africa
Ifo,Austronesian,iff,VU,X,Vanuatu,Pacific
"Ifugao, Amganad",Austronesian,ifa,PH,L,Philippines,Asia
"Ifugao, Batad",Austronesian,ifb,PH,L,Philippines,Asia
"Ifugao, Mayoyao",Austronesian,ifu,PH,L,Philippines,Asia
"Ifugao, Tuwali",Austronesian,ifk,PH,L,Philippines,Asia
Igala,Niger-Congo,igl,NG,L,Nigeria,Africa
Igana,Ramu-Lower Sepik,igg,PG,L,Papua New Guinea,Pacific
Igbo,Niger-Congo,ibo,NG,L,Nigeria,Africa
Igede,Niger-Congo,ige,NG,L,Nigeria,Africa
Ignaciano,Maipurean,ign,BO,L,Bolivia,Americas
Igo,Niger-Congo,ahl,TG,L,Togo,Africa
Iguta,Niger-Congo,nar,NG,L,Nigeria,Africa
Igwe,Niger-Congo,igw,NG,L,Nigeria,Africa
Iha,Trans-New Guinea,ihp,ID,L,Indonesia,Asia
Iha Based Pidgin,Pidgin,ihb,ID,L,Indonesia,Asia
Ihievbe,Niger-Congo,ihi,NG,L,Nigeria,Africa
"Ijo, Southeast",Niger-Congo,ijs,NG,L,Nigeria,Africa
Ik,Nilo-Saharan,ikx,UG,L,Uganda,Africa
Ika,Niger-Congo,ikk,NG,L,Nigeria,Africa
Ikaranggal,Australian,ikr,AU,X,Australia,Pacific
Ikhin-Aokho,Niger-Congo,ikh,NG,L,Nigeria,Africa
Ikizu,Niger-Congo,ikz,TZ,L,Tanzania,Africa
Iko,Niger-Congo,iki,NG,L,Nigeria,Africa
Ikobi,Trans-New Guinea,meb,PG,L,Papua New Guinea,Pacific
Ikoma-Nata-Isenye,Niger-Congo,ntk,TZ,L,Tanzania,Africa
Ikpeng,Cariban,txi,BR,L,Brazil,Americas
Ikpeshi,Niger-Congo,ikp,NG,L,Nigeria,Africa
Ikposo,Niger-Congo,kpo,TG,L,Togo,Africa
Iku-Gora-Ankwa,Niger-Congo,ikv,NG,L,Nigeria,Africa
Ikulu,Niger-Congo,ikl,NG,L,Nigeria,Africa
Ikwere,Niger-Congo,ikw,NG,L,Nigeria,Africa
Ikwo,Niger-Congo,iqw,NG,L,Nigeria,Africa
Ila,Niger-Congo,ilb,ZM,L,Zambia,Africa
Ile Ape,Austronesian,ila,ID,L,Indonesia,Asia
Ili Turki,Turkic,ili,CN,L,China,Asia
Ili’uun,Austronesian,ilu,ID,L,Indonesia,Asia
Ilocano,Austronesian,ilo,PH,L,Philippines,Asia
Ilue,Niger-Congo,ilv,NG,L,Nigeria,Africa
Imbongu,Trans-New Guinea,imo,PG,L,Papua New Guinea,Pacific
Imonda,Border,imn,PG,L,Papua New Guinea,Pacific
Imotong,Nilo-Saharan,imt,SS,L,South Sudan,Africa
Imroing,Austronesian,imr,ID,L,Indonesia,Asia
Inabaknon,Austronesian,abx,PH,L,Philippines,Asia
Inagta Alabat,Austronesian,dul,PH,L,Philippines,Asia
Inapang,Ramu-Lower Sepik,mzu,PG,L,Papua New Guinea,Pacific
Iñapari,Maipurean,inp,PE,L,Peru,Americas
Indo-Portuguese,Creole,idb,IN,L,India,Asia
Indonesian,Austronesian,ind,ID,L,Indonesia,Asia
"Indonesian, Makassar",Austronesian,mfp,ID,L,Indonesia,Asia
"Indonesian, Peranakan",Creole,pea,ID,L,Indonesia,Asia
Indri,Niger-Congo,idr,SS,L,South Sudan,Africa
Ineseño,Chumashan,inz,US,L,United States,Americas
Inga,Quechuan,inb,CO,L,Colombia,Americas
"Inga, Jungle",Quechuan,inj,CO,L,Colombia,Americas
Ingrian,Uralic,izh,RU,L,Russian Federation,Europe
Ingush,Nakh-Daghestanian,inh,RU,L,Russian Federation,Europe
Inku,Indo-European,jat,AF,X,Afghanistan,Asia
Innu,Algic,moe,CA,L,Canada,Americas
Inoke-Yate,Trans-New Guinea,ino,PG,L,Papua New Guinea,Pacific
Inonhan,Austronesian,loc,PH,L,Philippines,Asia
Inor,Afro-Asiatic,ior,ET,L,Ethiopia,Africa
Inter-Zab Jewish Neo-Aramaic,Afro-Asiatic,aij,IL,L,Israel,Asia
Intha,Sino-Tibetan,int,MM,L,Myanmar,Asia
Inuinnaqtun,Eskimo-Aleut,ikt,CA,L,Canada,Americas
"Inuktitut, Eastern Canadian",Eskimo-Aleut,ike,CA,L,Canada,Americas
"Inupiatun, North Alaskan",Eskimo-Aleut,esi,US,L,United States,Americas
"Inupiatun, Northwest Alaska",Eskimo-Aleut,esk,US,L,United States,Americas
Iowa-Oto,Siouan-Catawban,iow,US,L,United States,Americas
Ipiko,Trans-New Guinea,ipo,PG,L,Papua New Guinea,Pacific
Ipili,Trans-New Guinea,ipi,PG,L,Papua New Guinea,Pacific
Ipulo,Niger-Congo,ass,CM,L,Cameroon,Africa
Iquitu,Zaparoan,iqu,PE,L,Peru,Americas
Ir,Austro-Asiatic,irr,LA,L,Laos,Asia
Irántxe,Language isolate,irn,BR,L,Brazil,Americas
Iranun,Austronesian,,,,Namibia,Africa
Iranun,Austronesian,,,,Namibia,Africa
Iraqw,Afro-Asiatic,irk,TZ,L,Tanzania,Africa
Irarutu,Austronesian,irh,ID,L,Indonesia,Asia
Iraya,Austronesian,iry,PH,L,Philippines,Asia
Irish,Indo-European,gle,IE,L,Ireland,Europe
Irula,Dravidian,iru,IN,L,India,Asia
Isabi,Trans-New Guinea,isa,PG,L,Papua New Guinea,Pacific
Isanzu,Niger-Congo,isn,TZ,L,Tanzania,Africa
Isconahua,Panoan,isc,PE,L,Peru,Americas
Isebe,Trans-New Guinea,igo,PG,L,Papua New Guinea,Pacific
Isekiri,Niger-Congo,its,NG,L,Nigeria,Africa
Ishkashimi,Indo-European,isk,AF,L,Afghanistan,Asia
Isinay,Austronesian,inn,PH,L,Philippines,Asia
Isirawa,Tor-Kwerba,srl,ID,L,Indonesia,Asia
Island Carib,Maipurean,crb,DM,X,Dominica,Americas
Islander English Creole,Creole,icr,CO,L,Colombia,Americas
Isnag,Austronesian,isd,PH,L,Philippines,Asia
Isoko,Niger-Congo,iso,NG,L,Nigeria,Africa
Istriot,Indo-European,ist,HR,L,Croatia,Europe
Isu,Niger-Congo,isu,CM,L,Cameroon,Africa
Isubu,Niger-Congo,szv,CM,L,Cameroon,Africa
Italian,Indo-European,ita,IT,L,Italy,Europe
Itang,Niger-Congo,uta,NG,L,Nigeria,Africa
Itawit,Austronesian,itv,PH,L,Philippines,Asia
Itelmen,Chukotko-Kamchatkan,itl,RU,L,Russian Federation,Europe
Iten,Niger-Congo,etx,NG,L,Nigeria,Africa
Itene,Chapacuran,ite,BO,L,Bolivia,Americas
Itik,Tor-Kwerba,itx,ID,L,Indonesia,Asia
"Itneg, Binongan",Austronesian,itb,PH,L,Philippines,Asia
"Itneg, Inlaud",Austronesian,iti,PH,L,Philippines,Asia
"Itneg, Maeng",Austronesian,itt,PH,L,Philippines,Asia
"Itneg, Masadiit",Austronesian,tis,PH,L,Philippines,Asia
"Itneg, Moyadan",Austronesian,ity,PH,L,Philippines,Asia
Ito,Niger-Congo,itw,NG,L,Nigeria,Africa
Itonama,Language isolate,ito,BO,L,Bolivia,Americas
Itu Mbon Uzo,Niger-Congo,itm,NG,L,Nigeria,Africa
Itza’,Mayan,itz,GT,L,Guatemala,Americas
Iu Mien,Hmong-Mien,ium,CN,L,China,Asia
Ivatan,Austronesian,ivv,PH,L,Philippines,Asia
Ivbie North-Okpela-Arhe,Niger-Congo,atg,NG,L,Nigeria,Africa
Iwaidja,Australian,ibd,AU,L,Australia,Pacific
Iwal,Austronesian,kbm,PG,L,Papua New Guinea,Pacific
Iwam,Sepik,iwm,PG,L,Papua New Guinea,Pacific
"Iwam, Sepik",Sepik,iws,PG,L,Papua New Guinea,Pacific
Ixcatec,Otomanguean,ixc,MX,L,Mexico,Americas
Ixil,Mayan,ixl,GT,L,Guatemala,Americas
Iyansi,Niger-Congo,yns,CD,L,Democratic Republic of the Congo,Africa
Iyasa,Niger-Congo,yko,CM,L,Cameroon,Africa
Iyayu,Niger-Congo,iya,NG,L,Nigeria,Africa
Iyive,Niger-Congo,uiv,CM,L,Cameroon,Africa
Iyo,Trans-New Guinea,nca,PG,L,Papua New Guinea,Pacific
Iyongiyong,Niger-Congo,bbs,NG,L,Nigeria,Africa
Izere,Niger-Congo,izr,NG,L,Nigeria,Africa
Izii,Niger-Congo,izz,NG,L,Nigeria,Africa
Izon,Niger-Congo,ijc,NG,L,Nigeria,Africa
Izora,Niger-Congo,cbo,NG,L,Nigeria,Africa
Jabutí,Jabutian,jbt,BR,L,Brazil,Americas
Jad,Sino-Tibetan,jda,IN,L,India,Asia
Jadgali,Indo-European,jdg,PK,L,Pakistan,Asia
Jah Hut,Austro-Asiatic,jah,MY,L,Malaysia,Asia
Jahanka,Niger-Congo,jad,GN,L,Guinea,Africa
Jaitmatang,Australian,xjt,AU,X,Australia,Pacific
Jakalteko,Mayan,jac,GT,L,Guatemala,Americas
Jakattoe,Afro-Asiatic,jrt,NG,L,Nigeria,Africa
Jakun,Austronesian,jak,MY,L,Malaysia,Asia
Jalkunan,Niger-Congo,bxl,BF,L,Burkina Faso,Africa
Jamaican English Creole,Creole,jam,JM,L,Jamaica,Americas
Jamamadí,Arauan,jaa,BR,L,Brazil,Americas
Jandai,Australian,jan,AU,X,Australia,Pacific
Jandavra,Indo-European,jnd,PK,L,Pakistan,Asia
Jangkang,Austronesian,djo,ID,L,Indonesia,Asia
Jangshung,Sino-Tibetan,jna,IN,L,India,Asia
Janji,Niger-Congo,jni,NG,L,Nigeria,Africa
Japanese,Japonic,jpn,JP,L,Japan,Asia
Japreria,Cariban,jru,VE,L,Venezuela,Americas
Jaqaru,Aymaran,jqr,PE,L,Peru,Americas
Jara,Afro-Asiatic,jaf,NG,L,Nigeria,Africa
Jarai,Austronesian,jra,VN,L,Vietnam,Asia
Jarawa,Andamanese,anq,IN,L,India,Asia
Jaru,Australian,ddj,AU,L,Australia,Pacific
Jaunsari,Indo-European,jns,IN,L,India,Asia
Javanese,Austronesian,jav,ID,L,Indonesia,Asia
"Javanese, New Caledonian",Austronesian,jas,NC,L,New Caledonia,Pacific
"Javanese, Suriname",Austronesian,jvn,SR,L,Suriname,Americas
Javindo,Creole,jvd,ID,L,Indonesia,Asia
Jawe,Austronesian,jaz,NC,L,New Caledonia,Pacific
Jaya,Nilo-Saharan,jyy,TD,L,Chad,Africa
Jebero,Cahuapanan,jeb,PE,L,Peru,Americas
Jeh,Austro-Asiatic,jeh,VN,L,Vietnam,Asia
Jehai,Austro-Asiatic,jhi,MY,L,Malaysia,Asia
Jejueo,Koreanic,jje,KR,L,South Korea,Asia
Jemez,Kiowa-Tanoan,tow,US,L,United States,Americas
Jere,Niger-Congo,jer,NG,L,Nigeria,Africa
Jeri Kuo,Niger-Congo,jek,CI,L,Côte d’Ivoire,Africa
Jerung,Sino-Tibetan,jee,NP,L,Nepal,Asia
Jewish Babylonian Aramaic,Afro-Asiatic,tmr,IL,L,Israel,Asia
Jiamao,Kra-Dai,jio,CN,L,China,Asia
Jiarong,Sino-Tibetan,jya,CN,L,China,Asia
Jiba,Niger-Congo,juo,NG,L,Nigeria,Africa
Jibu,Niger-Congo,jib,NG,L,Nigeria,Africa
Jiiddu,Afro-Asiatic,jii,SO,L,Somalia,Africa
Jilbe,Afro-Asiatic,jie,NG,L,Nigeria,Africa
Jimi,Afro-Asiatic,jmi,NG,L,Nigeria,Africa
Jimjimen,Afro-Asiatic,jim,CM,L,Cameroon,Africa
Jingpho,Sino-Tibetan,kac,MM,L,Myanmar,Asia
Jingulu,Australian,jig,AU,L,Australia,Pacific
"Jinuo, Buyuan",Sino-Tibetan,jiy,CN,L,China,Asia
"Jinuo, Youle",Sino-Tibetan,jiu,CN,L,China,Asia
Jirel,Sino-Tibetan,jul,NP,L,Nepal,Asia
Jiru,Niger-Congo,jrr,NG,L,Nigeria,Africa
Jita,Niger-Congo,jit,TZ,L,Tanzania,Africa
Jju,Niger-Congo,kaj,NG,L,Nigeria,Africa
Jo,Austronesian,wsi,VU,L,Vanuatu,Pacific
Jofotek-Bromnya,Tor-Kwerba,jbr,ID,L,Indonesia,Asia
Jogi,Indo-European,jog,PK,L,Pakistan,Asia
Jogwai,Lakes Plain,ert,ID,L,Indonesia,Asia
Jola-Felupe,Niger-Congo,eja,GW,L,Guinea-Bissau,Africa
Jola-Fonyi,Niger-Congo,dyo,SN,L,Senegal,Africa
Jola-Kasa,Niger-Congo,csk,SN,L,Senegal,Africa
Jonkor Bourmataguil,Afro-Asiatic,jeu,TD,L,Chad,Africa
Jopadhola,Nilo-Saharan,adh,UG,L,Uganda,Africa
Jorá,Tupian,jor,BO,X,Bolivia,Americas
Jowulu,Niger-Congo,jow,ML,L,Mali,Africa
Juang,Austro-Asiatic,jun,IN,L,India,Asia
Judeo-Berber,Afro-Asiatic,jbe,MA,L,Morocco,Africa
Judeo-Georgian,Kartvelian,jge,GE,L,Georgia,Asia
Judeo-Italian,Indo-European,itk,IT,L,Italy,Europe
Judeo-Persian,Indo-European,jpr,IR,L,Iran,Asia
Judeo-Tat,Indo-European,jdt,RU,L,Russian Federation,Europe
Jukun Takum,Niger-Congo,jbu,CM,L,Cameroon,Africa
Jula,Niger-Congo,dyu,CI,L,Côte d’Ivoire,Africa
Júma,Tupian,jua,BR,X,Brazil,Americas
Jumjum,Nilo-Saharan,jum,SD,L,Sudan,Africa
Jumli,Indo-European,jml,NP,L,Nepal,Asia
Jur Modo,Nilo-Saharan,bex,SS,L,South Sudan,Africa
Juray,Austro-Asiatic,juy,IN,L,India,Asia
Jurchen,Tungusic,juc,CN,X,China,Asia
Jurúna,Tupian,jur,BR,L,Brazil,Americas
Juu,Afro-Asiatic,juu,NG,L,Nigeria,Africa
Juwar,Torricelli,mwb,PG,L,Papua New Guinea,Pacific
Juǀ’hoansi,Kx’a,ktz,,L,Namibia,Africa
Jwira-Pepesa,Niger-Congo,jwi,GH,L,Ghana,Africa
K’iche’,Mayan,quc,GT,L,Guatemala,Americas
Kaamba,Niger-Congo,xku,CG,L,Congo,Africa
Kaan,Niger-Congo,ldl,NG,L,Nigeria,Africa
Kaansa,Niger-Congo,gna,BF,L,Burkina Faso,Africa
Kaapor,Tupian,urb,BR,L,Brazil,Americas
"Kaba Démé, Sara",Nilo-Saharan,kwg,TD,L,Chad,Africa
"Kaba Naa, Sara",Nilo-Saharan,kwv,TD,L,Chad,Africa
Kabalai,Afro-Asiatic,kvf,TD,L,Chad,Africa
Kabardian,Abkhaz-Adyghe,kbd,RU,L,Russian Federation,Europe
Kabatei,Indo-European,xkp,IR,L,Iran,Asia
Kabba,Nilo-Saharan,ksp,CF,L,Central African Republic,Africa
Kabiyè,Niger-Congo,kbp,TG,L,Togo,Africa
Kabola,Trans-New Guinea,klz,ID,L,Indonesia,Asia
Kaburi,Trans-New Guinea,uka,ID,L,Indonesia,Asia
Kabutra,Indo-European,kbu,PK,L,Pakistan,Asia
Kabuverdianu,Creole,kea,CV,L,Cape Verde Islands,Africa
Kabwa,Niger-Congo,cwa,TZ,L,Tanzania,Africa
Kabwari,Niger-Congo,kcw,CD,L,Democratic Republic of the Congo,Africa
Kabyle,Afro-Asiatic,kab,DZ,L,Algeria,Africa
Kacchi,Indo-European,kfr,IN,L,India,Asia
Kachama-Ganjule,Afro-Asiatic,kcx,ET,L,Ethiopia,Africa
Kachari,Sino-Tibetan,xac,IN,L,India,Asia
Kachok,Austro-Asiatic,xkk,KH,L,Cambodia,Asia
Kadai,Austronesian,kzd,ID,L,Indonesia,Asia
Kadar,Dravidian,kej,IN,L,India,Asia
Kadaru,Nilo-Saharan,kdu,SD,L,Sudan,Africa
Kadazan Dusun,Austronesian,dtp,MY,L,Malaysia,Asia
"Kadazan, Klias River",Austronesian,kqt,MY,L,Malaysia,Asia
"Kadazan, Labuk-Kinabatangan",Austronesian,dtb,MY,L,Malaysia,Asia
Kadiwéu,Guaykuruan,kbc,BR,L,Brazil,Americas
Kadu,Sino-Tibetan,zkd,MM,L,Myanmar,Asia
Kadung,Niger-Congo,dkg,NG,L,Nigeria,Africa
Kaduo,Sino-Tibetan,ktp,CN,L,China,Asia
Kaera,Trans-New Guinea,jka,ID,L,Indonesia,Asia
Kafa,Afro-Asiatic,kbr,ET,L,Ethiopia,Africa
Kafoa,Trans-New Guinea,kpu,ID,L,Indonesia,Asia
Kagayanen,Austronesian,cgc,PH,L,Philippines,Asia
Kagoro,Niger-Congo,xkg,ML,L,Mali,Africa
Kagulu,Niger-Congo,kki,TZ,L,Tanzania,Africa
Kahe,Niger-Congo,hka,TZ,L,Tanzania,Africa
Kahua,Austronesian,agw,SB,L,Solomon Islands,Pacific
Kaibobo,Austronesian,kzb,ID,L,Indonesia,Asia
Kaidipang,Austronesian,kzp,ID,L,Indonesia,Asia
Kaiep,Austronesian,kbw,PG,L,Papua New Guinea,Pacific
Kaikadi,Dravidian,kep,IN,L,India,Asia
Kaike,Sino-Tibetan,kzq,NP,L,Nepal,Asia
Kaiku,Niger-Congo,kkq,CD,L,Democratic Republic of the Congo,Africa
"Kaili, Da’a",Austronesian,kzf,ID,L,Indonesia,Asia
"Kaili, Ledo",Austronesian,lew,ID,L,Indonesia,Asia
"Kaili, Unde",Austronesian,unz,ID,L,Indonesia,Asia
Kaimbé,Unclassified,xai,BR,L,Brazil,Americas
Kaimbulawa,Austronesian,zka,ID,L,Indonesia,Asia
Kaingang,Jean,kgp,BR,L,Brazil,Americas
"Kaingáng, São Paulo",Jean,zkp,BR,X,Brazil,Americas
Kairak,East New Britain,ckr,PG,L,Papua New Guinea,Pacific
Kairiru,Austronesian,kxa,PG,L,Papua New Guinea,Pacific
Kairui-Midiki,Austronesian,krd,TL,L,East Timor,Asia
Kais,Trans-New Guinea,kzm,ID,L,Indonesia,Asia
Kaitag,Nakh-Daghestanian,xdq,RU,L,Russian Federation,Europe
Kaivi,Niger-Congo,kce,NG,L,Nigeria,Africa
Kaiwá,Tupian,kgk,BR,L,Brazil,Americas
Kaiy,Lakes Plain,tcq,ID,L,Indonesia,Asia
Kajakse,Afro-Asiatic,ckq,TD,L,Chad,Africa
Kajali,Indo-European,xkj,IR,L,Iran,Asia
Kakabai,Austronesian,kqf,PG,L,Papua New Guinea,Pacific
Kakabe,Niger-Congo,kke,GN,L,Guinea,Africa
Kakanda,Niger-Congo,kka,NG,L,Nigeria,Africa
Kakataibo-Kashibo,Panoan,cbr,PE,L,Peru,Americas
Kakayi,Indo-European,sdf,IQ,L,Iraq,Asia
Kaki Ae,Trans-New Guinea,tbd,PG,L,Papua New Guinea,Pacific
Kako,Niger-Congo,kkj,CM,L,Cameroon,Africa
Kakwa,Nilo-Saharan,keo,UG,L,Uganda,Africa
Kala,Austronesian,kcl,PG,L,Papua New Guinea,Pacific
Kala Lagaw Ya,Australian,mwp,AU,L,Australia,Pacific
Kalaamaya,Australian,lkm,AU,X,Australia,Pacific
Kalabari,Niger-Congo,ijn,NG,L,Nigeria,Africa
Kalabra,West Papuan,kzz,ID,L,Indonesia,Asia
Kalagan,Austronesian,kqe,PH,L,Philippines,Asia
"Kalagan, Kagan",Austronesian,kll,PH,L,Philippines,Asia
Kalam,Trans-New Guinea,kmh,PG,L,Papua New Guinea,Pacific
Kalamsé,Niger-Congo,knz,BF,L,Burkina Faso,Africa
Kalanadi,Dravidian,wkl,IN,L,India,Asia
Kalanga,Niger-Congo,kck,ZW,L,Zimbabwe,Africa
Kalanguya,Austronesian,kak,PH,L,Philippines,Asia
Kalao,Austronesian,kly,ID,L,Indonesia,Asia
Kalapuya,Takelman,kyl,US,X,United States,Americas
Kalarko,Australian,kba,AU,X,Australia,Pacific
Kalasha,Indo-European,kls,PK,L,Pakistan,Asia
"Kalinga, Butbut",Austronesian,kyb,PH,L,Philippines,Asia
"Kalinga, Limos",Austronesian,kmk,PH,L,Philippines,Asia
"Kalinga, Lubuagan",Austronesian,knb,PH,L,Philippines,Asia
"Kalinga, Mabaka Valley",Austronesian,kkg,PH,L,Philippines,Asia
"Kalinga, Majukayang",Austronesian,kmd,PH,L,Philippines,Asia
"Kalinga, Southern",Austronesian,ksc,PH,L,Philippines,Asia
"Kalinga, Tanudan",Austronesian,kml,PH,L,Philippines,Asia
"Kalinga, Vanaw",Austronesian,bjx,PH,L,Philippines,Asia
Kalispel-Pend d’Oreille,Salish,fla,US,L,United States,Americas
Kalkoti,Indo-European,xka,PK,L,Pakistan,Asia
Kalkutung,Australian,ktg,AU,X,Australia,Pacific
"Kallahan, Keley-i",Austronesian,ify,PH,L,Philippines,Asia
Kalmyk-Oirat,Mongolic,xal,RU,L,Russian Federation,Europe
Kalou,Sepik,ywa,PG,L,Papua New Guinea,Pacific
Kaluli,Trans-New Guinea,bco,PG,L,Papua New Guinea,Pacific
Kalumpang,Austronesian,kli,ID,L,Indonesia,Asia
Kam,Niger-Congo,kdx,NG,L,Nigeria,Africa
Kamakan,Kamakanan,vkm,BR,X,Brazil,Americas
Kamang,Trans-New Guinea,woi,ID,L,Indonesia,Asia
Kamano,Trans-New Guinea,kbq,PG,L,Papua New Guinea,Pacific
Kamantan,Niger-Congo,kci,NG,L,Nigeria,Africa
Kamar,Indo-European,keq,IN,L,India,Asia
Kamara,Niger-Congo,jmr,GH,L,Ghana,Africa
Kamarian,Austronesian,kzx,ID,L,Indonesia,Asia
Kamaru,Austronesian,kgx,ID,L,Indonesia,Asia
Kamas,Uralic,xas,RU,X,Russian Federation,Europe
Kamasa,Trans-New Guinea,klp,PG,L,Papua New Guinea,Pacific
Kamasau,Torricelli,kms,PG,L,Papua New Guinea,Pacific
Kamayo,Austronesian,kyk,PH,L,Philippines,Asia
Kamayurá,Tupian,kay,BR,L,Brazil,Americas
Kamba,Niger-Congo,kam,KE,L,Kenya,Africa
Kambaata,Afro-Asiatic,ktb,ET,L,Ethiopia,Africa
Kambera,Austronesian,xbr,ID,L,Indonesia,Asia
Kamberau,Trans-New Guinea,irx,ID,L,Indonesia,Asia
Kambiwá,Unclassified,xbw,BR,L,Brazil,Americas
Kami,Niger-Congo,,,,Namibia,Africa
Kami,Niger-Congo,,,,Namibia,Africa
Kamo,Niger-Congo,kcq,NG,L,Nigeria,Africa
Kamoro,Trans-New Guinea,kgq,ID,L,Indonesia,Asia
Kamu,Australian,xmu,AU,X,Australia,Pacific
Kamuku,Niger-Congo,cdr,NG,L,Nigeria,Africa
Kamula,Trans-New Guinea,xla,PG,L,Papua New Guinea,Pacific
Kamwe,Afro-Asiatic,hig,NG,L,Nigeria,Africa
Kanakanabu,Austronesian,xnb,TW,L,Taiwan,Asia
Kanamarí,Katukinan,knm,BR,L,Brazil,Americas
Kanan,Sino-Tibetan,zkn,MM,L,Myanmar,Asia
Kanashi,Sino-Tibetan,xns,IN,L,India,Asia
Kanasi,Trans-New Guinea,soq,PG,L,Papua New Guinea,Pacific
Kanauji,Indo-European,bjj,IN,L,India,Asia
Kandas,Austronesian,kqw,PG,L,Papua New Guinea,Pacific
Kandawo,Trans-New Guinea,gam,PG,L,Papua New Guinea,Pacific
Kande,Niger-Congo,kbs,GA,L,Gabon,Africa
Kandozi-Chapra,Language isolate,cbu,PE,L,Peru,Americas
Kanembu,Nilo-Saharan,kbl,TD,L,Chad,Africa
Kang,Kra-Dai,kyp,LA,L,Laos,Asia
Kanga,Nilo-Saharan,kcp,SD,L,Sudan,Africa
Kangean,Austronesian,kkv,ID,L,Indonesia,Asia
Kanggape,Ramu-Lower Sepik,igm,PG,L,Papua New Guinea,Pacific
Kangjia,Mongolic,kxs,CN,L,China,Asia
Kango,Niger-Congo,,,,Namibia,Africa
Kango,Niger-Congo,,,,Namibia,Africa
Kangri,Indo-European,xnr,IN,L,India,Asia
Kaniet,Austronesian,ktk,PG,X,Papua New Guinea,Pacific
Kanikkaran,Dravidian,kev,IN,L,India,Asia
Kaningi,Niger-Congo,kzo,GA,L,Gabon,Africa
Kaningra,Sepik,knr,PG,L,Papua New Guinea,Pacific
Kaninuwa,Austronesian,wat,PG,L,Papua New Guinea,Pacific
Kanite,Trans-New Guinea,kmu,PG,L,Papua New Guinea,Pacific
Kanja,South-Central Papuan,pep,PG,L,Papua New Guinea,Pacific
Kanjari,Indo-European,kft,IN,L,India,Asia
Kanju,Australian,kbe,AU,L,Australia,Pacific
Kankanaey,Austronesian,kne,PH,L,Philippines,Asia
"Kankanay, Northern",Austronesian,xnn,PH,L,Philippines,Asia
Kannada,Dravidian,kan,IN,L,India,Asia
Kanoé,Language isolate,kxo,BR,L,Brazil,Americas
Kansa,Siouan-Catawban,ksk,US,L,United States,Americas
Kantosi,Niger-Congo,xkt,GH,L,Ghana,Africa
Kanu,Niger-Congo,khx,CD,L,Democratic Republic of the Congo,Africa
Kanufi,Niger-Congo,kni,NG,L,Nigeria,Africa
"Kanum, Bädi",South-Central Papuan,khd,ID,L,Indonesia,Asia
"Kanum, Ngkâlmpw",South-Central Papuan,kcd,ID,L,Indonesia,Asia
"Kanum, Smärky",South-Central Papuan,kxq,ID,L,Indonesia,Asia
"Kanum, Sota",South-Central Papuan,krz,ID,L,Indonesia,Asia
"Kanuri, Bilma",Nilo-Saharan,bms,NE,L,Niger,Africa
"Kanuri, Manga",Nilo-Saharan,kby,NE,L,Niger,Africa
"Kanuri, Tumari",Nilo-Saharan,krt,NE,L,Niger,Africa
"Kanuri, Yerwa",Nilo-Saharan,knc,NG,L,Nigeria,Africa
Kanyok,Niger-Congo,kny,CD,L,Democratic Republic of the Congo,Africa
Kao,West Papuan,kax,ID,L,Indonesia,Asia
Kaonde,Niger-Congo,kqn,ZM,L,Zambia,Africa
Kap,Austronesian,ykm,PG,L,Papua New Guinea,Pacific
Kapampangan,Austronesian,pam,PH,L,Philippines,Asia
Kapauri,Kaure,khp,ID,L,Indonesia,Asia
Kapin,Austronesian,tbx,PG,L,Papua New Guinea,Pacific
Kapinawá,Unclassified,xpn,BR,L,Brazil,Americas
Kapingamarangi,Austronesian,kpg,FM,L,Micronesia,Pacific
Kapriman,Sepik,dju,PG,L,Papua New Guinea,Pacific
Kaptiau,Austronesian,kbi,ID,L,Indonesia,Asia
Kapya,Niger-Congo,klo,NG,L,Nigeria,Africa
Kaqchikel,Mayan,cak,GT,L,Guatemala,Americas
Kaqchikel-K’iche’ Mixed Language,Mixed language,ckz,GT,L,Guatemala,Americas
Kara,Austronesian,,,,Namibia,Africa
Kara,Niger-Congo,,,,Namibia,Africa
Kara,Unclassified,,,,Namibia,Africa
"Karaboro, Eastern",Niger-Congo,xrb,BF,L,Burkina Faso,Africa
"Karaboro, Western",Niger-Congo,kza,BF,L,Burkina Faso,Africa
Karachay-Balkar,Turkic,krc,RU,L,Russian Federation,Europe
Karagas,Turkic,kim,RU,L,Russian Federation,Europe
Karaim,Turkic,kdr,LT,L,Lithuania,Europe
Karajá,Karajá,kpj,BR,L,Brazil,Americas
Karajarri,Australian,gbd,AU,L,Australia,Pacific
Karakalpak,Turkic,kaa,UZ,L,Uzbekistan,Asia
Karami,Trans-New Guinea,xar,PG,X,Papua New Guinea,Pacific
Karang,Niger-Congo,kzr,CM,L,Cameroon,Africa
Karanga,Nilo-Saharan,kth,TD,L,Chad,Africa
Karankawa,Language isolate,zkk,US,X,United States,Americas
Karao,Austronesian,kyj,PH,L,Philippines,Asia
Karas,Trans-New Guinea,kgv,ID,L,Indonesia,Asia
Karata,Nakh-Daghestanian,kpt,RU,L,Russian Federation,Europe
Karawa,Sepik,xrw,PG,L,Papua New Guinea,Pacific
Karawari,Ramu-Lower Sepik,tzx,PG,L,Papua New Guinea,Pacific
Karbi,Sino-Tibetan,mjw,IN,L,India,Asia
Kare,Niger-Congo,,,,Namibia,Africa
Kare,Trans-New Guinea,,,,Namibia,Africa
Karekare,Afro-Asiatic,kai,NG,L,Nigeria,Africa
Karelian,Uralic,krl,RU,L,Russian Federation,Europe
"Karen, Bwe",Sino-Tibetan,bwe,MM,L,Myanmar,Asia
"Karen, Geba",Sino-Tibetan,kvq,MM,L,Myanmar,Asia
"Karen, Geko",Sino-Tibetan,ghk,MM,L,Myanmar,Asia
"Karen, Mobwa",Sino-Tibetan,jkm,MM,L,Myanmar,Asia
"Karen, Paku",Sino-Tibetan,jkp,MM,L,Myanmar,Asia
"Karen, Phrae Pwo",Sino-Tibetan,kjt,TH,L,Thailand,Asia
"Karen, Pwo Eastern",Sino-Tibetan,kjp,MM,L,Myanmar,Asia
"Karen, Pwo Northern",Sino-Tibetan,pww,TH,L,Thailand,Asia
"Karen, Pwo Western",Sino-Tibetan,pwo,MM,L,Myanmar,Asia
"Karen, S’gaw",Sino-Tibetan,ksw,MM,L,Myanmar,Asia
Karenggapa,Australian,eaa,AU,L,Australia,Pacific
Karey,Austronesian,kyd,ID,L,Indonesia,Asia
Kari,Niger-Congo,kbj,CD,L,Democratic Republic of the Congo,Africa
Karian,Trans-New Guinea,bql,PG,L,Papua New Guinea,Pacific
Karimjo,Niger-Congo,cfg,NG,L,Nigeria,Africa
Karingani,Indo-European,kgn,IR,L,Iran,Asia
Karipuna,Tupian,kuq,BR,L,Brazil,Americas
Karipuna French Creole,Creole,kmv,BR,L,Brazil,Americas
Karirí-Xocó,Language isolate,kzw,BR,L,Brazil,Americas
Karitiâna,Tupian,ktn,BR,L,Brazil,Americas
Kariya,Afro-Asiatic,kil,NG,L,Nigeria,Africa
Kariyarra,Australian,vka,AU,L,Australia,Pacific
Karkar-Yuri,Pauwasi,yuj,PG,L,Papua New Guinea,Pacific
Karkin,Miwok-Costanoan,krb,US,X,United States,Americas
Karko,Nilo-Saharan,kko,SD,L,Sudan,Africa
Karnai,Austronesian,bbv,PG,L,Papua New Guinea,Pacific
Karo,Afro-Asiatic,,,,Namibia,Africa
Karo,Tupian,,,,Namibia,Africa
Karok,Language isolate,kyh,US,L,United States,Americas
Karon,Niger-Congo,krx,SN,L,Senegal,Africa
Karon Dori,Maybrat,kgw,ID,L,Indonesia,Asia
Karore,Austronesian,xkx,PG,L,Papua New Guinea,Pacific
Karuwali,Australian,rxw,AU,L,Australia,Pacific
Kasabe,Unclassified,luw,CM,X,Cameroon,Africa
Kasanga,Niger-Congo,ccj,GW,L,Guinea-Bissau,Africa
Kasem,Niger-Congo,xsm,BF,L,Burkina Faso,Africa
Kashaya,Pomoan,kju,US,L,United States,Americas
Kashinawa,Panoan,cbs,PE,L,Peru,Americas
Kashkay,Turkic,qxq,IR,L,Iran,Asia
Kashmiri,Indo-European,kas,IN,L,India,Asia
Kashubian,Indo-European,csb,PL,L,Poland,Europe
Kasiguranin,Austronesian,ksn,PH,L,Philippines,Asia
Kaska,Eyak-Athabaskan,kkz,CA,L,Canada,Americas
Kasua,Trans-New Guinea,khs,PG,L,Papua New Guinea,Pacific
"Katang, Northern",Austro-Asiatic,ncq,LA,L,Laos,Asia
"Katang, Southern",Austro-Asiatic,sct,LA,L,Laos,Asia
Katawixi,Katukinan,xat,BR,L,Brazil,Americas
Katcha-Kadugli-Miri,Nilo-Saharan,xtc,SD,L,Sudan,Africa
Kâte,Trans-New Guinea,kmg,PG,L,Papua New Guinea,Pacific
Kateviri,Indo-European,bsh,AF,L,Afghanistan,Asia
Kathu,Sino-Tibetan,ykt,CN,L,China,Asia
Katkari,Indo-European,kfu,IN,L,India,Asia
Katla,Niger-Congo,kcr,SD,L,Sudan,Africa
Kato,Eyak-Athabaskan,ktw,US,L,United States,Americas
Katso,Sino-Tibetan,kaf,CN,L,China,Asia
"Katu, Eastern",Austro-Asiatic,ktv,VN,L,Vietnam,Asia
"Katu, Western",Austro-Asiatic,kuf,LA,L,Laos,Asia
Katua,Austro-Asiatic,kta,VN,L,Vietnam,Asia
Katukína,Katukinan,kav,BR,L,Brazil,Americas
"Katukína, Panoan",Panoan,knt,BR,L,Brazil,Americas
Kaulong,Austronesian,pss,PG,L,Papua New Guinea,Pacific
Kaur,Austronesian,vkk,ID,L,Indonesia,Asia
Kaure,Kaure,bpp,ID,L,Indonesia,Asia
Kaurna,Australian,zku,AU,L,Australia,Pacific
Kauwera,Tor-Kwerba,xau,ID,L,Indonesia,Asia
Kavalan,Austronesian,ckv,TW,L,Taiwan,Asia
Kavet,Austro-Asiatic,krv,KH,L,Cambodia,Asia
Kawacha,Trans-New Guinea,kcb,PG,L,Papua New Guinea,Pacific
Kawaiisu,Uto-Aztecan,xaw,US,L,United States,Americas
Kawe,Austronesian,kgb,ID,L,Indonesia,Asia
Kawyaw,Sino-Tibetan,kxf,MM,L,Myanmar,Asia
Kaxararí,Panoan,ktx,BR,L,Brazil,Americas
Kaxuiâna,Cariban,kbb,BR,L,Brazil,Americas
Kayabí,Tupian,kyz,BR,L,Brazil,Americas
Kayagar,Trans-New Guinea,kyt,ID,L,Indonesia,Asia
"Kayah, Eastern",Sino-Tibetan,eky,MM,L,Myanmar,Asia
"Kayah, Western",Sino-Tibetan,kyu,MM,L,Myanmar,Asia
Kayan,Ramu-Lower Sepik,,,,Namibia,Africa
Kayan,Sino-Tibetan,,,,Namibia,Africa
Kayan Mahakam,Austronesian,xay,ID,L,Indonesia,Asia
"Kayan, Baram",Austronesian,kys,MY,L,Malaysia,Asia
"Kayan, Busang",Austronesian,bfg,ID,L,Indonesia,Asia
"Kayan, Kayan River",Austronesian,xkn,ID,L,Indonesia,Asia
"Kayan, Mendalam",Austronesian,xkd,ID,L,Indonesia,Asia
"Kayan, Rejang",Austronesian,ree,MY,L,Malaysia,Asia
"Kayan, Wahau",Austronesian,whu,ID,L,Indonesia,Asia
Kayapó,Jean,txu,BR,L,Brazil,Americas
Kayardild,Australian,gyd,AU,L,Australia,Pacific
Kayaw,Sino-Tibetan,kvl,MM,L,Myanmar,Asia
Kayeli,Austronesian,kzl,ID,L,Indonesia,Asia
Kayong,Austro-Asiatic,kxy,VN,L,Vietnam,Asia
Kaytetye,Australian,gbb,AU,L,Australia,Pacific
Kayupulau,Austronesian,kzu,ID,L,Indonesia,Asia
Kazakh,Turkic,kaz,KZ,L,Kazakhstan,Asia
Kazukuru,Austronesian,kzk,SB,X,Solomon Islands,Pacific
Ke’o,Austronesian,xxk,ID,L,Indonesia,Asia
Keapara,Austronesian,khz,PG,L,Papua New Guinea,Pacific
Kebu,Nilo-Saharan,ndp,UG,L,Uganda,Africa
Kedang,Austronesian,ksx,ID,L,Indonesia,Asia
Keerray-Woorroong,Australian,wkr,AU,L,Australia,Pacific
Kehu,East Geelvink Bay,khh,ID,L,Indonesia,Asia
Kei,Austronesian,kei,ID,L,Indonesia,Asia
Keiga,Nilo-Saharan,kec,SD,L,Sudan,Africa
Keijar,Tor-Kwerba,kdy,ID,L,Indonesia,Asia
Kein,Trans-New Guinea,bmh,PG,L,Papua New Guinea,Pacific
Keiyo,Nilo-Saharan,eyo,KE,L,Kenya,Africa
Kejaman,Austronesian,kag,MY,L,Malaysia,Asia
Kela,Niger-Congo,kel,CD,L,Democratic Republic of the Congo,Africa
Kelabit,Austronesian,kzi,MY,L,Malaysia,Asia
Kele,Austronesian,,,,Namibia,Africa
Kele,Niger-Congo,,,,Namibia,Africa
Kélé,Niger-Congo,keb,GA,L,Gabon,Africa
Keliko,Nilo-Saharan,kbo,SS,L,South Sudan,Africa
Kelo,Nilo-Saharan,xel,SD,L,Sudan,Africa
Kemak,Austronesian,kem,TL,L,East Timor,Asia
Kemberano,Trans-New Guinea,bzp,ID,L,Indonesia,Asia
Kembra,Unclassified,xkw,ID,L,Indonesia,Asia
Kemedzung,Niger-Congo,dmo,CM,L,Cameroon,Africa
Kemiehua,Austro-Asiatic,kfj,CN,L,China,Asia
Kemtuik,Nimboran,kmt,ID,L,Indonesia,Asia
Kenaboi,Language isolate,xbn,MY,X,Malaysia,Asia
Kendayan,Austronesian,knx,ID,L,Indonesia,Asia
Kendeje,Nilo-Saharan,klf,TD,L,Chad,Africa
Kendem,Niger-Congo,kvm,CM,L,Cameroon,Africa
Kenga,Nilo-Saharan,kyq,TD,L,Chad,Africa
Keninjal,Austronesian,knl,ID,L,Indonesia,Asia
Kensiu,Austro-Asiatic,kns,MY,L,Malaysia,Asia
Kenswei Nsei,Niger-Congo,ndb,CM,L,Cameroon,Africa
"Kenyah, Mainstream",Austronesian,xkl,ID,L,Indonesia,Asia
"Kenyah, Wahau",Austronesian,whk,ID,L,Indonesia,Asia
Kenyang,Niger-Congo,ken,CM,L,Cameroon,Africa
Kenye,Niger-Congo,lke,UG,L,Uganda,Africa
Keoru-Ahia,Trans-New Guinea,xeu,PG,L,Papua New Guinea,Pacific
Kepkiriwát,Tupian,kpn,BR,X,Brazil,Americas
Kepo’,Austronesian,kuk,ID,L,Indonesia,Asia
Kera,Afro-Asiatic,ker,TD,L,Chad,Africa
Kerak,Niger-Congo,hhr,SN,L,Senegal,Africa
Kereho,Austronesian,xke,ID,L,Indonesia,Asia
Kerek,Chukotko-Kamchatkan,krk,RU,L,Russian Federation,Europe
"Keres, Eastern",Keresan,kee,US,L,United States,Americas
"Keres, Western",Keresan,kjq,US,L,United States,Americas
Kerewe,Niger-Congo,ked,TZ,L,Tanzania,Africa
Kerewo,Trans-New Guinea,kxz,PG,L,Papua New Guinea,Pacific
Kerinci,Austronesian,kvr,ID,L,Indonesia,Asia
Ket,Yeniseian,ket,RU,L,Russian Federation,Europe
Ketangalan,Austronesian,kae,TW,X,Taiwan,Asia
Kete,Niger-Congo,kcv,CD,L,Democratic Republic of the Congo,Africa
Ketengban,Trans-New Guinea,xte,ID,L,Indonesia,Asia
Ketum,Trans-New Guinea,ktt,ID,L,Indonesia,Asia
"Kewapi, East",Trans-New Guinea,kjs,PG,L,Papua New Guinea,Pacific
"Kewapi, West",Trans-New Guinea,kew,PG,L,Papua New Guinea,Pacific
Kewat,Indo-European,kyv,NP,L,Nepal,Asia
Keyagana,Trans-New Guinea,kyg,PG,L,Papua New Guinea,Pacific
Kgalagadi,Niger-Congo,xkv,BW,L,Botswana,Africa
Khah,Indo-European,hkh,IN,L,India,Asia
Khakas,Turkic,kjh,RU,L,Russian Federation,Europe
Khalaj,Turkic,klj,IR,L,Iran,Asia
Khaling,Sino-Tibetan,klr,NP,L,Nepal,Asia
"Kham, Eastern Parbate",Sino-Tibetan,kif,NP,L,Nepal,Asia
"Kham, Gamal",Sino-Tibetan,kgj,NP,L,Nepal,Asia
"Kham, Sheshi",Sino-Tibetan,kip,NP,L,Nepal,Asia
"Kham, Western Parbate",Sino-Tibetan,kjl,NP,L,Nepal,Asia
Khamba,Sino-Tibetan,kbg,IN,L,India,Asia
Khamnigan Mongol,Mongolic,ykh,CN,L,China,Asia
Khamti,Kra-Dai,kht,MM,L,Myanmar,Asia
Khamyang,Kra-Dai,ksu,IN,L,India,Asia
Khana,Niger-Congo,ogo,NG,L,Nigeria,Africa
Khandesi,Indo-European,khn,IN,L,India,Asia
Kháng,Austro-Asiatic,kjm,VN,L,Vietnam,Asia
Khanty,Uralic,kca,RU,L,Russian Federation,Europe
Khao,Austro-Asiatic,xao,VN,L,Vietnam,Asia
Kharia,Austro-Asiatic,khr,IN,L,India,Asia
Kharia Thar,Indo-European,ksy,IN,L,India,Asia
Khasi,Austro-Asiatic,kha,IN,L,India,Asia
Khe,Niger-Congo,kqg,BF,L,Burkina Faso,Africa
Khehek,Austronesian,tlx,PG,L,Papua New Guinea,Pacific
Khengkha,Sino-Tibetan,xkf,BT,L,Bhutan,Asia
Khetrani,Indo-European,xhe,PK,L,Pakistan,Asia
Khinalugh,Nakh-Daghestanian,kjj,AZ,L,Azerbaijan,Asia
Khirwar,Dravidian,kwx,IN,L,India,Asia
Khisa,Niger-Congo,kqm,CI,L,Côte d’Ivoire,Africa
Khlula,Sino-Tibetan,ykl,CN,L,China,Asia
Khmer,Austro-Asiatic,khm,KH,L,Cambodia,Asia
"Khmer, Northern",Austro-Asiatic,kxm,TH,L,Thailand,Asia
Khmu,Austro-Asiatic,kjg,LA,L,Laos,Asia
Kho’ini,Indo-European,xkc,IR,L,Iran,Asia
Khoekhoe,Khoe-Kwadi,naq,,L,Namibia,Africa
Kholok,Afro-Asiatic,ktc,NG,L,Nigeria,Africa
Khorasani Turkish,Turkic,kmz,IR,L,Iran,Asia
Khowar,Indo-European,khw,PK,L,Pakistan,Asia
Khua,Austro-Asiatic,xhv,VN,L,Vietnam,Asia
Khuen,Austro-Asiatic,khf,LA,L,Laos,Asia
Khün,Kra-Dai,kkh,MM,L,Myanmar,Asia
Khunsari,Indo-European,kfm,IR,L,Iran,Asia
Khvarshi,Nakh-Daghestanian,khv,RU,L,Russian Federation,Europe
Khwedam,Khoe-Kwadi,xuu,,L,Namibia,Africa
Kiae,Austronesian,frt,VU,L,Vanuatu,Pacific
Kibaku,Afro-Asiatic,ckl,NG,L,Nigeria,Africa
Kibala,Niger-Congo,blv,AO,L,Angola,Africa
Kibet,Nilo-Saharan,kie,TD,L,Chad,Africa
Kibiri,Trans-New Guinea,prm,PG,L,Papua New Guinea,Pacific
Kickapoo,Algic,kic,US,L,United States,Americas
Kiembu,Niger-Congo,ebu,KE,L,Kenya,Africa
Kigiryama,Niger-Congo,nyf,KE,L,Kenya,Africa
Kija,Australian,gia,AU,L,Australia,Pacific
Kikai,Japonic,kzg,JP,L,Japan,Asia
Kikongo,Niger-Congo,kwy,AO,L,Angola,Africa
Kilivila,Austronesian,kij,PG,L,Papua New Guinea,Pacific
Kiliwa,Cochimí-Yuman,klb,MX,L,Mexico,Americas
Kilmeri,Border,kih,PG,L,Papua New Guinea,Pacific
Kim,Niger-Congo,kia,TD,L,Chad,Africa
Kim Mun,Hmong-Mien,mji,CN,L,China,Asia
Kimaghima,Trans-New Guinea,kig,ID,L,Indonesia,Asia
Kimaragang,Austronesian,kqr,MY,L,Malaysia,Asia
Kimbu,Niger-Congo,kiv,TZ,L,Tanzania,Africa
Kimbundu,Niger-Congo,kmb,AO,L,Angola,Africa
Kimîîru,Niger-Congo,mer,KE,L,Kenya,Africa
Kimki,Unclassified,sbt,ID,L,Indonesia,Asia
Kimré,Afro-Asiatic,kqp,TD,L,Chad,Africa
Kinabalian,Austronesian,cbw,PH,L,Philippines,Asia
"Kinabatangan, Upper",Austronesian,dmg,MY,L,Malaysia,Asia
Kinalakna,Trans-New Guinea,kco,PG,L,Papua New Guinea,Pacific
Kinaray-a,Austronesian,krj,PH,L,Philippines,Asia
Kinga,Niger-Congo,zga,TZ,L,Tanzania,Africa
Kinnauri,Sino-Tibetan,kfk,IN,L,India,Asia
"Kinnauri, Bhoti",Sino-Tibetan,nes,IN,L,India,Asia
"Kinnauri, Chhoyul",Sino-Tibetan,tpq,IN,L,India,Asia
"Kinnauri, Chitkuli",Sino-Tibetan,cik,IN,L,India,Asia
"Kinnauri, Pahari",Indo-European,kjo,IN,L,India,Asia
Kintaq,Austro-Asiatic,knq,MY,L,Malaysia,Asia
Kinugu,Niger-Congo,kkd,NG,L,Nigeria,Africa
Kinyarwanda,Niger-Congo,kin,RW,L,Rwanda,Africa
Kioko,Austronesian,ues,ID,L,Indonesia,Asia
Kiong,Niger-Congo,kkm,NG,L,Nigeria,Africa
Kiorr,Austro-Asiatic,xko,LA,L,Laos,Asia
Kiowa,Kiowa-Tanoan,kio,US,L,United States,Americas
Kipfokomu,Niger-Congo,pkb,KE,L,Kenya,Africa
Kipsigis,Nilo-Saharan,sgc,KE,L,Kenya,Africa
Kiput,Austronesian,kyi,MY,L,Malaysia,Asia
Kir-Balar,Afro-Asiatic,kkr,NG,L,Nigeria,Africa
Kire,Ramu-Lower Sepik,geb,PG,L,Papua New Guinea,Pacific
Kiribati,Austronesian,gil,KI,L,Kiribati,Pacific
Kirike,Niger-Congo,okr,NG,L,Nigeria,Africa
Kirikiri,Lakes Plain,kiy,ID,L,Indonesia,Asia
Kirya-Konzel,Afro-Asiatic,fkk,NG,L,Nigeria,Africa
Kis,Austronesian,kis,PG,L,Papua New Guinea,Pacific
Kisan,Dravidian,xis,IN,L,India,Asia
Kisankasa,Nilo-Saharan,kqh,TZ,L,Tanzania,Africa
Kisar,Austronesian,kje,ID,L,Indonesia,Asia
Kisi,Niger-Congo,kiz,TZ,L,Tanzania,Africa
"Kisi, Southern",Niger-Congo,kss,LR,L,Liberia,Africa
"Kissi, Northern",Niger-Congo,kqs,GN,L,Guinea,Africa
Kistane,Afro-Asiatic,gru,ET,L,Ethiopia,Africa
Kitharaka,Niger-Congo,thk,KE,L,Kenya,Africa
Kitsai,Caddoan,kii,US,L,United States,Americas
Kituba,Creole,,,,Namibia,Africa
Kituba,Creole,,,,Namibia,Africa
Kiunum,Trans-New Guinea,wei,PG,L,Papua New Guinea,Pacific
Kiviila,Niger-Congo,job,CD,L,Democratic Republic of the Congo,Africa
"Kiwai, Northeast",Trans-New Guinea,kiw,PG,L,Papua New Guinea,Pacific
"Kiwai, Southern",Trans-New Guinea,kjd,PG,L,Papua New Guinea,Pacific
Kiwilwana,Niger-Congo,mlk,KE,L,Kenya,Africa
Kiyombe,Niger-Congo,yom,CD,L,Democratic Republic of the Congo,Africa
Kizamani,Niger-Congo,izm,NG,L,Nigeria,Africa
Kla-Dan,Niger-Congo,lda,CI,L,Côte d’Ivoire,Africa
Klamath-Modoc,Language isolate,kla,US,L,United States,Americas
Klao,Niger-Congo,klu,LR,L,Liberia,Africa
Klon,Trans-New Guinea,kyo,ID,L,Indonesia,Asia
Knaanic,Indo-European,czk,CZ,X,Czechia,Europe
Ko,Niger-Congo,fuj,SD,L,Sudan,Africa
Koalib,Niger-Congo,kib,SD,L,Sudan,Africa
Koasati,Muskogean,cku,US,L,United States,Americas
Koba,Austronesian,kpd,ID,L,Indonesia,Asia
Kobiana,Niger-Congo,kcj,GW,L,Guinea-Bissau,Africa
Kobo,Niger-Congo,okc,CD,L,Democratic Republic of the Congo,Africa
Kobon,Trans-New Guinea,kpw,PG,L,Papua New Guinea,Pacific
Kobuka,Trans-New Guinea,urg,PG,L,Papua New Guinea,Pacific
Koch,Sino-Tibetan,kdq,IN,L,India,Asia
Koda,Austro-Asiatic,cdz,IN,L,India,Asia
Kodaku,Austro-Asiatic,ksz,IN,L,India,Asia
Kodava,Dravidian,kfa,IN,L,India,Asia
Kodeoha,Austronesian,vko,ID,L,Indonesia,Asia
Kodi,Austronesian,kod,ID,L,Indonesia,Asia
Kodia,Niger-Congo,kwp,CI,L,Côte d’Ivoire,Africa
"Kodut, Middle",Austronesian,mpl,PG,L,Papua New Guinea,Pacific
"Kodut, North",Austronesian,una,PG,L,Papua New Guinea,Pacific
"Kodut, South",Austronesian,mcy,PG,L,Papua New Guinea,Pacific
Koenoem,Afro-Asiatic,kcs,NG,L,Nigeria,Africa
Kofa,Afro-Asiatic,kso,NG,L,Nigeria,Africa
Kofei,East Geelvink Bay,kpi,ID,L,Indonesia,Asia
Kofyar,Afro-Asiatic,kwl,NG,L,Nigeria,Africa
Kogi,Chibchan,kog,CO,L,Colombia,Americas
Kohin,Austronesian,kkx,ID,L,Indonesia,Asia
"Kohistani, Indus",Indo-European,mvy,PK,L,Pakistan,Asia
Koho,Austro-Asiatic,kpm,VN,L,Vietnam,Asia
"Koiali, Mountain",Trans-New Guinea,kpx,PG,L,Papua New Guinea,Pacific
Koiari,Trans-New Guinea,kbk,PG,L,Papua New Guinea,Pacific
Koireng,Sino-Tibetan,nkd,IN,L,India,Asia
Koita,Trans-New Guinea,kqi,PG,L,Papua New Guinea,Pacific
Koiwat,Sepik,kxt,PG,L,Papua New Guinea,Pacific
Kok Borok,Sino-Tibetan,trp,IN,L,India,Asia
Kok-Nar,Australian,gko,AU,X,Australia,Pacific
Kokata,Australian,ktd,AU,L,Australia,Pacific
Koke,Niger-Congo,kou,TD,L,Chad,Africa
Koko Babangk,Australian,okg,AU,X,Australia,Pacific
Koko-Bera,Australian,kkp,AU,L,Australia,Pacific
Kokoda,Trans-New Guinea,xod,ID,L,Indonesia,Asia
Kokola,Niger-Congo,kzn,MW,L,Malawi,Africa
Kokota,Austronesian,kkk,SB,L,Solomon Islands,Pacific
Kol,Austro-Asiatic,,,,Namibia,Africa
Kol,Language isolate,,,,Namibia,Africa
Kol,Niger-Congo,,,,Namibia,Africa
Kola,Austronesian,kvv,ID,L,Indonesia,Asia
"Kolami, Northwestern",Dravidian,kfb,IN,L,India,Asia
"Kolami, Southeastern",Dravidian,nit,IN,L,India,Asia
Kolbila,Niger-Congo,klc,CM,L,Cameroon,Africa
"Koli, Kachi",Indo-European,gjk,PK,L,Pakistan,Asia
"Koli, Parkari",Indo-European,kvx,PK,L,Pakistan,Asia
"Koli, Wadiyari",Indo-European,kxp,IN,L,India,Asia
Koluwawa,Austronesian,klx,PG,L,Papua New Guinea,Pacific
Kom,Niger-Congo,,,,Namibia,Africa
Kom,Sino-Tibetan,,,,Namibia,Africa
Koma,Niger-Congo,kmy,NG,L,Nigeria,Africa
Komba,Trans-New Guinea,kpf,PG,L,Papua New Guinea,Pacific
Kombai,Trans-New Guinea,tyn,ID,L,Indonesia,Asia
Kombe,Niger-Congo,nui,GQ,L,Equatorial Guinea,Africa
Kombio,Torricelli,xbi,PG,L,Papua New Guinea,Pacific
Komering,Austronesian,kge,ID,L,Indonesia,Asia
Komi-Permyak,Uralic,koi,RU,L,Russian Federation,Europe
Komi-Zyrian,Uralic,kpv,RU,L,Russian Federation,Europe
Kominimung,Ramu-Lower Sepik,xoi,PG,L,Papua New Guinea,Pacific
Komo,Niger-Congo,,,,Namibia,Africa
Komo,Nilo-Saharan,,,,Namibia,Africa
Komodo,Austronesian,kvh,ID,L,Indonesia,Asia
Kompane,Austronesian,kvp,ID,L,Indonesia,Asia
Komviri,Indo-European,xvi,AF,L,Afghanistan,Asia
Komyandaret,Trans-New Guinea,kzv,ID,L,Indonesia,Asia
Kon Keu,Austro-Asiatic,kkn,CN,L,China,Asia
Konabéré,Niger-Congo,bbo,BF,L,Burkina Faso,Africa
Konai,Trans-New Guinea,kxw,PG,L,Papua New Guinea,Pacific
Konda,Trans-New Guinea,knd,ID,L,Indonesia,Asia
Konda-Dora,Dravidian,kfc,IN,L,India,Asia
Koneq-koneq,Austronesian,cml,ID,L,Indonesia,Asia
Koneraw,Trans-New Guinea,kdw,ID,L,Indonesia,Asia
"Konjo, Coastal",Austronesian,kjc,ID,L,Indonesia,Asia
"Konjo, Highland",Austronesian,kjk,ID,L,Indonesia,Asia
Konkani,Indo-European,knn,IN,L,India,Asia
"Konkani, Goan",Indo-European,gom,IN,L,India,Asia
Konkomba,Niger-Congo,xon,GH,L,Ghana,Africa
Konni,Niger-Congo,kma,GH,L,Ghana,Africa
Kono,Niger-Congo,,,,Namibia,Africa
Kono,Niger-Congo,,,,Namibia,Africa
Kono,Niger-Congo,,,,Namibia,Africa
Konomala,Austronesian,koa,PG,L,Papua New Guinea,Pacific
Konongo,Niger-Congo,kcz,TZ,L,Tanzania,Africa
Konso,Afro-Asiatic,kxc,ET,L,Ethiopia,Africa
Konyanka,Niger-Congo,mku,GN,L,Guinea,Africa
Konzo,Niger-Congo,koo,UG,L,Uganda,Africa
Koongo,Niger-Congo,kng,CD,L,Democratic Republic of the Congo,Africa
Koonzime,Niger-Congo,ozm,CM,L,Cameroon,Africa
Koorete,Afro-Asiatic,kqy,ET,L,Ethiopia,Africa
Kopar,Ramu-Lower Sepik,xop,PG,L,Papua New Guinea,Pacific
Kopkaka,Trans-New Guinea,opk,ID,L,Indonesia,Asia
Korafe-Yegha,Trans-New Guinea,kpr,PG,L,Papua New Guinea,Pacific
"Koraga, Korra",Dravidian,kfd,IN,L,India,Asia
"Koraga, Mudu",Dravidian,vmd,IN,L,India,Asia
Korana,Khoe-Kwadi,kqz,ZA,L,South Africa,Africa
Korandje,Nilo-Saharan,kcy,DZ,L,Algeria,Africa
Korean,Koreanic,kor,KR,L,South Korea,Asia
Koreguaje,Tucanoan,coe,CO,L,Colombia,Americas
Koresh-e Rostam,Indo-European,okh,IR,L,Iran,Asia
Korku,Austro-Asiatic,kfq,IN,L,India,Asia
Korlai Portuguese Creole,Creole,vkp,IN,L,India,Asia
Koro,Austronesian,,,,Namibia,Africa
Koro,Austronesian,,,,Namibia,Africa
Koro,Niger-Congo,,,,Namibia,Africa
Koro,Sino-Tibetan,,,,Namibia,Africa
Koro Nulu,Niger-Congo,vkn,NG,L,Nigeria,Africa
Koro Wachi,Niger-Congo,bqv,NG,L,Nigeria,Africa
Koro Zuba,Niger-Congo,vkz,NG,L,Nigeria,Africa
Koromfé,Niger-Congo,kfz,BF,L,Burkina Faso,Africa
Koromira,South Bougainville,kqj,PG,L,Papua New Guinea,Pacific
Koromu,Trans-New Guinea,xes,PG,L,Papua New Guinea,Pacific
Koroni,Austronesian,xkq,ID,L,Indonesia,Asia
Koropó,Purian,xxr,BR,X,Brazil,Americas
Koroshi,Indo-European,ktl,IR,L,Iran,Asia
Korowai,Trans-New Guinea,khe,ID,L,Indonesia,Asia
Korubo,Panoan,xor,BR,L,Brazil,Americas
Korupun-Sela,Trans-New Guinea,kpq,ID,L,Indonesia,Asia
Korwa,Austro-Asiatic,kfp,IN,L,India,Asia
Koryak,Chukotko-Kamchatkan,kpy,RU,L,Russian Federation,Europe
Kosare,Kaure,kiq,ID,L,Indonesia,Asia
Kosena,Trans-New Guinea,kze,PG,L,Papua New Guinea,Pacific
Koshin,Niger-Congo,kid,CM,L,Cameroon,Africa
Kosraean,Austronesian,kos,FM,L,Micronesia,Pacific
Kota,Dravidian,,,,Namibia,Africa
Kota,Niger-Congo,,,,Namibia,Africa
Kota Marudu Talantang,Austronesian,grm,MY,L,Malaysia,Asia
Koti,Niger-Congo,eko,MZ,L,Mozambique,Africa
Kott,Yeniseian,zko,RU,X,Russian Federation,Europe
Kou,Trans-New Guinea,snz,PG,L,Papua New Guinea,Pacific
Kouya,Niger-Congo,kyf,CI,L,Côte d’Ivoire,Africa
Kovai,Trans-New Guinea,kqb,PG,L,Papua New Guinea,Pacific
Kove,Austronesian,kvc,PG,L,Papua New Guinea,Pacific
Kovol,Trans-New Guinea,kgu,PG,L,Papua New Guinea,Pacific
Kowaki,Trans-New Guinea,xow,PG,L,Papua New Guinea,Pacific
Kowiai,Austronesian,kwh,ID,L,Indonesia,Asia
Koy Sanjaq Surat,Afro-Asiatic,kqd,IQ,L,Iraq,Asia
Koya,Dravidian,kff,IN,L,India,Asia
Koyaga,Niger-Congo,kga,CI,L,Côte d’Ivoire,Africa
Koyee,Sino-Tibetan,kkt,NP,L,Nepal,Asia
Koyo,Niger-Congo,koh,CG,L,Congo,Africa
Koyukon,Eyak-Athabaskan,koy,US,L,United States,Americas
Kpagua,Niger-Congo,kuw,CF,L,Central African Republic,Africa
Kpala,Niger-Congo,kpl,CD,L,Democratic Republic of the Congo,Africa
Kpan,Niger-Congo,kpk,NG,L,Nigeria,Africa
Kpasham,Niger-Congo,pbn,NG,L,Nigeria,Africa
Kpati,Niger-Congo,koc,NG,X,Nigeria,Africa
Kpatili,Niger-Congo,kym,CF,L,Central African Republic,Africa
Kpeego,Niger-Congo,cpo,BF,L,Burkina Faso,Africa
"Kpelle, Guinea",Niger-Congo,gkp,GN,L,Guinea,Africa
"Kpelle, Liberia",Niger-Congo,xpe,LR,L,Liberia,Africa
Kpessi,Niger-Congo,kef,TG,L,Togo,Africa
Kplang,Niger-Congo,kph,GH,L,Ghana,Africa
Krache,Niger-Congo,kye,GH,L,Ghana,Africa
"Krahn, Eastern",Niger-Congo,kqo,LR,L,Liberia,Africa
"Krahn, Western",Niger-Congo,krw,LR,L,Liberia,Africa
Krahô,Jean,xra,BR,L,Brazil,Americas
Kraol,Austro-Asiatic,rka,KH,L,Cambodia,Asia
Krenak,Botocudoan,kqq,BR,L,Brazil,Americas
Krevinian,Uralic,zkv,LV,X,Latvia,Europe
Kreye,Jean,xre,BR,L,Brazil,Americas
Kriang,Austro-Asiatic,ngt,LA,L,Laos,Asia
Krikati-Timbira,Jean,xri,BR,L,Brazil,Americas
Krimchak,Turkic,jct,UA,L,Ukraine,Europe
Krio,Creole,kri,SL,L,Sierra Leone,Africa
Kriol,Creole,rop,AU,L,Australia,Pacific
Krobu,Niger-Congo,kxb,CI,L,Côte d’Ivoire,Africa
Krongo,Nilo-Saharan,kgo,SD,L,Sudan,Africa
"Krumen, Plapo",Niger-Congo,ktj,CI,L,Côte d’Ivoire,Africa
"Krumen, Pye",Niger-Congo,pye,CI,L,Côte d’Ivoire,Africa
"Krumen, Tepo",Niger-Congo,ted,CI,L,Côte d’Ivoire,Africa
Krung,Austro-Asiatic,krr,KH,L,Cambodia,Asia
Kryts,Nakh-Daghestanian,kry,AZ,L,Azerbaijan,Asia
Kua,Khoe-Kwadi,tyu,BW,L,Botswana,Africa
Kua-nsi,Sino-Tibetan,ykn,CN,L,China,Asia
Kuamasi,Sino-Tibetan,yku,CN,L,China,Asia
Kuan,Kra-Dai,uan,LA,L,Laos,Asia
Kuanhua,Austro-Asiatic,xnh,CN,L,China,Asia
Kuanua,Austronesian,ksd,PG,L,Papua New Guinea,Pacific
Kuay,Austro-Asiatic,kdt,TH,L,Thailand,Asia
Kubachi,Nakh-Daghestanian,ugh,RU,L,Russian Federation,Europe
Kube,Trans-New Guinea,kgf,PG,L,Papua New Guinea,Pacific
Kubi,Afro-Asiatic,kof,NG,L,Nigeria,Africa
Kubo,Trans-New Guinea,jko,PG,L,Papua New Guinea,Pacific
Kubu,Austronesian,kvb,ID,L,Indonesia,Asia
Kuce,Niger-Congo,ruk,NG,L,Nigeria,Africa
Kucong,Sino-Tibetan,lkc,VN,L,Vietnam,Asia
Kudiya,Dravidian,kfg,IN,L,India,Asia
Kudmali,Indo-European,kyw,IN,L,India,Asia
Kudu-Camo,Niger-Congo,kov,NG,L,Nigeria,Africa
Kugama,Niger-Congo,kow,NG,L,Nigeria,Africa
Kugbo,Niger-Congo,kes,NG,L,Nigeria,Africa
Kugu-Muminh,Australian,xmh,AU,L,Australia,Pacific
Kuhane,Niger-Congo,sbs,,L,Namibia,Africa
Kui,Dravidian,,,,Namibia,Africa
Kui,Trans-New Guinea,,,,Namibia,Africa
"Kui, Dawik",Dravidian,dwk,IN,L,India,Asia
Kuijau,Austronesian,dkr,MY,L,Malaysia,Asia
Kuikúro-Kalapálo,Cariban,kui,BR,L,Brazil,Americas
Kujarge,Unclassified,vkj,TD,L,Chad,Africa
Kuk,Niger-Congo,kfn,CM,L,Cameroon,Africa
Kukama-Kukamiria,Tupian,cod,PE,L,Peru,Americas
Kukatja,Australian,kux,AU,L,Australia,Pacific
Kuke,Sino-Tibetan,ght,NP,L,Nepal,Asia
Kukele,Niger-Congo,kez,NG,L,Nigeria,Africa
Kukna,Indo-European,kex,IN,L,India,Asia
Kuku,Nilo-Saharan,ukv,UG,L,Uganda,Africa
Kuku-Mangk,Australian,xmq,AU,X,Australia,Pacific
Kuku-Mu’inh,Australian,xmp,AU,X,Australia,Pacific
Kuku-Ugbanh,Australian,ugb,AU,X,Australia,Pacific
Kuku-Uwanh,Australian,uwa,AU,X,Australia,Pacific
Kuku-Yalanji,Australian,gvn,AU,L,Australia,Pacific
Kula,Trans-New Guinea,tpg,ID,L,Indonesia,Asia
"Kulango, Bondoukou",Niger-Congo,kzc,CI,L,Côte d’Ivoire,Africa
"Kulango, Bouna",Niger-Congo,nku,CI,L,Côte d’Ivoire,Africa
Kulere,Afro-Asiatic,kul,NG,L,Nigeria,Africa
Kulfa,Nilo-Saharan,kxj,TD,L,Chad,Africa
Kulina,Arauan,cul,BR,L,Brazil,Americas
Kulina Pano,Panoan,xpk,BR,L,Brazil,Americas
Kulisusu,Austronesian,vkl,ID,L,Indonesia,Asia
Kulon,Austronesian,uon,TW,X,Taiwan,Asia
Kulung,Niger-Congo,,,,Namibia,Africa
Kulung,Sino-Tibetan,,,,Namibia,Africa
Kumal,Indo-European,kra,NP,L,Nepal,Asia
Kumalu,Austronesian,ksl,PG,L,Papua New Guinea,Pacific
Kumam,Nilo-Saharan,kdi,UG,L,Uganda,Africa
Kuman,Trans-New Guinea,,,,Namibia,Africa
Kuman,Turkic,,,,Namibia,Africa
Kumaoni,Indo-European,kfy,IN,L,India,Asia
Kumarbhag Paharia,Dravidian,kmj,IN,L,India,Asia
Kumba,Niger-Congo,ksm,NG,L,Nigeria,Africa
Kumbainggar,Australian,kgs,AU,L,Australia,Pacific
Kumbaran,Dravidian,wkb,IN,L,India,Asia
Kumbewaha,Austronesian,xks,ID,L,Indonesia,Asia
Kumiai,Cochimí-Yuman,dih,MX,L,Mexico,Americas
Kumukio,Trans-New Guinea,kuo,PG,L,Papua New Guinea,Pacific
Kumyk,Turkic,kum,RU,L,Russian Federation,Europe
Kumzari,Indo-European,zum,OM,L,Oman,Asia
"Kuna, Border",Chibchan,kvn,CO,L,Colombia,Americas
"Kuna, San Blas",Chibchan,cuk,PA,L,Panama,Americas
Kunama,Nilo-Saharan,kun,ER,L,Eritrea,Africa
Kunbarlang,Australian,wlg,AU,L,Australia,Pacific
Kunda,Niger-Congo,kdn,ZW,L,Zimbabwe,Africa
Kundal Shahi,Indo-European,shd,PK,L,Pakistan,Asia
Kunduvadi,Dravidian,wku,IN,L,India,Asia
Kung,Niger-Congo,kfl,CM,L,Cameroon,Africa
Kung-Ekoka,Kx’a,knw,,L,Namibia,Africa
Kungarakany,Australian,ggk,AU,X,Australia,Pacific
Kungardutyi,Australian,gdt,AU,X,Australia,Pacific
Kunggari,Australian,kgl,AU,L,Australia,Pacific
Kungkari,Australian,lku,AU,X,Australia,Pacific
Kuni,Austronesian,kse,PG,L,Papua New Guinea,Pacific
Kuni-Boazi,Trans-New Guinea,kvg,PG,L,Papua New Guinea,Pacific
Kunigami,Japonic,xug,JP,L,Japan,Asia
Kunimaipa,Trans-New Guinea,kup,PG,L,Papua New Guinea,Pacific
Kunjen,Australian,kjn,AU,L,Australia,Pacific
Kunyi,Niger-Congo,njx,CG,L,Congo,Africa
Kunza,Language isolate,kuz,CL,L,Chile,Americas
Kuo,Niger-Congo,xuo,TD,L,Chad,Africa
Kuot,Language isolate,kto,PG,L,Papua New Guinea,Pacific
Kupa,Niger-Congo,kug,NG,L,Nigeria,Africa
Kupia,Indo-European,key,IN,L,India,Asia
Kupsapiiny,Nilo-Saharan,kpz,UG,L,Uganda,Africa
Kur,Austronesian,kuv,ID,L,Indonesia,Asia
Kurama,Niger-Congo,krh,NG,L,Nigeria,Africa
Kuranko,Niger-Congo,knk,SL,L,Sierra Leone,Africa
"Kurdish, Central",Indo-European,ckb,IQ,L,Iraq,Asia
"Kurdish, Northern",Indo-European,kmr,TR,L,Turkey,Asia
"Kurdish, Southern",Indo-European,sdh,IR,L,Iran,Asia
Kuri,Austronesian,nbn,ID,L,Indonesia,Asia
Kuria,Niger-Congo,kuj,TZ,L,Tanzania,Africa
Kurichiya,Dravidian,kfh,IN,L,India,Asia
Kurmukar,Indo-European,kfv,IN,L,India,Asia
Kurnai,Australian,unn,AU,L,Australia,Pacific
Kurrama,Australian,vku,AU,L,Australia,Pacific
Kursav,Trans-New Guinea,faj,PG,L,Papua New Guinea,Pacific
Kurti,Austronesian,ktm,PG,L,Papua New Guinea,Pacific
Kurtokha,Sino-Tibetan,xkz,BT,L,Bhutan,Asia
Kuruáya,Tupian,kyr,BR,L,Brazil,Americas
Kurudu,Austronesian,kjr,ID,L,Indonesia,Asia
"Kurumba, Alu",Dravidian,xua,IN,L,India,Asia
"Kurumba, Attapady",Dravidian,pkr,IN,L,India,Asia
"Kurumba, Betta",Dravidian,xub,IN,L,India,Asia
"Kurumba, Jennu",Dravidian,xuj,IN,L,India,Asia
"Kurumba, Kannada",Dravidian,kfi,IN,L,India,Asia
"Kurumba, Mullu",Dravidian,kpb,IN,L,India,Asia
Kurux,Dravidian,kru,IN,L,India,Asia
Kusaal,Niger-Congo,kus,GH,L,Ghana,Africa
Kusaghe,Austronesian,ksg,SB,L,Solomon Islands,Pacific
Kushi,Afro-Asiatic,kuh,NG,L,Nigeria,Africa
"Kuskokwim, Upper",Eyak-Athabaskan,kuu,US,L,United States,Americas
Kusu,Niger-Congo,ksv,CD,L,Democratic Republic of the Congo,Africa
Kusunda,Language isolate,kgg,NP,L,Nepal,Asia
Kusur-Myet,Niger-Congo,tdl,NG,L,Nigeria,Africa
Kutenai,Language isolate,kut,CA,L,Canada,Americas
Kutep,Niger-Congo,kub,NG,L,Nigeria,Africa
Kuthant,Australian,xut,AU,X,Australia,Pacific
Kutong,Trans-New Guinea,skm,PG,L,Papua New Guinea,Pacific
Kutto,Afro-Asiatic,kpa,NG,L,Nigeria,Africa
Kutu,Niger-Congo,kdc,TZ,L,Tanzania,Africa
Kuturmi,Niger-Congo,khj,NG,L,Nigeria,Africa
Kuuk Thayorre,Australian,thd,AU,L,Australia,Pacific
Kuuk-Yak,Australian,uky,AU,X,Australia,Pacific
Kuuku-Ya’u,Australian,kuy,AU,L,Australia,Pacific
Kuvale,Niger-Congo,olu,AO,L,Angola,Africa
Kuvi,Dravidian,kxv,IN,L,India,Asia
Kuwaa,Niger-Congo,blh,LR,L,Liberia,Africa
Kuwaataay,Niger-Congo,cwt,SN,L,Senegal,Africa
Kuwema,Australian,woa,AU,L,Australia,Pacific
Kw’adza,Afro-Asiatic,wka,TZ,X,Tanzania,Africa
Kwa,Niger-Congo,kwb,NG,L,Nigeria,Africa
Kwaami,Afro-Asiatic,ksq,NG,L,Nigeria,Africa
Kwadi,Khoe-Kwadi,kwz,AO,X,Angola,Africa
Kwaio,Austronesian,kwd,SB,L,Solomon Islands,Pacific
Kwaja,Niger-Congo,kdz,CM,L,Cameroon,Africa
Kwak’wala,Wakashan,kwk,CA,L,Canada,Americas
Kwakum,Niger-Congo,kwu,CM,L,Cameroon,Africa
Kwalhioqua-Tlatskanai,Eyak-Athabaskan,qwt,US,X,United States,Americas
Kwambi,Niger-Congo,kwm,,L,Namibia,Africa
Kwamera,Austronesian,tnk,VU,L,Vanuatu,Pacific
Kwami,Niger-Congo,ktf,CD,L,Democratic Republic of the Congo,Africa
Kwandu,Niger-Congo,xdo,AO,L,Angola,Africa
Kwang,Afro-Asiatic,kvi,TD,L,Chad,Africa
Kwanga,Sepik,kwj,PG,L,Papua New Guinea,Pacific
Kwangali,Niger-Congo,kwn,,L,Namibia,Africa
Kwanja,Niger-Congo,knp,CM,L,Cameroon,Africa
Kwara’ae,Austronesian,kwf,SB,L,Solomon Islands,Pacific
Kwasio,Niger-Congo,nmg,CM,L,Cameroon,Africa
Kwaya,Niger-Congo,kya,TZ,L,Tanzania,Africa
Kwaza,Language isolate,xwa,BR,L,Brazil,Americas
Kwegu,Nilo-Saharan,xwg,ET,L,Ethiopia,Africa
Kwer,Trans-New Guinea,kwr,ID,L,Indonesia,Asia
Kwerba,Tor-Kwerba,kwe,ID,L,Indonesia,Asia
Kwerba Mamberamo,Tor-Kwerba,xwr,ID,L,Indonesia,Asia
Kwere,Niger-Congo,cwe,TZ,L,Tanzania,Africa
Kwerisa,Lakes Plain,kkb,ID,L,Indonesia,Asia
Kwese,Niger-Congo,kws,CD,L,Democratic Republic of the Congo,Africa
Kwesten,Tor-Kwerba,kwt,ID,L,Indonesia,Asia
Kwini,Australian,gww,AU,L,Australia,Pacific
Kwinsu,Tor-Kwerba,kuc,ID,L,Indonesia,Asia
Kwinti,Creole,kww,SR,L,Suriname,Americas
Kwoma,Sepik,kmo,PG,L,Papua New Guinea,Pacific
Kwomtari,Kwomtari,kwo,PG,L,Papua New Guinea,Pacific
Kyak,Niger-Congo,bka,NG,L,Nigeria,Africa
Kyaka,Trans-New Guinea,kyc,PG,L,Papua New Guinea,Pacific
Kyanga,Niger-Congo,tye,NG,L,Nigeria,Africa
Kyenele,Yuat,kql,PG,L,Papua New Guinea,Pacific
Kyerung,Sino-Tibetan,kgy,CN,L,China,Asia
Kyoli,Niger-Congo,cry,NG,L,Nigeria,Africa
Kyrgyz,Turkic,kir,KG,L,Kyrgyzstan,Asia
La’bi,Niger-Congo,lbi,CM,L,Cameroon,Africa
Laal,Language isolate,gdm,TD,L,Chad,Africa
Laalaa,Niger-Congo,cae,SN,L,Senegal,Africa
Laari,Niger-Congo,ldi,CG,L,Congo,Africa
Laarim,Nilo-Saharan,loh,SS,L,South Sudan,Africa
Laba,West Papuan,lau,ID,L,Indonesia,Asia
Labalekan-Mingar,Austronesian,lmj,ID,L,Indonesia,Asia
Label,Austronesian,lbb,PG,L,Papua New Guinea,Pacific
Laboya,Austronesian,lmy,ID,L,Indonesia,Asia
Labu,Austronesian,lbu,PG,L,Papua New Guinea,Pacific
Labur,Niger-Congo,jku,NG,L,Nigeria,Africa
Lacandon,Mayan,lac,MX,L,Mexico,Americas
Lachi,Kra-Dai,lbt,VN,L,Vietnam,Asia
"Lachi, White",Kra-Dai,lwh,VN,L,Vietnam,Asia
Lacid,Sino-Tibetan,lsi,MM,L,Myanmar,Asia
Ladakhi,Sino-Tibetan,lbj,IN,L,India,Asia
Ladin,Indo-European,lld,IT,L,Italy,Europe
Ladino,Indo-European,lad,ES,L,Spain,Europe
Ladji Ladji,Australian,llj,AU,L,Australia,Pacific
Laeko-Libuat,Torricelli,lkl,PG,L,Papua New Guinea,Pacific
Lafofa,Niger-Congo,laf,SD,L,Sudan,Africa
Laghu,Austronesian,lgb,SB,X,Solomon Islands,Pacific
Laghuu,Sino-Tibetan,lgh,VN,L,Vietnam,Asia
Lagwan,Afro-Asiatic,kot,CM,L,Cameroon,Africa
Laha,Austronesian,,,,Namibia,Africa
Laha,Kra-Dai,,,,Namibia,Africa
Lahanan,Austronesian,lhn,MY,L,Malaysia,Asia
Lahta,Sino-Tibetan,kvt,MM,L,Myanmar,Asia
Lahu,Sino-Tibetan,lhu,CN,L,China,Asia
Lahu Shi,Sino-Tibetan,lhi,CN,L,China,Asia
Laimbue,Niger-Congo,lmx,CM,L,Cameroon,Africa
Laiyolo,Austronesian,lji,ID,L,Indonesia,Asia
Lak,Nakh-Daghestanian,lbe,RU,L,Russian Federation,Europe
Laka,Nilo-Saharan,lap,TD,L,Chad,Africa
Lakalei,Austronesian,lka,TL,L,East Timor,Asia
Lakha,Sino-Tibetan,lkh,BT,L,Bhutan,Asia
Laki,Indo-European,lki,IR,L,Iran,Asia
Lakkia,Kra-Dai,lbc,CN,L,China,Asia
Lakon,Austronesian,lkn,VU,L,Vanuatu,Pacific
Lakondê,Nambikwara,lkd,BR,L,Brazil,Americas
Lakota,Siouan-Catawban,lkt,US,L,United States,Americas
Lakurumau,Austronesian,lxm,PG,L,Papua New Guinea,Pacific
Lala,Austronesian,nrz,PG,L,Papua New Guinea,Pacific
Lala-Bisa,Niger-Congo,leb,ZM,L,Zambia,Africa
Lala-Roba,Niger-Congo,lla,NG,L,Nigeria,Africa
Lalia,Niger-Congo,lal,CD,L,Democratic Republic of the Congo,Africa
"Lalo, Central",Sino-Tibetan,ywt,CN,L,China,Asia
"Lalo, Dongshanba",Sino-Tibetan,yik,CN,L,China,Asia
"Lalu, Eastern",Sino-Tibetan,yit,CN,L,China,Asia
"Lalu, Western",Sino-Tibetan,ywl,CN,L,China,Asia
Lama,Niger-Congo,las,TG,L,Togo,Africa
Lamaholot,Austronesian,slp,ID,L,Indonesia,Asia
Lamalama,Australian,lby,AU,X,Australia,Pacific
Lamalera,Austronesian,lmr,ID,L,Indonesia,Asia
Lamang,Afro-Asiatic,hia,NG,L,Nigeria,Africa
Lamatuka,Austronesian,lmq,ID,L,Indonesia,Asia
Lamba,Niger-Congo,lam,ZM,L,Zambia,Africa
Lambadi,Indo-European,lmn,IN,L,India,Asia
Lambya,Niger-Congo,lai,MW,L,Malawi,Africa
Lame,Niger-Congo,bma,NG,L,Nigeria,Africa
Lamenu,Austronesian,lmu,VU,L,Vanuatu,Pacific
Lamja-Dengsa-Tola,Niger-Congo,ldh,NG,L,Nigeria,Africa
Lamkang,Sino-Tibetan,lmk,IN,L,India,Asia
Lamnsoʼ,Niger-Congo,lns,CM,L,Cameroon,Africa
Lamogai,Austronesian,lmg,PG,L,Papua New Guinea,Pacific
Lampung Api,Austronesian,ljp,ID,L,Indonesia,Asia
Lampung Nyo,Austronesian,abl,ID,L,Indonesia,Asia
Lamu,Sino-Tibetan,llh,CN,L,China,Asia
Landoma,Niger-Congo,ldm,GN,L,Guinea,Africa
Lang’e,Sino-Tibetan,yne,CN,L,China,Asia
Langbashe,Niger-Congo,lna,CF,L,Central African Republic,Africa
Lango,Nilo-Saharan,,,,Namibia,Africa
Lango,Nilo-Saharan,,,,Namibia,Africa
Lanima,Australian,lnw,AU,X,Australia,Pacific
Lanoh,Austro-Asiatic,lnh,MY,L,Malaysia,Asia
Lao,Kra-Dai,lao,LA,L,Laos,Asia
Laomian,Sino-Tibetan,lwm,CN,L,China,Asia
Laopang,Sino-Tibetan,lbg,LA,L,Laos,Asia
Laragia,Australian,lrg,AU,L,Australia,Pacific
Lardil,Australian,lbz,AU,L,Australia,Pacific
Larevat,Austronesian,lrv,VU,L,Vanuatu,Pacific
Lari,Indo-European,lrl,IR,L,Iran,Asia
Larike-Wakasihu,Austronesian,alo,ID,L,Indonesia,Asia
Laro,Niger-Congo,lro,SD,L,Sudan,Africa
Larteh,Niger-Congo,lar,GH,L,Ghana,Africa
Laru,Niger-Congo,lan,NG,L,Nigeria,Africa
Lasalimu,Austronesian,llm,ID,L,Indonesia,Asia
Lasgerdi,Indo-European,lsa,IR,L,Iran,Asia
Lasi,Indo-European,lss,PK,L,Pakistan,Asia
Latgalian,Indo-European,ltg,LV,L,Latvia,Europe
Latin,Indo-European,lat,VA,L,Vatican State,Europe
Latu,Austronesian,ltu,ID,L,Indonesia,Asia
Latundê,Nambikwara,ltn,BR,L,Brazil,Americas
"Latvian, Standard",Indo-European,lvs,LV,L,Latvia,Europe
Lau,Austronesian,llu,SB,L,Solomon Islands,Pacific
Laua,Trans-New Guinea,luf,PG,X,Papua New Guinea,Pacific
Lauan,Austronesian,llx,FJ,L,Fiji,Pacific
Lauje,Austronesian,law,ID,L,Indonesia,Asia
Laurentian,Iroquoian,lre,CA,X,Canada,Americas
Lavatbura-Lamusong,Austronesian,lbv,PG,L,Papua New Guinea,Pacific
Laven,Austro-Asiatic,lbo,LA,L,Laos,Asia
Lavi,Austro-Asiatic,lvi,LA,L,Laos,Asia
Lavrung,Sino-Tibetan,jiq,CN,L,China,Asia
Lavukaleve,Central Solomons,lvk,SB,L,Solomon Islands,Pacific
"Lawa, Eastern",Austro-Asiatic,lwl,TH,L,Thailand,Asia
"Lawa, Western",Austro-Asiatic,lcp,TH,L,Thailand,Asia
Lawangan,Austronesian,lbx,ID,L,Indonesia,Asia
Lawu,Sino-Tibetan,lwu,CN,L,China,Asia
Lawunuia,Austronesian,tgi,PG,L,Papua New Guinea,Pacific
Layakha,Sino-Tibetan,lya,BT,L,Bhutan,Asia
Laz,Kartvelian,lzz,TR,L,Turkey,Asia
Leco,Language isolate,lec,BO,L,Bolivia,Americas
Leelau,Niger-Congo,ldk,NG,L,Nigeria,Africa
Leeward Caribbean English Creole,Creole,aig,AG,L,Antigua and Barbuda,Americas
Lefa,Niger-Congo,lfa,CM,L,Cameroon,Africa
Lega-Mwenga,Niger-Congo,lgm,CD,L,Democratic Republic of the Congo,Africa
Lega-Shabunda,Niger-Congo,lea,CD,L,Democratic Republic of the Congo,Africa
Legbo,Niger-Congo,agb,NG,L,Nigeria,Africa
Legenyem,Austronesian,lcc,ID,L,Indonesia,Asia
Lehali,Austronesian,tql,VU,L,Vanuatu,Pacific
Leipon,Austronesian,lek,PG,L,Papua New Guinea,Pacific
Lelak,Austronesian,llk,MY,X,Malaysia,Asia
Lele,Afro-Asiatic,,,,Namibia,Africa
Lele,Austronesian,,,,Namibia,Africa
Lele,Niger-Congo,,,,Namibia,Africa
Lele,Niger-Congo,,,,Namibia,Africa
Lelemi,Niger-Congo,lef,GH,L,Ghana,Africa
Lelepa,Austronesian,lpa,VU,L,Vanuatu,Pacific
Lembena,Trans-New Guinea,leq,PG,L,Papua New Guinea,Pacific
Lemerig,Austronesian,lrz,VU,L,Vanuatu,Pacific
Lemio,Trans-New Guinea,lei,PG,L,Papua New Guinea,Pacific
Lemoro,Niger-Congo,ldj,NG,L,Nigeria,Africa
Lenca,Lencan,len,HN,L,Honduras,Americas
Lendu,Nilo-Saharan,led,CD,L,Democratic Republic of the Congo,Africa
Lengilu,Austronesian,lgi,ID,L,Indonesia,Asia
Lengo,Austronesian,lgr,SB,L,Solomon Islands,Pacific
Lengola,Niger-Congo,lej,CD,L,Democratic Republic of the Congo,Africa
Leningitij,Australian,lnj,AU,X,Australia,Pacific
Lenje,Niger-Congo,leh,ZM,L,Zambia,Africa
Lenkau,Austronesian,ler,PG,L,Papua New Guinea,Pacific
Lenyima,Niger-Congo,ldg,NG,L,Nigeria,Africa
Lepcha,Sino-Tibetan,lep,IN,L,India,Asia
Lepki,Unclassified,lpe,ID,L,Indonesia,Asia
Lere,Niger-Congo,gnh,NG,L,Nigeria,Africa
Lese,Nilo-Saharan,les,CD,L,Democratic Republic of the Congo,Africa
Lesser Antillean French Creole,Creole,acf,LC,L,Saint Lucia,Americas
Letemboi,Austronesian,nms,VU,L,Vanuatu,Pacific
Leti,Austronesian,,,,Namibia,Africa
Leti,Niger-Congo,,,,Namibia,Africa
Levuka,Austronesian,lvu,ID,L,Indonesia,Asia
Lewo,Austronesian,lww,VU,L,Vanuatu,Pacific
Lewoeleng,Austronesian,lwe,ID,L,Indonesia,Asia
Lewotobi,Austronesian,lwt,ID,L,Indonesia,Asia
Leyigha,Niger-Congo,ayi,NG,L,Nigeria,Africa
Lezgi,Nakh-Daghestanian,lez,RU,L,Russian Federation,Europe
Lhao Vo,Sino-Tibetan,mhx,MM,L,Myanmar,Asia
Lhokpu,Sino-Tibetan,lhp,BT,L,Bhutan,Asia
Lhomi,Sino-Tibetan,lhm,NP,L,Nepal,Asia
Lhowa,Sino-Tibetan,loy,NP,L,Nepal,Asia
Li’o,Austronesian,ljl,ID,L,Indonesia,Asia
Liabuku,Austronesian,lix,ID,L,Indonesia,Asia
Liana-Seti,Austronesian,ste,ID,L,Indonesia,Asia
Liberian English,Pidgin,lir,LR,L,Liberia,Africa
Libido,Afro-Asiatic,liq,ET,L,Ethiopia,Africa
Libinza,Niger-Congo,liz,CD,L,Democratic Republic of the Congo,Africa
Lidzonka,Niger-Congo,add,CM,L,Cameroon,Africa
Ligbi,Niger-Congo,lig,GH,L,Ghana,Africa
Ligenza,Niger-Congo,lgz,CD,L,Democratic Republic of the Congo,Africa
Ligurian,Indo-European,lij,IT,L,Italy,Europe
Lihir,Austronesian,lih,PG,L,Papua New Guinea,Pacific
Lik,Trans-New Guinea,eip,ID,L,Indonesia,Asia
Lika,Niger-Congo,lik,CD,L,Democratic Republic of the Congo,Africa
Liki,Austronesian,lio,ID,L,Indonesia,Asia
Likila,Niger-Congo,lie,CD,L,Democratic Republic of the Congo,Africa
Likuba,Niger-Congo,kxx,CG,L,Congo,Africa
Likum,Austronesian,lib,PG,L,Papua New Guinea,Pacific
Likwala,Niger-Congo,kwc,CG,L,Congo,Africa
Lilau,Torricelli,lll,PG,L,Papua New Guinea,Pacific
Lillooet,Salish,lil,CA,L,Canada,Americas
Limassa,Niger-Congo,bme,CF,L,Central African Republic,Africa
"Limba, East",Niger-Congo,lma,GN,L,Guinea,Africa
"Limba, West-Central",Niger-Congo,lia,SL,L,Sierra Leone,Africa
Limbu,Sino-Tibetan,lif,NP,L,Nepal,Asia
Limbum,Niger-Congo,lmp,CM,L,Cameroon,Africa
Limburgish,Indo-European,lim,NL,L,Netherlands,Europe
Limi,Sino-Tibetan,ylm,CN,L,China,Asia
Limilngan,Australian,lmc,AU,X,Australia,Pacific
Limola,Austronesian,ley,ID,L,Indonesia,Asia
Lingala,Niger-Congo,lin,CD,L,Democratic Republic of the Congo,Africa
Lingao,Kra-Dai,onb,CN,L,China,Asia
Lingua Franca,Pidgin,pml,TN,X,Tunisia,Africa
Lipo,Sino-Tibetan,lpo,CN,L,China,Asia
Lisabata-Nuniali,Austronesian,lcs,ID,L,Indonesia,Asia
Lisela,Austronesian,lcl,ID,L,Indonesia,Asia
Lish,Sino-Tibetan,lsh,IN,L,India,Asia
Lishán Noshan,Afro-Asiatic,trg,IL,L,Israel,Asia
Lishana Deni,Afro-Asiatic,lsd,IQ,L,Iraq,Asia
Lisu,Sino-Tibetan,lis,CN,L,China,Asia
Lithuanian,Indo-European,lit,LT,L,Lithuania,Europe
Litzlitz,Austronesian,lzl,VU,L,Vanuatu,Pacific
Liv,Uralic,liv,LV,L,Latvia,Europe
Livvi-Karelian,Uralic,olo,RU,L,Russian Federation,Europe
Lo-Toga,Austronesian,lht,VU,L,Vanuatu,Pacific
Loarki,Indo-European,lrk,PK,L,Pakistan,Asia
Lobala,Niger-Congo,loq,CD,L,Democratic Republic of the Congo,Africa
Lobi,Niger-Congo,lob,BF,L,Burkina Faso,Africa
"Lobu, Lanas",Austronesian,ruu,MY,L,Malaysia,Asia
"Lobu, Tampias",Austronesian,low,MY,L,Malaysia,Asia
Lodhi,Indo-European,lbm,IN,L,India,Asia
Logba,Niger-Congo,lgq,GH,L,Ghana,Africa
Logir,Nilo-Saharan,lqr,SS,L,South Sudan,Africa
Logo,Nilo-Saharan,log,CD,L,Democratic Republic of the Congo,Africa
Logol,Niger-Congo,lof,SD,L,Sudan,Africa
Logorik,Nilo-Saharan,liu,SD,L,Sudan,Africa
"Lohar, Gade",Indo-European,gda,IN,L,India,Asia
"Lohar, Lahul",Indo-European,lhl,IN,L,India,Asia
Lohorung,Sino-Tibetan,lbr,NP,L,Nepal,Asia
Lokaa,Niger-Congo,yaz,NG,L,Nigeria,Africa
Loko,Niger-Congo,lok,SL,L,Sierra Leone,Africa
Lokoya,Nilo-Saharan,lky,SS,L,South Sudan,Africa
Lola,Austronesian,lcd,ID,L,Indonesia,Asia
Lolak,Austronesian,llq,ID,L,Indonesia,Asia
Lole,Austronesian,llg,ID,L,Indonesia,Asia
Lolo,Niger-Congo,llb,MZ,L,Mozambique,Africa
Loloda,West Papuan,loa,ID,L,Indonesia,Asia
Lolopo,Sino-Tibetan,ycl,CN,L,China,Asia
"Lolopo, Southern",Sino-Tibetan,ysp,CN,L,China,Asia
Loma,Niger-Congo,,,,Namibia,Africa
Loma,Niger-Congo,,,,Namibia,Africa
Lomaiviti,Austronesian,lmv,FJ,L,Fiji,Pacific
Lomavren,Mixed language,rmi,AM,L,Armenia,Asia
Lombard,Indo-European,lmo,IT,L,Italy,Europe
Lombi,Nilo-Saharan,lmi,CD,L,Democratic Republic of the Congo,Africa
Lombo,Niger-Congo,loo,CD,L,Democratic Republic of the Congo,Africa
Lomwe,Niger-Congo,ngl,MZ,L,Mozambique,Africa
"Lomwe, Malawi",Niger-Congo,lon,MW,L,Malawi,Africa
Long Wat,Austronesian,ttw,MY,L,Malaysia,Asia
Longgu,Austronesian,lgu,SB,L,Solomon Islands,Pacific
Longto,Niger-Congo,wok,CM,L,Cameroon,Africa
Loniu,Austronesian,los,PG,L,Papua New Guinea,Pacific
Lonwolwol,Austronesian,crc,VU,L,Vanuatu,Pacific
Lonzo,Niger-Congo,lnz,CD,L,Democratic Republic of the Congo,Africa
Loo,Niger-Congo,ldo,NG,L,Nigeria,Africa
Lopa,Niger-Congo,lop,NG,L,Nigeria,Africa
Lopi,Sino-Tibetan,lov,CN,L,China,Asia
Lopit,Nilo-Saharan,lpx,SS,L,South Sudan,Africa
Lorang,Austronesian,lrn,ID,L,Indonesia,Asia
Lorediakarkar,Austronesian,lnn,VU,L,Vanuatu,Pacific
Lote,Austronesian,uvl,PG,L,Papua New Guinea,Pacific
Lotud,Austronesian,dtr,MY,L,Malaysia,Asia
Lou,Austronesian,loj,PG,L,Papua New Guinea,Pacific
Louisiana Creole,Creole,lou,US,L,United States,Americas
Loun,Austronesian,lox,ID,X,Indonesia,Asia
Loup A,Algic,xlo,US,X,United States,Americas
Loup B,Algic,xlb,US,X,United States,Americas
Loura,Austronesian,lur,ID,L,Indonesia,Asia
Lovono,Austronesian,vnk,SB,L,Solomon Islands,Pacific
Lower Burdekin,Australian,xbb,AU,X,Australia,Pacific
Lower Nossob,Tuu,nsb,ZA,X,South Africa,Africa
Löyöp,Austronesian,urr,VU,L,Vanuatu,Pacific
Lozi,Niger-Congo,loz,ZM,L,Zambia,Africa
Lü,Kra-Dai,khb,CN,L,China,Asia
Luang,Austronesian,lex,ID,L,Indonesia,Asia
Luba-Kasai,Niger-Congo,lua,CD,L,Democratic Republic of the Congo,Africa
Luba-Katanga,Niger-Congo,lub,CD,L,Democratic Republic of the Congo,Africa
Lubila,Niger-Congo,kcc,NG,L,Nigeria,Africa
Lubu,Austronesian,lcf,ID,L,Indonesia,Asia
Luchazi,Niger-Congo,lch,AO,L,Angola,Africa
Lucumi,Niger-Congo,luq,CU,L,Cuba,Americas
Ludian,Uralic,lud,RU,L,Russian Federation,Europe
Lufu,Unclassified,ldq,NG,L,Nigeria,Africa
Lugbara,Nilo-Saharan,lgg,UG,L,Uganda,Africa
Luguru,Niger-Congo,ruf,TZ,L,Tanzania,Africa
Luhu,Austronesian,lcq,ID,L,Indonesia,Asia
Luidakho-Luisukha-Lutirichi,Niger-Congo,ida,KE,L,Kenya,Africa
Luimbi,Niger-Congo,lum,AO,L,Angola,Africa
Luiseño,Uto-Aztecan,lui,US,L,United States,Americas
Lukabaras,Niger-Congo,lkb,KE,L,Kenya,Africa
Lukpa,Niger-Congo,dop,BJ,L,Benin,Africa
Lule,Unclassified,ule,AR,X,Argentina,Americas
Lulogooli,Niger-Congo,rag,KE,L,Kenya,Africa
Lumbu,Niger-Congo,lup,GA,L,Gabon,Africa
Lumun,Niger-Congo,lmd,SD,L,Sudan,Africa
Luna,Niger-Congo,luj,CD,L,Democratic Republic of the Congo,Africa
Lunanakha,Sino-Tibetan,luk,BT,L,Bhutan,Asia
Lunda,Niger-Congo,lun,ZM,L,Zambia,Africa
Lundayeh,Austronesian,lnd,ID,L,Indonesia,Asia
Lungga,Austronesian,lga,SB,L,Solomon Islands,Pacific
Luri,Afro-Asiatic,ldd,NG,X,Nigeria,Africa
"Luri, Northern",Indo-European,lrc,IR,L,Iran,Asia
"Luri, Southern",Indo-European,luz,IR,L,Iran,Asia
Lusengo,Niger-Congo,lse,CD,L,Democratic Republic of the Congo,Africa
Lushootseed,Salish,lut,US,L,United States,Americas
Lusi,Austronesian,khl,PG,L,Papua New Guinea,Pacific
Lutachoni,Niger-Congo,lts,KE,L,Kenya,Africa
Luto,Nilo-Saharan,ndy,CF,L,Central African Republic,Africa
Luvale,Niger-Congo,lue,ZM,L,Zambia,Africa
Luwati,Indo-European,luv,OM,L,Oman,Asia
Luwo,Nilo-Saharan,lwo,SS,L,South Sudan,Africa
Luxembourgish,Indo-European,ltz,LU,L,Luxembourg,Europe
Luyana,Niger-Congo,lyn,ZM,L,Zambia,Africa
Lwalu,Niger-Congo,lwa,CD,L,Democratic Republic of the Congo,Africa
Lwel,Niger-Congo,lvl,CD,L,Democratic Republic of the Congo,Africa
Lyélé,Niger-Congo,lee,BF,L,Burkina Faso,Africa
Lyngngam,Austro-Asiatic,lyg,IN,L,India,Asia
M’we,Niger-Congo,bmg,CD,L,Democratic Republic of the Congo,Africa
Ma,Trans-New Guinea,mjn,PG,L,Papua New Guinea,Pacific
Ma Manda,Trans-New Guinea,skc,PG,L,Papua New Guinea,Pacific
Ma’anyan,Austronesian,mhy,ID,L,Indonesia,Asia
Ma’di,Nilo-Saharan,mhi,UG,L,Uganda,Africa
"Ma’di, Southern",Nilo-Saharan,snm,UG,L,Uganda,Africa
Ma’ya,Austronesian,slz,ID,L,Indonesia,Asia
Maa,Austro-Asiatic,cma,VN,L,Vietnam,Asia
Maaka,Afro-Asiatic,mew,NG,L,Nigeria,Africa
Maan,Niger-Congo,mev,LR,L,Liberia,Africa
Maasai,Nilo-Saharan,mas,KE,L,Kenya,Africa
Maay,Afro-Asiatic,ymm,SO,L,Somalia,Africa
Maba,Austronesian,,,,Namibia,Africa
Maba,Nilo-Saharan,,,,Namibia,Africa
Mabaale,Niger-Congo,mmz,CD,L,Democratic Republic of the Congo,Africa
Mabaan,Nilo-Saharan,mfz,SS,L,South Sudan,Africa
Mabire,Afro-Asiatic,muj,TD,X,Chad,Africa
Macaguaje,Tucanoan,mcl,CO,L,Colombia,Americas
Macaguán,Guajiboan,mbn,CO,L,Colombia,Americas
Macanese,Creole,mzs,MO,L,Macao,Asia
Macedonian,Indo-European,mkd,MK,L,North Macedonia,Europe
Machame,Niger-Congo,jmc,TZ,L,Tanzania,Africa
Machinere,Maipurean,mpd,BR,L,Brazil,Americas
Machinga,Niger-Congo,mvw,TZ,L,Tanzania,Africa
Maco,Sálivan,wpc,VE,L,Venezuela,Americas
Macuna,Tucanoan,myy,CO,L,Colombia,Americas
Macushi,Cariban,mbc,BR,L,Brazil,Americas
Mada,Afro-Asiatic,,,,Namibia,Africa
Mada,Niger-Congo,,,,Namibia,Africa
Madak,Austronesian,mmx,PG,L,Papua New Guinea,Pacific
Madhi Madhi,Australian,dmd,AU,L,Australia,Pacific
Madi,Niger-Congo,,,,Namibia,Africa
Madi,Trans-New Guinea,,,,Namibia,Africa
Madura,Austronesian,mad,ID,L,Indonesia,Asia
Mae,Austronesian,mme,VU,L,Vanuatu,Pacific
"Maewo, Central",Austronesian,mwo,VU,L,Vanuatu,Pacific
Mafa,Afro-Asiatic,maf,CM,L,Cameroon,Africa
Mafea,Austronesian,mkv,VU,L,Vanuatu,Pacific
Magahi,Indo-European,mag,IN,L,India,Asia
"Magar, Eastern",Sino-Tibetan,mgp,NP,L,Nepal,Asia
"Magar, Western",Sino-Tibetan,mrd,NP,L,Nepal,Asia
Mághdì,Niger-Congo,gmd,NG,L,Nigeria,Africa
Magi,Trans-New Guinea,mgu,PG,L,Papua New Guinea,Pacific
Magiyi,Trans-New Guinea,gmg,PG,L,Papua New Guinea,Pacific
Magɨ,Trans-New Guinea,gkd,PG,L,Papua New Guinea,Pacific
Magoma,Niger-Congo,gmx,TZ,L,Tanzania,Africa
Magori,Austronesian,zgr,PG,L,Papua New Guinea,Pacific
Maguindanaon,Austronesian,mdh,PH,L,Philippines,Asia
Mah Meri,Austro-Asiatic,mhe,MY,L,Malaysia,Asia
Mahali,Austro-Asiatic,mjx,IN,L,India,Asia
Mahican,Algic,mjy,US,L,United States,Americas
Mahongwe,Niger-Congo,mhb,GA,L,Gabon,Africa
Mahou,Niger-Congo,mxx,CI,L,Côte d’Ivoire,Africa
Mai Brat,Maybrat,ayz,ID,L,Indonesia,Asia
Maia,Trans-New Guinea,sks,PG,L,Papua New Guinea,Pacific
Maiadomu,Austronesian,mzz,PG,L,Papua New Guinea,Pacific
Maiani,Trans-New Guinea,tnh,PG,L,Papua New Guinea,Pacific
"Maidu, Northeast",Maiduan,nmu,US,L,United States,Americas
"Maidu, Northwest",Maiduan,mjd,US,L,United States,Americas
"Maidu, Valley",Maiduan,vmv,US,X,United States,Americas
Maii,Austronesian,mmm,VU,X,Vanuatu,Pacific
Maijuna,Tucanoan,ore,PE,L,Peru,Americas
Maindo,Niger-Congo,cwb,MZ,L,Mozambique,Africa
Mairasi,Mairasi,zrs,ID,L,Indonesia,Asia
Maisin,Austronesian,mbq,PG,L,Papua New Guinea,Pacific
Maithili,Indo-European,mai,IN,L,India,Asia
Maiwa,Austronesian,,,,Namibia,Africa
Maiwa,Trans-New Guinea,,,,Namibia,Africa
Maiwala,Austronesian,mum,PG,L,Papua New Guinea,Pacific
Majang,Nilo-Saharan,mpe,ET,L,Ethiopia,Africa
Majera,Afro-Asiatic,xmj,CM,L,Cameroon,Africa
Majhi,Indo-European,mjz,NP,L,Nepal,Asia
Majhwar,Unclassified,mmj,IN,L,India,Asia
Mak,Kra-Dai,,,,Namibia,Africa
Mak,Niger-Congo,,,,Namibia,Africa
Maka,Matacoan,mca,PY,L,Paraguay,Americas
Makaa,Niger-Congo,mcp,CM,L,Cameroon,Africa
Makah,Wakashan,myh,US,L,United States,Americas
Makalero,Trans-New Guinea,mjb,TL,L,East Timor,Asia
Makasae,Trans-New Guinea,mkz,TL,L,East Timor,Asia
Makasar,Austronesian,mak,ID,L,Indonesia,Asia
Makayam,Trans-New Guinea,aup,PG,L,Papua New Guinea,Pacific
Makhuwa,Niger-Congo,vmw,MZ,L,Mozambique,Africa
Makhuwa-Marrevone,Niger-Congo,xmc,MZ,L,Mozambique,Africa
Makhuwa-Meetto,Niger-Congo,mgh,MZ,L,Mozambique,Africa
Makhuwa-Moniga,Niger-Congo,mhm,MZ,L,Mozambique,Africa
Makhuwa-Saka,Niger-Congo,xsq,MZ,L,Mozambique,Africa
Makhuwa-Shirima,Niger-Congo,vmk,MZ,L,Mozambique,Africa
"Makian, East",Austronesian,mky,ID,L,Indonesia,Asia
"Makian, West",West Papuan,mqs,ID,L,Indonesia,Asia
Maklew,South-Central Papuan,mgf,ID,L,Indonesia,Asia
Makolkol,East New Britain,zmh,PG,L,Papua New Guinea,Pacific
Makonde,Niger-Congo,kde,TZ,L,Tanzania,Africa
Máku,Language isolate,xak,VE,X,Venezuela,Americas
Makuráp,Tupian,mpu,BR,L,Brazil,Americas
Makuva,Austronesian,lva,TL,L,East Timor,Asia
Makwe,Niger-Congo,ymk,MZ,L,Mozambique,Africa
Mal,Austro-Asiatic,mlf,LA,L,Laos,Asia
Mal Paharia,Indo-European,mkb,IN,L,India,Asia
Mala,Austronesian,,,,Namibia,Africa
Mala,Trans-New Guinea,,,,Namibia,Africa
Mala Malasar,Dravidian,ima,IN,L,India,Asia
Malaccan Malay Creole,Creole,ccm,MY,L,Malaysia,Asia
Malaccan Portuguese Creole,Creole,mcm,MY,L,Malaysia,Asia
"Malagasy, Antankarana",Austronesian,xmv,MG,L,Madagascar,Africa
"Malagasy, Bara",Austronesian,bhr,MG,L,Madagascar,Africa
"Malagasy, Masikoro",Austronesian,msh,MG,L,Madagascar,Africa
"Malagasy, Merina",Austronesian,plt,MG,L,Madagascar,Africa
"Malagasy, Northern Betsimisaraka",Austronesian,bmm,MG,L,Madagascar,Africa
"Malagasy, Sakalava",Austronesian,skg,MG,L,Madagascar,Africa
"Malagasy, Southern Betsimisaraka",Austronesian,bzc,MG,L,Madagascar,Africa
"Malagasy, Tandroy-Mahafaly",Austronesian,tdx,MG,L,Madagascar,Africa
"Malagasy, Tanosy",Austronesian,txy,MG,L,Madagascar,Africa
"Malagasy, Tesaka",Austronesian,tkg,MG,L,Madagascar,Africa
"Malagasy, Tsimihety",Austronesian,xmw,MG,L,Madagascar,Africa
Malak Malak,Australian,mpb,AU,L,Australia,Pacific
Malango,Austronesian,mln,SB,L,Solomon Islands,Pacific
Malankuravan,Dravidian,mjo,IN,L,India,Asia
Malapandaram,Dravidian,mjp,IN,L,India,Asia
Malaryan,Dravidian,mjq,IN,L,India,Asia
Malasar,Dravidian,ymr,IN,L,India,Asia
Malavedan,Dravidian,mjr,IN,L,India,Asia
Malay,Austronesian,zlm,MY,L,Malaysia,Asia
Malay,Austronesian,zlm,MY,L,Malaysia,Asia
"Malay, Ambonese",Creole,abs,ID,L,Indonesia,Asia
"Malay, Baba",Creole,mbf,SG,L,Singapore,Asia
"Malay, Bacanese",Austronesian,btj,ID,L,Indonesia,Asia
"Malay, Balinese",Creole,mhp,ID,L,Indonesia,Asia
"Malay, Banda",Creole,bpq,ID,L,Indonesia,Asia
"Malay, Berau",Austronesian,bve,ID,L,Indonesia,Asia
"Malay, Bukit",Austronesian,bvu,ID,L,Indonesia,Asia
"Malay, Central",Austronesian,pse,ID,L,Indonesia,Asia
"Malay, Cocos Islands",Creole,coa,CC,L,Cocos (Keeling) Islands,Pacific
"Malay, Jambi",Austronesian,jax,ID,L,Indonesia,Asia
"Malay, Kedah",Austronesian,meo,MY,L,Malaysia,Asia
"Malay, Kota Bangun Kutai",Austronesian,mqg,ID,L,Indonesia,Asia
"Malay, Kupang",Creole,mkn,ID,L,Indonesia,Asia
"Malay, Larantuka",Creole,lrt,ID,L,Indonesia,Asia
"Malay, Manado",Creole,xmm,ID,L,Indonesia,Asia
"Malay, North Moluccan",Creole,max,ID,L,Indonesia,Asia
"Malay, Papuan",Creole,pmy,ID,L,Indonesia,Asia
"Malay, Pattani",Austronesian,mfa,TH,L,Thailand,Asia
"Malay, Sabah",Austronesian,msi,MY,L,Malaysia,Asia
"Malay, Standard",Austronesian,zsm,MY,L,Malaysia,Asia
"Malay, Tenggarong Kutai",Austronesian,vkt,ID,L,Indonesia,Asia
Malayalam,Dravidian,mal,IN,L,India,Asia
Malayic Dayak,Austronesian,xdy,ID,L,Indonesia,Asia
Malaynon,Austronesian,mlz,PH,L,Philippines,Asia
Maldivian,Indo-European,div,MV,L,Maldives,Asia
Male,Afro-Asiatic,mdy,ET,L,Ethiopia,Africa
Malecite-Passamaquoddy,Algic,pqm,CA,L,Canada,Americas
Malei,Austronesian,hot,PG,L,Papua New Guinea,Pacific
Maléku Jaíka,Chibchan,gut,CR,L,Costa Rica,Americas
Maleng,Austro-Asiatic,pkt,LA,L,Laos,Asia
Maleu-Kilenge,Austronesian,mgl,PG,L,Papua New Guinea,Pacific
Malgana,Australian,vml,AU,X,Australia,Pacific
Malgbe,Afro-Asiatic,mxf,CM,L,Cameroon,Africa
Mali,East New Britain,gcc,PG,L,Papua New Guinea,Pacific
Malila,Niger-Congo,mgq,TZ,L,Tanzania,Africa
Malimpung,Austronesian,mli,ID,L,Indonesia,Asia
Malo,Austronesian,mla,VU,L,Vanuatu,Pacific
Malol,Austronesian,mbk,PG,L,Papua New Guinea,Pacific
Maltese,Afro-Asiatic,mlt,MT,L,Malta,Europe
Malua Bay,Austronesian,mll,VU,L,Vanuatu,Pacific
Malvi,Indo-European,mup,IN,L,India,Asia
Malyangapa,Australian,yga,AU,X,Australia,Pacific
Mam,Mayan,mam,GT,L,Guatemala,Americas
Mama,Niger-Congo,mma,NG,L,Nigeria,Africa
Mamaindê,Nambikwara,wmd,BR,L,Brazil,Americas
Mamasa,Austronesian,mqj,ID,L,Indonesia,Asia
Mambae,Austronesian,mgm,TL,L,East Timor,Asia
Mambai,Niger-Congo,mcs,CM,L,Cameroon,Africa
"Mambila, Cameroon",Niger-Congo,mcu,CM,L,Cameroon,Africa
"Mambila, Nigeria",Niger-Congo,mzk,NG,L,Nigeria,Africa
Mamboru,Austronesian,mvd,ID,L,Indonesia,Asia
Mambwe-Lungu,Niger-Congo,mgr,ZM,L,Zambia,Africa
Mampruli,Niger-Congo,maw,GH,L,Ghana,Africa
Mamuju,Austronesian,mqx,ID,L,Indonesia,Asia
Mamulique,Comecrudan,emm,MX,X,Mexico,Americas
Mamusi,Austronesian,kdf,PG,L,Papua New Guinea,Pacific
Mamvu,Nilo-Saharan,mdi,CD,L,Democratic Republic of the Congo,Africa
Man Met,Austro-Asiatic,mml,CN,L,China,Asia
Manam,Austronesian,mva,PG,L,Papua New Guinea,Pacific
Manambu,Sepik,mle,PG,L,Papua New Guinea,Pacific
Manangkari,Australian,znk,AU,X,Australia,Pacific
Manat,Trans-New Guinea,pmr,PG,L,Papua New Guinea,Pacific
Manchu,Tungusic,mnc,CN,L,China,Asia
Mand,Trans-New Guinea,ate,PG,L,Papua New Guinea,Pacific
Manda,Australian,,,,Namibia,Africa
Manda,Dravidian,,,,Namibia,Africa
Manda,Niger-Congo,,,,Namibia,Africa
Mandahuaca,Maipurean,mht,VE,X,Venezuela,Americas
"Mandaic, Classical",Afro-Asiatic,myz,IR,L,Iran,Asia
Mandan,Siouan-Catawban,mhq,US,L,United States,Americas
Mandandanyi,Australian,zmk,AU,X,Australia,Pacific
Mandar,Austronesian,mdr,ID,L,Indonesia,Asia
Mandara,Austronesian,tbf,PG,L,Papua New Guinea,Pacific
Mandari,Nilo-Saharan,mqu,SS,L,South Sudan,Africa
Mandaya,Austronesian,mry,PH,L,Philippines,Asia
Mandeali,Indo-European,mjl,IN,L,India,Asia
Mander,Tor-Kwerba,mqr,ID,L,Indonesia,Asia
Mandinka,Niger-Congo,mnk,SN,L,Senegal,Africa
Mandja,Niger-Congo,mzv,CF,L,Central African Republic,Africa
Mandjak,Niger-Congo,mfv,GW,L,Guinea-Bissau,Africa
Mandobo Atas,Trans-New Guinea,aax,ID,L,Indonesia,Asia
Mandobo Bawah,Trans-New Guinea,bwp,ID,L,Indonesia,Asia
Manem,Border,jet,PG,L,Papua New Guinea,Pacific
Manep,Trans-New Guinea,mkr,PG,L,Papua New Guinea,Pacific
Mang,Austro-Asiatic,zng,VN,L,Vietnam,Asia
Mangala,Australian,mem,AU,L,Australia,Pacific
Mangareva,Austronesian,mrv,PF,L,French Polynesia,Pacific
Mangarrayi,Australian,mpc,AU,L,Australia,Pacific
Mangayat,Niger-Congo,myj,SS,L,South Sudan,Africa
Mangbetu,Nilo-Saharan,mdj,CD,L,Democratic Republic of the Congo,Africa
Mangbutu,Nilo-Saharan,mdk,CD,L,Democratic Republic of the Congo,Africa
Mangerr,Australian,zme,AU,X,Australia,Pacific
Manggarai,Austronesian,mqy,ID,L,Indonesia,Asia
Mango,Nilo-Saharan,mge,TD,L,Chad,Africa
Mangole,Austronesian,mqc,ID,L,Indonesia,Asia
Mangseng,Austronesian,mbh,PG,L,Papua New Guinea,Pacific
Mangue,Unclassified,mom,NI,L,Nicaragua,Americas
Manide,Austronesian,abd,PH,L,Philippines,Asia
"Maninka, Sankaran",Niger-Congo,msc,GN,L,Guinea,Africa
"Maninkakan, Eastern",Niger-Congo,emk,GN,L,Guinea,Africa
"Maninkakan, Kita",Niger-Congo,mwk,ML,L,Mali,Africa
"Maninkakan, Western",Niger-Congo,mlq,SN,L,Senegal,Africa
Manipa,Austronesian,mqp,ID,L,Indonesia,Asia
Mankanya,Niger-Congo,knf,GW,L,Guinea-Bissau,Africa
Mankiyali,Indo-European,nlm,PK,L,Pakistan,Asia
Mankong,Niger-Congo,bqt,CM,L,Cameroon,Africa
Manna-Dora,Dravidian,mju,IN,L,India,Asia
Mannan,Dravidian,mjv,IN,L,India,Asia
"Manobo, Agusan",Austronesian,msm,PH,L,Philippines,Asia
"Manobo, Ata",Austronesian,atd,PH,L,Philippines,Asia
"Manobo, Cotabato",Austronesian,mta,PH,L,Philippines,Asia
"Manobo, Dibabawon",Austronesian,mbd,PH,L,Philippines,Asia
"Manobo, Ilianen",Austronesian,mbi,PH,L,Philippines,Asia
"Manobo, Kinamiging",Austronesian,mkx,PH,L,Philippines,Asia
"Manobo, Matigsalug",Austronesian,mbt,PH,L,Philippines,Asia
"Manobo, Obo",Austronesian,obo,PH,L,Philippines,Asia
"Manobo, Rajah Kabunsuwan",Austronesian,mqk,PH,L,Philippines,Asia
"Manobo, Sarangani",Austronesian,mbs,PH,L,Philippines,Asia
"Manobo, Western Bukidnon",Austronesian,mbb,PH,L,Philippines,Asia
Manombai,Austronesian,woo,ID,L,Indonesia,Asia
Mansaka,Austronesian,msk,PH,L,Philippines,Asia
Mansi,Afro-Asiatic,,,,Namibia,Africa
Mansi,Uralic,,,,Namibia,Africa
Mansoanka,Niger-Congo,msw,GW,L,Guinea-Bissau,Africa
Manta,Niger-Congo,myg,CM,L,Cameroon,Africa
Mantsi,Sino-Tibetan,nty,VN,L,Vietnam,Asia
Manx,Indo-European,glv,IM,L,Isle of Man,Europe
Manya,Niger-Congo,mzj,LR,L,Liberia,Africa
Manyawa,Niger-Congo,mny,MZ,L,Mozambique,Africa
Manyika,Niger-Congo,mxc,ZW,L,Zimbabwe,Africa
Maonan,Kra-Dai,mmd,CN,L,China,Asia
Maori,Austronesian,mri,NZ,L,New Zealand,Pacific
Mape,Trans-New Guinea,mlh,PG,L,Papua New Guinea,Pacific
Mapena,Trans-New Guinea,mnm,PG,L,Papua New Guinea,Pacific
Mapia,Austronesian,mpy,ID,X,Indonesia,Asia
Mapidian,Maipurean,mpw,BR,L,Brazil,Americas
Mapoyo,Cariban,mcg,VE,L,Venezuela,Americas
Mapudungun,Mapudungu,arn,CL,L,Chile,Americas
Mapun,Austronesian,sjm,PH,L,Philippines,Asia
Maquiritari,Cariban,mch,VE,L,Venezuela,Americas
Mara,Sino-Tibetan,mrh,IN,L,India,Asia
Maraghei,Indo-European,vmh,IR,L,Iran,Asia
Maragus,Austronesian,mrs,VU,L,Vanuatu,Pacific
Maranao,Austronesian,mrw,PH,L,Philippines,Asia
Marangis,Ramu-Lower Sepik,wax,PG,L,Papua New Guinea,Pacific
Maranunggu,Australian,zmr,AU,L,Australia,Pacific
Mararit,Nilo-Saharan,mgb,TD,L,Chad,Africa
Marathi,Indo-European,mar,IN,L,India,Asia
Marau,Austronesian,mvr,ID,L,Indonesia,Asia
Marba,Afro-Asiatic,mpg,TD,L,Chad,Africa
Marenje,Niger-Congo,vmr,MZ,L,Mozambique,Africa
Marfa,Nilo-Saharan,mvu,TD,L,Chad,Africa
Margany,Australian,zmc,AU,X,Australia,Pacific
Marghi Central,Afro-Asiatic,mrt,NG,L,Nigeria,Africa
Marghi South,Afro-Asiatic,mfm,NG,L,Nigeria,Africa
Margu,Australian,mhg,AU,X,Australia,Pacific
Mari,Austronesian,,,,Namibia,Africa
Mari,Sepik,,,,Namibia,Africa
"Mari, Hill",Uralic,mrj,RU,L,Russian Federation,Europe
"Mari, Meadow",Uralic,mhr,RU,L,Russian Federation,Europe
Maria,Dravidian,,,,Namibia,Africa
Maria,Trans-New Guinea,,,,Namibia,Africa
"Maria, Dandami",Dravidian,daq,IN,L,India,Asia
Maricopa,Cochimí-Yuman,mrc,US,L,United States,Americas
Maridan,Australian,zmd,AU,L,Australia,Pacific
Maridjabin,Australian,zmj,AU,L,Australia,Pacific
Marik,Austronesian,dad,PG,L,Papua New Guinea,Pacific
Marimanindji,Australian,zmm,AU,L,Australia,Pacific
Marind,Trans-New Guinea,mrz,ID,L,Indonesia,Asia
"Marind, Bian",Trans-New Guinea,bpv,ID,L,Indonesia,Asia
Maring,Trans-New Guinea,mbw,PG,L,Papua New Guinea,Pacific
Maringarr,Australian,zmt,AU,L,Australia,Pacific
Marino,Austronesian,mrb,VU,L,Vanuatu,Pacific
Mariri,Austronesian,mqi,ID,L,Indonesia,Asia
Maritsauá,Tupian,msp,BR,X,Brazil,Americas
Mariyedi,Australian,zmy,AU,L,Australia,Pacific
Marka,Niger-Congo,rkm,BF,L,Burkina Faso,Africa
Markweeta,Nilo-Saharan,enb,KE,L,Kenya,Africa
Marma,Sino-Tibetan,rmz,BD,L,Bangladesh,Asia
Marovo,Austronesian,mvo,SB,L,Solomon Islands,Pacific
"Marquesan, North",Austronesian,mrq,PF,L,French Polynesia,Pacific
"Marquesan, South",Austronesian,mqm,PF,L,French Polynesia,Pacific
Marra,Australian,mec,AU,L,Australia,Pacific
Marriammu,Australian,xru,AU,L,Australia,Pacific
Marrithiyel,Australian,mfr,AU,L,Australia,Pacific
Marshallese,Austronesian,mah,MH,L,Marshall Islands,Pacific
Marti Ke,Australian,zmg,AU,L,Australia,Pacific
Martu Wangka,Australian,mpj,AU,L,Australia,Pacific
Martuyhunira,Australian,vma,AU,X,Australia,Pacific
Marubo,Panoan,mzr,BR,L,Brazil,Americas
Marwari,Indo-European,,,,Namibia,Africa
Marwari,Indo-European,,,,Namibia,Africa
Masaaba,Niger-Congo,myx,UG,L,Uganda,Africa
Masalit,Nilo-Saharan,mls,SD,L,Sudan,Africa
Masana,Afro-Asiatic,mcn,TD,L,Chad,Africa
Masbatenyo,Austronesian,msb,PH,L,Philippines,Asia
"Masela, Central",Austronesian,mxz,ID,L,Indonesia,Asia
"Masela, East",Austronesian,vme,ID,L,Indonesia,Asia
"Masela, West",Austronesian,mss,ID,L,Indonesia,Asia
Mashco Piro,Maipurean,cuj,PE,L,Peru,Americas
Mashi,Niger-Congo,,,,Namibia,Africa
Mashi,Niger-Congo,,,,Namibia,Africa
Masimasi,Austronesian,ism,ID,L,Indonesia,Asia
Masiwang,Austronesian,bnf,ID,L,Indonesia,Asia
Maskelynes,Austronesian,klv,VU,L,Vanuatu,Pacific
Maslam,Afro-Asiatic,msv,CM,L,Cameroon,Africa
Masmaje,Afro-Asiatic,mes,TD,L,Chad,Africa
Massalat,Nilo-Saharan,mdg,TD,L,Chad,Africa
Massep,Language isolate,mvs,ID,L,Indonesia,Asia
Matagalpa,Misumalpan,mtn,NI,L,Nicaragua,Americas
Matal,Afro-Asiatic,mfh,CM,L,Cameroon,Africa
Matambwe,Niger-Congo,wtb,TZ,L,Tanzania,Africa
Matbat,Austronesian,xmt,ID,L,Indonesia,Asia
Matengo,Niger-Congo,mgv,TZ,L,Tanzania,Africa
Matepi,Trans-New Guinea,mqe,PG,L,Papua New Guinea,Pacific
Mateq,Austronesian,xem,ID,L,Indonesia,Asia
Matipuhy,Cariban,mzo,BR,L,Brazil,Americas
Matís,Panoan,mpq,BR,L,Brazil,Americas
"Matlatzinca, Atzingo",Otomanguean,ocu,MX,L,Mexico,Americas
"Matlatzinca, San Francisco",Otomanguean,mat,MX,L,Mexico,Americas
Matngala,Australian,zml,AU,X,Australia,Pacific
Mato,Austronesian,met,PG,L,Papua New Guinea,Pacific
Mator,Uralic,mtm,RU,X,Russian Federation,Europe
Matses,Panoan,mcf,PE,L,Peru,Americas
Matsigenka,Maipurean,mcb,PE,L,Peru,Americas
Matsuva,Afro-Asiatic,tsh,CM,L,Cameroon,Africa
Mattokki,Nilo-Saharan,xnz,EG,L,Egypt,Africa
Mattole,Eyak-Athabaskan,mvb,US,L,United States,Americas
Matukar Panau,Austronesian,mjk,PG,L,Papua New Guinea,Pacific
Matumbi,Niger-Congo,mgw,TZ,L,Tanzania,Africa
Maung,Australian,mph,AU,L,Australia,Pacific
Mauwake,Trans-New Guinea,mhl,PG,L,Papua New Guinea,Pacific
Mawa,Afro-Asiatic,,,,Namibia,Africa
Mawa,Afro-Asiatic,,,,Namibia,Africa
Mawak,Trans-New Guinea,mjj,PG,L,Papua New Guinea,Pacific
Mawan,Trans-New Guinea,mcz,PG,L,Papua New Guinea,Pacific
Mawayana,Maipurean,mzx,GY,L,Guyana,Americas
Mawchi,Indo-European,mke,IN,L,India,Asia
Mawes,Language isolate,mgk,ID,L,Indonesia,Asia
Mawes Aasse,Afro-Asiatic,myf,ET,L,Ethiopia,Africa
Maxakalí,Maxakalian,mbl,BR,L,Brazil,Americas
"Maya, Mopán",Mayan,mop,BZ,L,Belize,Americas
"Maya, Yucatec",Mayan,yua,MX,L,Mexico,Americas
Mayaguduna,Australian,xmy,AU,X,Australia,Pacific
Mayangna,Misumalpan,yan,NI,L,Nicaragua,Americas
Mayawali,Australian,yxa,AU,X,Australia,Pacific
Mayeka,Niger-Congo,myc,CD,L,Democratic Republic of the Congo,Africa
Mayi-Kulan,Australian,xyk,AU,X,Australia,Pacific
Mayi-Thakurti,Australian,xyt,AU,X,Australia,Pacific
Mayi-Yapi,Australian,xyj,AU,X,Australia,Pacific
Mayo,Uto-Aztecan,mfy,MX,L,Mexico,Americas
Mayogo,Niger-Congo,mdm,CD,L,Democratic Republic of the Congo,Africa
Mazagway-Hidi,Afro-Asiatic,dkx,CM,L,Cameroon,Africa
"Mazahua, Central",Otomanguean,maz,MX,L,Mexico,Americas
"Mazahua, Michoacán",Otomanguean,mmc,MX,L,Mexico,Americas
Mazandarani,Indo-European,mzn,IR,L,Iran,Asia
"Mazatec, Ayautla",Otomanguean,vmy,MX,L,Mexico,Americas
"Mazatec, Chiquihuitlán",Otomanguean,maq,MX,L,Mexico,Americas
"Mazatec, Huautla",Otomanguean,mau,MX,L,Mexico,Americas
"Mazatec, Ixcatlán",Otomanguean,mzi,MX,L,Mexico,Americas
"Mazatec, Jalapa de Díaz",Otomanguean,maj,MX,L,Mexico,Americas
"Mazatec, Mazatlán",Otomanguean,vmz,MX,L,Mexico,Americas
"Mazatec, Puebla and Northeastern",Otomanguean,pbm,MX,L,Mexico,Americas
"Mazatec, San Jerónimo Tecóatl",Otomanguean,maa,MX,L,Mexico,Americas
"Mazatec, Soyaltepec",Otomanguean,vmp,MX,L,Mexico,Americas
Mba,Niger-Congo,mfc,CD,L,Democratic Republic of the Congo,Africa
Mbala,Niger-Congo,mdp,CD,L,Democratic Republic of the Congo,Africa
Mbalanhu,Niger-Congo,lnb,,L,Namibia,Africa
Mbandja,Niger-Congo,zmz,CD,L,Democratic Republic of the Congo,Africa
Mbangala,Niger-Congo,mxg,AO,L,Angola,Africa
Mbangi,Niger-Congo,mgn,CF,L,Central African Republic,Africa
Mbangwe,Niger-Congo,zmn,GA,L,Gabon,Africa
Mbara,Afro-Asiatic,,,,Namibia,Africa
Mbara,Australian,,,,Namibia,Africa
Mbariman-Gudhinma,Australian,zmv,AU,X,Australia,Pacific
Mbat,Niger-Congo,bau,NG,L,Nigeria,Africa
Mbati,Niger-Congo,mdn,CF,L,Central African Republic,Africa
Mbay,Nilo-Saharan,myb,TD,L,Chad,Africa
Mbe,Niger-Congo,mfo,NG,L,Nigeria,Africa
Mbelime,Niger-Congo,mql,BJ,L,Benin,Africa
"Mbembe, Cross River",Niger-Congo,mfn,NG,L,Nigeria,Africa
"Mbembe, Tigon",Niger-Congo,nza,CM,L,Cameroon,Africa
Mbere,Niger-Congo,mdt,CG,L,Congo,Africa
Mbesa,Niger-Congo,zms,CD,L,Democratic Republic of the Congo,Africa
Mbessa,Niger-Congo,emz,CM,L,Cameroon,Africa
Mbo,Niger-Congo,,,,Namibia,Africa
Mbo,Niger-Congo,,,,Namibia,Africa
Mbo’,Niger-Congo,mtk,CM,L,Cameroon,Africa
Mboi,Niger-Congo,moi,NG,L,Nigeria,Africa
Mboko,Niger-Congo,mdu,CG,L,Congo,Africa
Mbole,Niger-Congo,mdq,CD,L,Democratic Republic of the Congo,Africa
Mbonga,Niger-Congo,xmb,CM,L,Cameroon,Africa
Mbongno,Niger-Congo,bgu,NG,L,Nigeria,Africa
Mbore,Ramu-Lower Sepik,gai,PG,L,Papua New Guinea,Pacific
Mbosi,Niger-Congo,mdw,CG,L,Congo,Africa
Mbowe,Niger-Congo,mxo,ZM,L,Zambia,Africa
Mbre,Niger-Congo,mka,CI,L,Côte d’Ivoire,Africa
Mbudum,Afro-Asiatic,xmd,CM,L,Cameroon,Africa
Mbugu,Mixed language,mhd,TZ,L,Tanzania,Africa
Mbugwe,Niger-Congo,mgz,TZ,L,Tanzania,Africa
Mbuk,Niger-Congo,bpc,CM,L,Cameroon,Africa
Mbuko,Afro-Asiatic,mqb,CM,L,Cameroon,Africa
Mbukushu,Niger-Congo,mhw,BW,L,Botswana,Africa
Mbula,Austronesian,mna,PG,L,Papua New Guinea,Pacific
Mbula-Bwazza,Niger-Congo,mbu,NG,L,Nigeria,Africa
Mbule,Niger-Congo,mlb,CM,L,Cameroon,Africa
Mbulungish,Niger-Congo,mbv,GN,L,Guinea,Africa
Mbum,Niger-Congo,mdd,CM,L,Cameroon,Africa
Mbunda,Niger-Congo,mck,AO,L,Angola,Africa
Mbunga,Niger-Congo,mgy,TZ,L,Tanzania,Africa
Mbuun,Niger-Congo,zmp,CD,L,Democratic Republic of the Congo,Africa
Mbwela,Niger-Congo,mfu,AO,L,Angola,Africa
Me’en,Nilo-Saharan,mym,ET,L,Ethiopia,Africa
"Me’phaa, Acatepec",Otomanguean,tpx,MX,L,Mexico,Americas
"Me’phaa, Azoyú",Otomanguean,tpc,MX,L,Mexico,Americas
"Me’phaa, Malinaltepec",Otomanguean,tcf,MX,L,Mexico,Americas
"Me’phaa, Tlacoapa",Otomanguean,tpl,MX,L,Mexico,Americas
Meänkieli,Uralic,fit,SE,L,Sweden,Europe
Medebur,Austronesian,mjm,PG,L,Papua New Guinea,Pacific
Media Lengua,Mixed language,mue,EC,L,Ecuador,Americas
Medumba,Niger-Congo,byv,CM,L,Cameroon,Africa
Mefele,Afro-Asiatic,mfj,CM,L,Cameroon,Africa
Megam,Sino-Tibetan,mef,BD,L,Bangladesh,Asia
Mehek,Sepik,nux,PG,L,Papua New Guinea,Pacific
Mehináku,Maipurean,mmh,BR,L,Brazil,Americas
Mehri,Afro-Asiatic,gdq,YE,L,Yemen,Asia
Meitei,Sino-Tibetan,mni,IN,L,India,Asia
Mekeo,Austronesian,mek,PG,L,Papua New Guinea,Pacific
Mekmek,Yuat,mvk,PG,L,Papua New Guinea,Pacific
Mekwei,Nimboran,msf,ID,L,Indonesia,Asia
Mel-Khaonh,Austro-Asiatic,hkn,KH,L,Cambodia,Asia
"Melanau, Central",Austronesian,mel,MY,L,Malaysia,Asia
"Melanau, Kanowit-Tanjong",Austronesian,kxn,MY,L,Malaysia,Asia
"Melanau, Matu Daro",Austronesian,dro,MY,L,Malaysia,Asia
"Melanau, Sibu",Austronesian,sdx,MY,L,Malaysia,Asia
Mele-Fila,Austronesian,mxe,VU,L,Vanuatu,Pacific
Melo,Afro-Asiatic,mfx,ET,L,Ethiopia,Africa
Melpa,Trans-New Guinea,med,PG,L,Papua New Guinea,Pacific
Memoni,Indo-European,mby,PK,L,Pakistan,Asia
Mendankwe-Nkwen,Niger-Congo,mfd,CM,L,Cameroon,Africa
Mende,Niger-Congo,,,,Namibia,Africa
Mende,Sepik,,,,Namibia,Africa
Mendenkye,Niger-Congo,bgj,CM,L,Cameroon,Africa
Mengaka,Niger-Congo,xmg,CM,L,Cameroon,Africa
Mengambo,Niger-Congo,bce,CM,L,Cameroon,Africa
Mengen,Austronesian,mee,PG,L,Papua New Guinea,Pacific
Mengisa,Niger-Congo,mct,CM,L,Cameroon,Africa
Ménik,Niger-Congo,tnr,SN,L,Senegal,Africa
Menka,Niger-Congo,mea,CM,L,Cameroon,Africa
Menominee,Algic,mez,US,L,United States,Americas
Mentawai,Austronesian,mwv,ID,L,Indonesia,Asia
Menya,Trans-New Guinea,mcr,PG,L,Papua New Guinea,Pacific
Meoswar,Austronesian,mvx,ID,L,Indonesia,Asia
Mer,Mairasi,mnu,ID,L,Indonesia,Asia
Meramera,Austronesian,mxm,PG,L,Papua New Guinea,Pacific
Mercheros,Unclassified,quq,ES,L,Spain,Europe
Merei,Austronesian,lmb,VU,L,Vanuatu,Pacific
Merey,Afro-Asiatic,meq,CM,L,Cameroon,Africa
Meriam Mir,Eastern Trans-Fly,ulk,AU,L,Australia,Pacific
Merwari,Indo-European,wry,IN,L,India,Asia
Mesaka,Niger-Congo,iyo,CM,L,Cameroon,Africa
Mesem,Trans-New Guinea,mci,PG,L,Papua New Guinea,Pacific
Meskwaki,Algic,sac,US,L,United States,Americas
Mesme,Afro-Asiatic,zim,TD,L,Chad,Africa
Mesmes,Afro-Asiatic,mys,ET,L,Ethiopia,Africa
Mesqan,Afro-Asiatic,mvz,ET,L,Ethiopia,Africa
Meta’,Niger-Congo,mgo,CM,L,Cameroon,Africa
Mevembet,Sepik,keh,PG,L,Papua New Guinea,Pacific
"Mewahang, Eastern",Sino-Tibetan,emg,NP,L,Nepal,Asia
"Mewahang, Western",Sino-Tibetan,raf,NP,L,Nepal,Asia
Mewari,Indo-European,mtr,IN,L,India,Asia
Mewati,Indo-European,wtm,IN,L,India,Asia
Meyah,East Bird’s Head-Sentani,mej,ID,L,Indonesia,Asia
Mfinu,Niger-Congo,zmf,CD,L,Democratic Republic of the Congo,Africa
Mfumte,Niger-Congo,nfu,CM,L,Cameroon,Africa
Mgbolizhia,Niger-Congo,gmz,NG,L,Nigeria,Africa
Mi’kmaq,Algic,mic,CA,L,Canada,Americas
Miami,Algic,mia,US,L,United States,Americas
Mian,Trans-New Guinea,mpt,PG,L,Papua New Guinea,Pacific
Miani,Trans-New Guinea,pla,PG,L,Papua New Guinea,Pacific
"Miao, Central Huishui",Hmong-Mien,hmc,CN,L,China,Asia
"Miao, Central Mashan",Hmong-Mien,hmm,CN,L,China,Asia
"Miao, Chuanqiandian Cluster",Hmong-Mien,cqd,CN,L,China,Asia
"Miao, Eastern Huishui",Hmong-Mien,hme,CN,L,China,Asia
"Miao, Eastern Qiandong",Hmong-Mien,hmq,CN,L,China,Asia
"Miao, Eastern Xiangxi",Hmong-Mien,muq,CN,L,China,Asia
"Miao, Horned",Hmong-Mien,hrm,CN,L,China,Asia
"Miao, Large Flowery",Hmong-Mien,hmd,CN,L,China,Asia
"Miao, Luopohe",Hmong-Mien,hml,CN,L,China,Asia
"Miao, Northern Guiyang",Hmong-Mien,huj,CN,L,China,Asia
"Miao, Northern Huishui",Hmong-Mien,hmi,CN,L,China,Asia
"Miao, Northern Mashan",Hmong-Mien,hmp,CN,L,China,Asia
"Miao, Northern Qiandong",Hmong-Mien,hea,CN,L,China,Asia
"Miao, Small Flowery",Hmong-Mien,sfm,CN,L,China,Asia
"Miao, Southern Guiyang",Hmong-Mien,hmy,CN,L,China,Asia
"Miao, Southern Mashan",Hmong-Mien,hma,CN,L,China,Asia
"Miao, Southern Qiandong",Hmong-Mien,hms,CN,L,China,Asia
"Miao, Southwestern Guiyang",Hmong-Mien,hmg,CN,L,China,Asia
"Miao, Southwestern Huishui",Hmong-Mien,hmh,CN,L,China,Asia
"Miao, Western Mashan",Hmong-Mien,hmw,CN,L,China,Asia
"Miao, Western Xiangxi",Hmong-Mien,mmr,CN,L,China,Asia
Michif,Mixed language,crg,US,L,United States,Americas
Michigamea,Siouan-Catawban,cmm,US,X,United States,Americas
Midob,Nilo-Saharan,mei,SD,L,Sudan,Africa
Migaama,Afro-Asiatic,mmy,TD,L,Chad,Africa
Migabac,Trans-New Guinea,mpp,PG,L,Papua New Guinea,Pacific
Migili,Niger-Congo,mgi,NG,L,Nigeria,Africa
Migum,Trans-New Guinea,klm,PG,L,Papua New Guinea,Pacific
Miji,Sino-Tibetan,sjl,IN,L,India,Asia
Miju-Mishmi,Sino-Tibetan,mxj,IN,L,India,Asia
Mikasuki,Muskogean,mik,US,L,United States,Americas
Mili,Sino-Tibetan,ymh,CN,L,China,Asia
Miltu,Afro-Asiatic,mlj,TD,L,Chad,Africa
Miluk,Coosan,iml,US,X,United States,Americas
Mina,Afro-Asiatic,hna,CM,L,Cameroon,Africa
Minamanwa,Austronesian,mmn,PH,L,Philippines,Asia
Minang,Australian,xrg,AU,X,Australia,Pacific
Minangkabau,Austronesian,min,ID,L,Indonesia,Asia
Minanibai,Trans-New Guinea,mcv,PG,L,Papua New Guinea,Pacific
Minaveha,Austronesian,mvn,PG,L,Papua New Guinea,Pacific
Mindat,Afro-Asiatic,mmf,NG,L,Nigeria,Africa
Minderico,Indo-European,drc,PT,L,Portugal,Europe
Mindiri,Austronesian,mpn,PG,L,Papua New Guinea,Pacific
Mingang Doso,Niger-Congo,mko,NG,L,Nigeria,Africa
Mingrelian,Kartvelian,xmf,GE,L,Georgia,Asia
Miniafia Oyan,Austronesian,aai,PG,L,Papua New Guinea,Pacific
Minidien,Torricelli,wii,PG,L,Papua New Guinea,Pacific
Minigir,Austronesian,bxf,PG,L,Papua New Guinea,Pacific
Minjungbal,Australian,xjb,AU,L,Australia,Pacific
Minkin,Australian,xxm,AU,X,Australia,Pacific
Minokok,Austronesian,mqq,MY,L,Malaysia,Asia
Minriq,Austro-Asiatic,mnq,MY,L,Malaysia,Asia
Mintil,Austro-Asiatic,mzt,MY,L,Malaysia,Asia
"Minyag, Eastern",Sino-Tibetan,emq,CN,L,China,Asia
"Minyag, Western",Sino-Tibetan,wmg,CN,L,China,Asia
Miqie,Sino-Tibetan,yiq,CN,L,China,Asia
Mirandese,Indo-European,mwl,PT,L,Portugal,Europe
Mirgan,Indo-European,zrg,IN,L,India,Asia
Miriti,Tucanoan,mmv,BR,L,Brazil,Americas
Miriwoong,Australian,mep,AU,L,Australia,Pacific
Mirning,Australian,gmr,AU,L,Australia,Pacific
Misak,Paezan,gum,CO,L,Colombia,Americas
Miship,Afro-Asiatic,mjs,NG,L,Nigeria,Africa
Misima-Panaeati,Austronesian,mpx,PG,L,Papua New Guinea,Pacific
Mising,Sino-Tibetan,mrg,IN,L,India,Asia
Mískito,Misumalpan,miq,NI,L,Nicaragua,Americas
Mittu,Nilo-Saharan,mwu,SS,X,South Sudan,Africa
Mituku,Niger-Congo,zmq,CD,L,Democratic Republic of the Congo,Africa
Miu,Austronesian,mpo,PG,L,Papua New Guinea,Pacific
Miwa,Australian,vmi,AU,X,Australia,Pacific
"Miwok, Central Sierra",Miwok-Costanoan,csm,US,L,United States,Americas
"Miwok, Coast",Miwok-Costanoan,csi,US,L,United States,Americas
"Miwok, Lake",Miwok-Costanoan,lmw,US,L,United States,Americas
"Miwok, Northern Sierra",Miwok-Costanoan,nsq,US,L,United States,Americas
"Miwok, Plains",Miwok-Costanoan,pmw,US,L,United States,Americas
"Miwok, Southern Sierra",Miwok-Costanoan,skd,US,L,United States,Americas
"Mixe, Coatlán",Mixe-Zoquean,mco,MX,L,Mexico,Americas
"Mixe, Isthmus",Mixe-Zoquean,mir,MX,L,Mexico,Americas
"Mixe, Juquila",Mixe-Zoquean,mxq,MX,L,Mexico,Americas
"Mixe, Mazatlán",Mixe-Zoquean,mzl,MX,L,Mexico,Americas
"Mixe, North Central",Mixe-Zoquean,neq,MX,L,Mexico,Americas
"Mixe, Quetzaltepec",Mixe-Zoquean,pxm,MX,L,Mexico,Americas
"Mixe, Tlahuitoltepec",Mixe-Zoquean,mxp,MX,L,Mexico,Americas
"Mixe, Totontepec",Mixe-Zoquean,mto,MX,L,Mexico,Americas
"Mixtec, Alacatlatzala",Otomanguean,mim,MX,L,Mexico,Americas
"Mixtec, Alcozauca",Otomanguean,xta,MX,L,Mexico,Americas
"Mixtec, Amoltepec",Otomanguean,mbz,MX,L,Mexico,Americas
"Mixtec, Apasco-Apoala",Otomanguean,mip,MX,L,Mexico,Americas
"Mixtec, Atatlahuca",Otomanguean,mib,MX,L,Mexico,Americas
"Mixtec, Ayutla",Otomanguean,miy,MX,L,Mexico,Americas
"Mixtec, Cacaloxtepec",Otomanguean,miu,MX,L,Mexico,Americas
"Mixtec, Chayuco",Otomanguean,mih,MX,L,Mexico,Americas
"Mixtec, Chazumba",Otomanguean,xtb,MX,L,Mexico,Americas
"Mixtec, Chigmecatitlán",Otomanguean,mii,MX,L,Mexico,Americas
"Mixtec, Coatzospan",Otomanguean,miz,MX,L,Mexico,Americas
"Mixtec, Cuyamecalco",Otomanguean,xtu,MX,L,Mexico,Americas
"Mixtec, Diuxi-Tilantongo",Otomanguean,xtd,MX,L,Mexico,Americas
"Mixtec, Huitepec",Otomanguean,mxs,MX,L,Mexico,Americas
"Mixtec, Itundujia",Otomanguean,mce,MX,L,Mexico,Americas
"Mixtec, Ixtayutla",Otomanguean,vmj,MX,L,Mexico,Americas
"Mixtec, Jamiltepec",Otomanguean,mxt,MX,L,Mexico,Americas
"Mixtec, Juxtlahuaca",Otomanguean,vmc,MX,L,Mexico,Americas
"Mixtec, Magdalena Peñasco",Otomanguean,xtm,MX,L,Mexico,Americas
"Mixtec, Metlatónoc",Otomanguean,mxv,MX,L,Mexico,Americas
"Mixtec, Mitlatongo",Otomanguean,vmm,MX,L,Mexico,Americas
"Mixtec, Mixtepec",Otomanguean,mix,MX,L,Mexico,Americas
"Mixtec, Northern Tlaxiaco",Otomanguean,xtn,MX,L,Mexico,Americas
"Mixtec, Northwest Oaxaca",Otomanguean,mxa,MX,L,Mexico,Americas
"Mixtec, Ocotepec",Otomanguean,mie,MX,L,Mexico,Americas
"Mixtec, Peñoles",Otomanguean,mil,MX,L,Mexico,Americas
"Mixtec, Pinotepa Nacional",Otomanguean,mio,MX,L,Mexico,Americas
"Mixtec, San Juan Colorado",Otomanguean,mjc,MX,L,Mexico,Americas
"Mixtec, San Juan Teita",Otomanguean,xtj,MX,L,Mexico,Americas
"Mixtec, San Miguel el Grande",Otomanguean,mig,MX,L,Mexico,Americas
"Mixtec, San Miguel Piedras",Otomanguean,xtp,MX,L,Mexico,Americas
"Mixtec, Santa Lucía Monteverde",Otomanguean,mdv,MX,L,Mexico,Americas
"Mixtec, Santa María Zacatepec",Otomanguean,mza,MX,L,Mexico,Americas
"Mixtec, Silacayoapan",Otomanguean,mks,MX,L,Mexico,Americas
"Mixtec, Sindihui",Otomanguean,xts,MX,L,Mexico,Americas
"Mixtec, Sinicahua",Otomanguean,xti,MX,L,Mexico,Americas
"Mixtec, Southeastern Nochixtlán",Otomanguean,mxy,MX,L,Mexico,Americas
"Mixtec, Southern Puebla",Otomanguean,mit,MX,L,Mexico,Americas
"Mixtec, Southwestern Tlaxiaco",Otomanguean,meh,MX,L,Mexico,Americas
"Mixtec, Soyaltepec",Otomanguean,vmq,MX,L,Mexico,Americas
"Mixtec, Tacahua",Otomanguean,xtt,MX,L,Mexico,Americas
"Mixtec, Tamazola",Otomanguean,vmx,MX,L,Mexico,Americas
"Mixtec, Tezoatlán",Otomanguean,mxb,MX,L,Mexico,Americas
"Mixtec, Tidaá",Otomanguean,mtx,MX,L,Mexico,Americas
"Mixtec, Tijaltepec",Otomanguean,xtl,MX,L,Mexico,Americas
"Mixtec, Tlazoyaltepec",Otomanguean,mqh,MX,L,Mexico,Americas
"Mixtec, Tututepec",Otomanguean,mtu,MX,L,Mexico,Americas
"Mixtec, Western Juxtlahuaca",Otomanguean,jmx,MX,L,Mexico,Americas
"Mixtec, Yoloxóchitl",Otomanguean,xty,MX,L,Mexico,Americas
"Mixtec, Yosondúa",Otomanguean,mpm,MX,L,Mexico,Americas
"Mixtec, Yucuañe",Otomanguean,mvg,MX,L,Mexico,Americas
"Mixtec, Yutanduchi",Otomanguean,mab,MX,L,Mexico,Americas
Miyako,Japonic,mvi,JP,L,Japan,Asia
Miyobe,Niger-Congo,soy,TG,L,Togo,Africa
Mizo,Sino-Tibetan,lus,IN,L,India,Asia
Mlabri,Austro-Asiatic,mra,TH,L,Thailand,Asia
Mlahsö,Afro-Asiatic,lhs,SY,X,Syria,Asia
Mlap,Nimboran,kja,ID,L,Indonesia,Asia
Mlomp,Niger-Congo,mlo,SN,L,Senegal,Africa
Mmen,Niger-Congo,bfm,CM,L,Cameroon,Africa
"Mnong, Central",Austro-Asiatic,cmo,VN,L,Vietnam,Asia
"Mnong, Eastern",Austro-Asiatic,mng,VN,L,Vietnam,Asia
"Mnong, Southern",Austro-Asiatic,mnn,VN,L,Vietnam,Asia
Mo,Austronesian,wkd,ID,L,Indonesia,Asia
Mo’da,Nilo-Saharan,gbn,SS,L,South Sudan,Africa
Moba,Niger-Congo,mfq,TG,L,Togo,Africa
Mobilian,Pidgin,mod,US,X,United States,Americas
Mòcheno,Indo-European,mhn,IT,L,Italy,Europe
Mochi,Niger-Congo,old,TZ,L,Tanzania,Africa
Mochica,Language isolate,omc,PE,X,Peru,Americas
Mocho,Mayan,mhc,MX,L,Mexico,Americas
Mocoví,Guaykuruan,moc,AR,L,Argentina,Americas
Modang,Austronesian,mxd,ID,L,Indonesia,Asia
Modole,West Papuan,mqo,ID,L,Indonesia,Asia
Moere,Trans-New Guinea,mvq,PG,L,Papua New Guinea,Pacific
Mofu-Gudur,Afro-Asiatic,mif,CM,L,Cameroon,Africa
"Mofu, North",Afro-Asiatic,mfk,CM,L,Cameroon,Africa
Moghamo,Niger-Congo,nbv,CM,L,Cameroon,Africa
Mogholi,Mongolic,mhj,AF,L,Afghanistan,Asia
Mogofin,Niger-Congo,mfg,GN,L,Guinea,Africa
Mogum,Afro-Asiatic,mou,TD,L,Chad,Africa
Mohave,Cochimí-Yuman,mov,US,L,United States,Americas
Mohawk,Iroquoian,moh,US,L,United States,Americas
Mohegan-Pequot,Algic,xpq,US,L,United States,Americas
Moi,Niger-Congo,mow,CG,L,Congo,Africa
Moi Kelim,West Papuan,mxn,ID,L,Indonesia,Asia
Moi Lemas,West Papuan,sbg,ID,L,Indonesia,Asia
Moi-Wadea,Trans-New Guinea,daz,ID,L,Indonesia,Asia
Moikodi,Trans-New Guinea,mkp,PG,L,Papua New Guinea,Pacific
Moingi,Niger-Congo,mwz,CD,L,Democratic Republic of the Congo,Africa
Moiso,Austronesian,wlr,VU,L,Vanuatu,Pacific
Moji,Sino-Tibetan,ymi,CN,L,China,Asia
Mok,Austro-Asiatic,mqt,MM,L,Myanmar,Asia
Mokati,Trans-New Guinea,wnb,PG,L,Papua New Guinea,Pacific
Moken,Austronesian,mwt,MM,L,Myanmar,Asia
Mokilese,Austronesian,mkj,FM,L,Micronesia,Pacific
Moklen,Austronesian,mkm,TH,L,Thailand,Asia
Mokole,Niger-Congo,mkl,BJ,L,Benin,Africa
Mokpwe,Niger-Congo,bri,CM,L,Cameroon,Africa
Moksela,Austronesian,vms,ID,X,Indonesia,Asia
Moksha,Uralic,mdf,RU,L,Russian Federation,Europe
Mol,Torricelli,alx,PG,L,Papua New Guinea,Pacific
Molale,Language isolate,mbe,US,X,United States,Americas
Molbog,Austronesian,pwm,PH,L,Philippines,Asia
Molengue,Niger-Congo,bxc,GQ,L,Equatorial Guinea,Africa
Molima,Austronesian,mox,PG,L,Papua New Guinea,Pacific
Molo,Nilo-Saharan,zmo,SD,L,Sudan,Africa
Molof,Unclassified,msl,ID,L,Indonesia,Asia
Moloko,Afro-Asiatic,mlw,CM,L,Cameroon,Africa
Moma,Austronesian,myl,ID,L,Indonesia,Asia
Momare,Trans-New Guinea,msz,PG,L,Papua New Guinea,Pacific
Mombum,Trans-New Guinea,mso,ID,L,Indonesia,Asia
Momina,Somahai,mmb,ID,L,Indonesia,Asia
Momu,Fas,fqs,PG,L,Papua New Guinea,Pacific
Momuna,Somahai,mqf,ID,L,Indonesia,Asia
Mon,Austro-Asiatic,mnw,MM,L,Myanmar,Asia
Mondé,Tupian,mnd,BR,L,Brazil,Americas
Mondropolon,Austronesian,npn,PG,L,Papua New Guinea,Pacific
Mongo-Nkundu,Niger-Congo,lol,CD,L,Democratic Republic of the Congo,Africa
"Mongolian, Halh",Mongolic,khk,MN,L,Mongolia,Asia
"Mongolian, Peripheral",Mongolic,mvf,CN,L,China,Asia
Mongondow,Austronesian,mog,ID,L,Indonesia,Asia
Moni,Trans-New Guinea,mnz,ID,L,Indonesia,Asia
Mono,Austronesian,,,,Namibia,Africa
Mono,Niger-Congo,,,,Namibia,Africa
Mono,Niger-Congo,,,,Namibia,Africa
Mono,Uto-Aztecan,,,,Namibia,Africa
Monom,Austro-Asiatic,moo,VN,L,Vietnam,Asia
"Monpa, Kalaktang",Sino-Tibetan,kkf,IN,L,India,Asia
"Monpa, Tawang",Sino-Tibetan,twm,IN,L,India,Asia
Montenegrin,Indo-European,cnr,ME,L,Montenegro,Europe
Monumbo,Torricelli,mxk,PG,L,Papua New Guinea,Pacific
Monzombo,Niger-Congo,moj,CG,L,Congo,Africa
Moo,Niger-Congo,gwg,NG,L,Nigeria,Africa
Moore,Niger-Congo,mos,BF,L,Burkina Faso,Africa
Mor,Austronesian,,,,Namibia,Africa
Mor,Trans-New Guinea,,,,Namibia,Africa
Moraid,West Papuan,msg,ID,L,Indonesia,Asia
Morawa,Trans-New Guinea,mze,PG,L,Papua New Guinea,Pacific
Morerebi,Tupian,xmo,BR,L,Brazil,Americas
Mores,Austronesian,rga,VU,L,Vanuatu,Pacific
Moresada,Trans-New Guinea,msx,PG,L,Papua New Guinea,Pacific
Mori Atas,Austronesian,mzq,ID,L,Indonesia,Asia
Mori Bawah,Austronesian,xmz,ID,L,Indonesia,Asia
Morigi,Trans-New Guinea,mdb,PG,L,Papua New Guinea,Pacific
Moriori,Austronesian,rrm,NZ,X,New Zealand,Pacific
Morisyen,Creole,mfe,MU,L,Mauritius,Africa
Moro,Niger-Congo,mor,SD,L,Sudan,Africa
Morokodo,Nilo-Saharan,mgc,SS,L,South Sudan,Africa
Morom,Nilo-Saharan,bdo,TD,L,Chad,Africa
Moronene,Austronesian,mqn,ID,L,Indonesia,Asia
Morop,Trans-New Guinea,iwo,ID,L,Indonesia,Asia
Morori,Trans-New Guinea,mok,ID,L,Indonesia,Asia
Morrobalama,Australian,umg,AU,X,Australia,Pacific
Mortlockese,Austronesian,mrl,FM,L,Micronesia,Pacific
Moru,Nilo-Saharan,mgd,SS,L,South Sudan,Africa
Mosimo,Trans-New Guinea,mqv,PG,L,Papua New Guinea,Pacific
Mositacha,Afro-Asiatic,dox,ET,L,Ethiopia,Africa
Moskona,East Bird’s Head-Sentani,mtj,ID,L,Indonesia,Asia
Mota,Austronesian,mtt,VU,L,Vanuatu,Pacific
Motu,Austronesian,meu,PG,L,Papua New Guinea,Pacific
"Motu, Hiri",Pidgin,hmo,PG,L,Papua New Guinea,Pacific
Motuna,South Bougainville,siw,PG,L,Papua New Guinea,Pacific
Mouk-Aria,Austronesian,mwh,PG,L,Papua New Guinea,Pacific
Mouwase,Trans-New Guinea,jmw,PG,L,Papua New Guinea,Pacific
Movima,Language isolate,mzp,BO,L,Bolivia,Americas
Mpade,Afro-Asiatic,mpi,CM,L,Cameroon,Africa
Mpalitjanh,Australian,xpj,AU,X,Australia,Pacific
Mpi,Sino-Tibetan,mpz,TH,L,Thailand,Asia
Mpiemo,Niger-Congo,mcx,CF,L,Central African Republic,Africa
Mpinda,Niger-Congo,pnd,AO,L,Angola,Africa
Mpoto,Niger-Congo,mpa,TZ,L,Tanzania,Africa
Mpotovoro,Austronesian,mvt,VU,L,Vanuatu,Pacific
Mpumpong,Niger-Congo,mgg,CM,L,Cameroon,Africa
Mpur,Language isolate,akc,ID,L,Indonesia,Asia
Mro-Khimi,Sino-Tibetan,cmr,MM,L,Myanmar,Asia
Mru,Sino-Tibetan,mro,BD,L,Bangladesh,Asia
Mser,Afro-Asiatic,kqx,CM,L,Cameroon,Africa
Muak Sa-aak,Austro-Asiatic,ukk,MM,L,Myanmar,Asia
Mualang,Austronesian,mtd,ID,L,Indonesia,Asia
Mubako,Niger-Congo,muo,CM,L,Cameroon,Africa
Mubami,Trans-New Guinea,tsx,PG,L,Papua New Guinea,Pacific
Mubi,Afro-Asiatic,mub,TD,L,Chad,Africa
Muda,Sino-Tibetan,ymd,CN,L,China,Asia
Mudburra,Australian,dmw,AU,L,Australia,Pacific
Muduga,Dravidian,udg,IN,L,India,Asia
Mufian,Torricelli,aoj,PG,L,Papua New Guinea,Pacific
Mugali,Sino-Tibetan,lmh,NP,L,Nepal,Asia
Mugom-Karmarong,Sino-Tibetan,muk,NP,L,Nepal,Asia
Muinane,Witotoan,bmr,CO,L,Colombia,Americas
"Muji, Northern",Sino-Tibetan,ymx,CN,L,China,Asia
"Muji, Qila",Sino-Tibetan,ymq,CN,L,China,Asia
"Muji, Southern",Sino-Tibetan,ymc,CN,L,China,Asia
Mukha-Dora,Dravidian,mmk,IN,L,India,Asia
Mukulu,Afro-Asiatic,moz,TD,L,Chad,Africa
Mulaha,Trans-New Guinea,mfw,PG,X,Papua New Guinea,Pacific
Mulam,Kra-Dai,mlm,CN,L,China,Asia
Mulao,Kra-Dai,giu,CN,X,China,Asia
Mulgi,Afro-Asiatic,mvh,TD,L,Chad,Africa
Mulimba,Niger-Congo,mzd,CM,L,Cameroon,Africa
Muluridyi,Australian,vmu,AU,X,Australia,Pacific
Mum,Trans-New Guinea,kqa,PG,L,Papua New Guinea,Pacific
Mumuye,Niger-Congo,mzm,NG,L,Nigeria,Africa
Muna,Austronesian,mnb,ID,L,Indonesia,Asia
Munda,Austro-Asiatic,unx,IN,L,India,Asia
Mundabli,Niger-Congo,boe,CM,L,Cameroon,Africa
Mundang,Niger-Congo,mua,TD,L,Chad,Africa
Mundani,Niger-Congo,mnf,CM,L,Cameroon,Africa
Mundari,Austro-Asiatic,unr,IN,L,India,Asia
Mündü,Niger-Congo,muh,SS,L,South Sudan,Africa
Mundurukú,Tupian,myu,BR,L,Brazil,Americas
Mungaka,Niger-Congo,mhk,CM,L,Cameroon,Africa
Mungbam,Niger-Congo,mij,CM,L,Cameroon,Africa
Munggui,Austronesian,mth,ID,L,Indonesia,Asia
Mungkip,Trans-New Guinea,mpv,PG,L,Papua New Guinea,Pacific
Muniche,Language isolate,myr,PE,L,Peru,Americas
Munit,Trans-New Guinea,mtc,PG,L,Papua New Guinea,Pacific
Munji,Indo-European,mnj,AF,L,Afghanistan,Asia
Muno,Kwomtari,grx,PG,L,Papua New Guinea,Pacific
Munsee,Algic,umu,CA,L,Canada,Americas
Muong,Austro-Asiatic,mtq,VN,L,Vietnam,Asia
Mur Pano,Austronesian,tkv,PG,L,Papua New Guinea,Pacific
Muratayak,Trans-New Guinea,asx,PG,L,Papua New Guinea,Pacific
"Muria, Eastern",Dravidian,emu,IN,L,India,Asia
"Muria, Far Western",Dravidian,fmu,IN,L,India,Asia
"Muria, Western",Dravidian,mut,IN,L,India,Asia
Murik,Austronesian,,,,Namibia,Africa
Murik,Ramu-Lower Sepik,,,,Namibia,Africa
Murkim,Unclassified,rmh,ID,L,Indonesia,Asia
Murle,Nilo-Saharan,mur,SS,L,South Sudan,Africa
Murrinh-Patha,Australian,mwf,AU,L,Australia,Pacific
Mursi,Nilo-Saharan,muz,ET,L,Ethiopia,Africa
Murupi,Trans-New Guinea,mqw,PG,L,Papua New Guinea,Pacific
"Murut, Bookan",Austronesian,bnb,MY,L,Malaysia,Asia
"Murut, Kalabakan",Austronesian,kve,MY,L,Malaysia,Asia
"Murut, Keningau",Austronesian,kxi,MY,L,Malaysia,Asia
"Murut, Paluan",Austronesian,plz,MY,L,Malaysia,Asia
"Murut, Selungai",Austronesian,slg,ID,L,Indonesia,Asia
"Murut, Sembakung",Austronesian,sbr,ID,L,Indonesia,Asia
"Murut, Serudung",Austronesian,srk,MY,L,Malaysia,Asia
"Murut, Tahol",Austronesian,mvv,MY,L,Malaysia,Asia
"Murut, Timugon",Austronesian,tih,MY,L,Malaysia,Asia
Muruwari,Australian,zmu,AU,L,Australia,Pacific
Musasa,Indo-European,smm,NP,L,Nepal,Asia
Musey,Afro-Asiatic,mse,TD,L,Chad,Africa
Musgu,Afro-Asiatic,mug,CM,L,Cameroon,Africa
Mushungulu,Niger-Congo,xma,SO,L,Somalia,Africa
Musi,Austronesian,mui,ID,L,Indonesia,Asia
Muskogee,Muskogean,mus,US,L,United States,Americas
Muskum,Afro-Asiatic,mje,TD,X,Chad,Africa
Musom,Austronesian,msu,PG,L,Papua New Guinea,Pacific
Mussau-Emira,Austronesian,emi,PG,L,Papua New Guinea,Pacific
Muthuvan,Dravidian,muv,IN,L,India,Asia
Mutu,Austronesian,tuc,PG,L,Papua New Guinea,Pacific
Muyang,Afro-Asiatic,muy,CM,L,Cameroon,Africa
"Muyu, North",Trans-New Guinea,kti,ID,L,Indonesia,Asia
"Muyu, South",Trans-New Guinea,kts,ID,L,Indonesia,Asia
Muyuw,Austronesian,myw,PG,L,Papua New Guinea,Pacific
Muzi,Sino-Tibetan,ymz,CN,L,China,Asia
Mvanip,Niger-Congo,mcj,NG,L,Nigeria,Africa
Mvuba,Nilo-Saharan,mxh,CD,L,Democratic Republic of the Congo,Africa
Mwaghavul,Afro-Asiatic,sur,NG,L,Nigeria,Africa
Mwakai,Mongol-Langam,mgt,PG,L,Papua New Guinea,Pacific
Mwan,Niger-Congo,moa,CI,L,Côte d’Ivoire,Africa
Mwani,Niger-Congo,wmw,MZ,L,Mozambique,Africa
Mwatebu,Austronesian,mwa,PG,L,Papua New Guinea,Pacific
Mwera,Niger-Congo,,,,Namibia,Africa
Mwera,Niger-Congo,,,,Namibia,Africa
Mwerlap,Austronesian,mrm,VU,L,Vanuatu,Pacific
Mwimbi-Muthambi,Niger-Congo,mws,KE,L,Kenya,Africa
Mwotlap,Austronesian,mlv,VU,L,Vanuatu,Pacific
Myene,Niger-Congo,mye,GA,L,Gabon,Africa
N’kep,Austronesian,sku,VU,L,Vanuatu,Pacific
N’Ko,Mixed language,nqo,GN,L,Guinea,Africa
Na,Sino-Tibetan,nbt,IN,L,India,Asia
Na-kara,Australian,nck,AU,L,Australia,Pacific
Ná-Meo,Hmong-Mien,neo,VN,L,Vietnam,Asia
Na’ahai,Austronesian,mlx,VU,L,Vanuatu,Pacific
Naaba,Sino-Tibetan,nao,NP,L,Nepal,Asia
Naami,Niger-Congo,bzv,CM,L,Cameroon,Africa
Naasioi,South Bougainville,nas,PG,L,Papua New Guinea,Pacific
Naba,Nilo-Saharan,mne,TD,L,Chad,Africa
Nabak,Trans-New Guinea,naf,PG,L,Papua New Guinea,Pacific
Nabi,Torricelli,mty,PG,L,Papua New Guinea,Pacific
Nachiring,Sino-Tibetan,ncd,NP,L,Nepal,Asia
Nadëb,Puinavean,mbj,BR,L,Brazil,Americas
Nafaanra,Niger-Congo,nfr,GH,L,Ghana,Africa
Nafi,Austronesian,srf,PG,L,Papua New Guinea,Pacific
Nafri,East Bird’s Head-Sentani,nxx,ID,L,Indonesia,Asia
Nafusi,Afro-Asiatic,jbn,LY,L,Libya,Africa
"Naga, Akyaung Ari",Sino-Tibetan,nqy,MM,L,Myanmar,Asia
"Naga, Angami",Sino-Tibetan,njm,IN,L,India,Asia
"Naga, Ao",Sino-Tibetan,njo,IN,L,India,Asia
"Naga, Chang",Sino-Tibetan,nbc,IN,L,India,Asia
"Naga, Chen-Kayu",Sino-Tibetan,nqq,MM,L,Myanmar,Asia
"Naga, Chokri",Sino-Tibetan,nri,IN,L,India,Asia
"Naga, Chothe",Sino-Tibetan,nct,IN,L,India,Asia
"Naga, Inpui",Sino-Tibetan,nkf,IN,L,India,Asia
"Naga, Jejara",Sino-Tibetan,pzn,MM,L,Myanmar,Asia
"Naga, Kharam",Sino-Tibetan,kfw,IN,L,India,Asia
"Naga, Khezha",Sino-Tibetan,nkh,IN,L,India,Asia
"Naga, Khiamniungan",Sino-Tibetan,kix,IN,L,India,Asia
"Naga, Khoibu",Sino-Tibetan,nkb,IN,L,India,Asia
"Naga, Kokak",Sino-Tibetan,nxk,MM,L,Myanmar,Asia
"Naga, Konyak",Sino-Tibetan,nbe,IN,L,India,Asia
"Naga, Lainong",Sino-Tibetan,lzn,MM,L,Myanmar,Asia
"Naga, Lao",Sino-Tibetan,nlq,MM,L,Myanmar,Asia
"Naga, Liangmai",Sino-Tibetan,njn,IN,L,India,Asia
"Naga, Long Phuri",Sino-Tibetan,lpn,MM,L,Myanmar,Asia
"Naga, Lotha",Sino-Tibetan,njh,IN,L,India,Asia
"Naga, Makuri",Sino-Tibetan,jmn,MM,L,Myanmar,Asia
"Naga, Mao",Sino-Tibetan,nbi,IN,L,India,Asia
"Naga, Maram",Sino-Tibetan,nma,IN,L,India,Asia
"Naga, Maring",Sino-Tibetan,nng,IN,L,India,Asia
"Naga, Monsang",Sino-Tibetan,nmh,IN,L,India,Asia
"Naga, Moyon",Sino-Tibetan,nmo,IN,L,India,Asia
"Naga, Mzieme",Sino-Tibetan,nme,IN,L,India,Asia
"Naga, Nocte",Sino-Tibetan,njb,IN,L,India,Asia
"Naga, Northern Rengma",Sino-Tibetan,nnl,IN,L,India,Asia
"Naga, Paungnyuan",Sino-Tibetan,umn,MM,L,Myanmar,Asia
"Naga, Phom",Sino-Tibetan,nph,IN,L,India,Asia
"Naga, Pochuri",Sino-Tibetan,npo,IN,L,India,Asia
"Naga, Ponyo-Gongwang",Sino-Tibetan,npg,MM,L,Myanmar,Asia
"Naga, Poumai",Sino-Tibetan,pmx,IN,L,India,Asia
"Naga, Puimei",Sino-Tibetan,npu,IN,L,India,Asia
"Naga, Rongmei",Sino-Tibetan,nbu,IN,L,India,Asia
"Naga, Sangtam",Sino-Tibetan,nsa,IN,L,India,Asia
"Naga, Southern Rengma",Sino-Tibetan,nre,IN,L,India,Asia
"Naga, Sumi",Sino-Tibetan,nsm,IN,L,India,Asia
"Naga, Tangkhul",Sino-Tibetan,,,,Namibia,Africa
"Naga, Tangkhul",Sino-Tibetan,,,,Namibia,Africa
"Naga, Tangshang",Sino-Tibetan,nst,MM,L,Myanmar,Asia
"Naga, Tarao",Sino-Tibetan,tro,IN,L,India,Asia
"Naga, Thangal",Sino-Tibetan,nki,IN,L,India,Asia
"Naga, Tutsa",Sino-Tibetan,tvt,IN,L,India,Asia
"Naga, Wancho",Sino-Tibetan,nnp,IN,L,India,Asia
"Naga, Yimchungru",Sino-Tibetan,yim,IN,L,India,Asia
"Naga, Zeme",Sino-Tibetan,nzm,IN,L,India,Asia
Nagamese,Creole,nag,IN,L,India,Asia
Nagarchal,Dravidian,nbg,IN,X,India,Asia
Nage,Austronesian,nxe,ID,L,Indonesia,Asia
"Nago, Northern",Niger-Congo,xkb,BJ,L,Benin,Africa
"Nago, Southern",Niger-Congo,nqg,BJ,L,Benin,Africa
Nagumi,Niger-Congo,ngv,CM,X,Cameroon,Africa
Nahali,Indo-European,nlx,IN,L,India,Asia
Nahari,Indo-European,nhh,IN,L,India,Asia
Nahavaq,Austronesian,sns,VU,L,Vanuatu,Pacific
Nahuat,Uto-Aztecan,ppl,SV,L,El Salvador,Americas
"Nahuatl, Central",Uto-Aztecan,nhn,MX,L,Mexico,Americas
"Nahuatl, Central Huasteca",Uto-Aztecan,nch,MX,L,Mexico,Americas
"Nahuatl, Central Puebla",Uto-Aztecan,ncx,MX,L,Mexico,Americas
"Nahuatl, Coatepec",Uto-Aztecan,naz,MX,L,Mexico,Americas
"Nahuatl, Eastern Durango",Uto-Aztecan,azd,MX,L,Mexico,Americas
"Nahuatl, Eastern Huasteca",Uto-Aztecan,nhe,MX,L,Mexico,Americas
"Nahuatl, Guerrero",Uto-Aztecan,ngu,MX,L,Mexico,Americas
"Nahuatl, Highland Puebla",Uto-Aztecan,azz,MX,L,Mexico,Americas
"Nahuatl, Huaxcaleca",Uto-Aztecan,nhq,MX,L,Mexico,Americas
"Nahuatl, Isthmus-Cosoleacaque",Uto-Aztecan,nhk,MX,L,Mexico,Americas
"Nahuatl, Isthmus-Mecayapan",Uto-Aztecan,nhx,MX,L,Mexico,Americas
"Nahuatl, Isthmus-Pajapan",Uto-Aztecan,nhp,MX,L,Mexico,Americas
"Nahuatl, Michoacán",Uto-Aztecan,ncl,MX,L,Mexico,Americas
"Nahuatl, Morelos",Uto-Aztecan,nhm,MX,L,Mexico,Americas
"Nahuatl, Northern Oaxaca",Uto-Aztecan,nhy,MX,L,Mexico,Americas
"Nahuatl, Northern Puebla",Uto-Aztecan,ncj,MX,L,Mexico,Americas
"Nahuatl, Ometepec",Uto-Aztecan,nht,MX,L,Mexico,Americas
"Nahuatl, Orizaba",Uto-Aztecan,nlv,MX,L,Mexico,Americas
"Nahuatl, Santa María la Alta",Uto-Aztecan,nhz,MX,L,Mexico,Americas
"Nahuatl, Sierra Negra",Uto-Aztecan,nsu,MX,L,Mexico,Americas
"Nahuatl, Southeastern Puebla",Uto-Aztecan,npl,MX,L,Mexico,Americas
"Nahuatl, Tabasco",Uto-Aztecan,nhc,MX,L,Mexico,Americas
"Nahuatl, Temascaltepec",Uto-Aztecan,nhv,MX,L,Mexico,Americas
"Nahuatl, Tetelcingo",Uto-Aztecan,nhg,MX,L,Mexico,Americas
"Nahuatl, Tlamacazapa",Uto-Aztecan,nuz,MX,L,Mexico,Americas
"Nahuatl, Western Durango",Uto-Aztecan,azn,MX,L,Mexico,Americas
"Nahuatl, Western Huasteca",Uto-Aztecan,nhw,MX,L,Mexico,Americas
"Nahuatl, Zacatlán-Ahuacatlán-Tepetzintla",Uto-Aztecan,nhi,MX,L,Mexico,Americas
Nai,Kwomtari,bio,PG,L,Papua New Guinea,Pacific
Naka’ela,Austronesian,nae,ID,X,Indonesia,Asia
Nakai,Trans-New Guinea,nkj,ID,L,Indonesia,Asia
Nakame,Trans-New Guinea,nib,PG,L,Papua New Guinea,Pacific
Nakanai,Austronesian,nak,PG,L,Papua New Guinea,Pacific
Nake,Trans-New Guinea,nbk,PG,L,Papua New Guinea,Pacific
Naki,Niger-Congo,mff,CM,L,Cameroon,Africa
Nakwi,Arai (Left May),nax,PG,L,Papua New Guinea,Pacific
Nalca,Trans-New Guinea,nlc,ID,L,Indonesia,Asia
Nali,Austronesian,nss,PG,L,Papua New Guinea,Pacific
Nalik,Austronesian,nal,PG,L,Papua New Guinea,Pacific
Nalögo,Austronesian,nlz,SB,L,Solomon Islands,Pacific
Nalu,Niger-Congo,naj,GN,L,Guinea,Africa
Naluo,Sino-Tibetan,ylo,CN,L,China,Asia
Nama,South-Central Papuan,nmx,PG,L,Papua New Guinea,Pacific
Namakura,Austronesian,nmk,VU,L,Vanuatu,Pacific
Namat,South-Central Papuan,nkm,PG,L,Papua New Guinea,Pacific
"Nambikuára, Southern",Nambikwara,nab,BR,L,Brazil,Americas
Nambo,South-Central Papuan,ncm,PG,L,Papua New Guinea,Pacific
Nambya,Niger-Congo,nmq,ZW,L,Zimbabwe,Africa
Namia,Sepik,nnm,PG,L,Papua New Guinea,Pacific
Namiae,Trans-New Guinea,nvm,PG,L,Papua New Guinea,Pacific
Namla,Unclassified,naa,ID,L,Indonesia,Asia
Namo,South-Central Papuan,mxw,PG,L,Papua New Guinea,Pacific
Namonuito,Austronesian,nmt,FM,L,Micronesia,Pacific
Namosi-Naitasiri-Serua,Austronesian,bwb,FJ,L,Fiji,Pacific
Namuyi,Sino-Tibetan,nmy,CN,L,China,Asia
Nanai,Tungusic,gld,RU,L,Russian Federation,Europe
Nancere,Afro-Asiatic,nnc,TD,L,Chad,Africa
Nande,Niger-Congo,nnb,CD,L,Democratic Republic of the Congo,Africa
Ñandeva,Tupian,tpj,PY,L,Paraguay,Americas
Nandi,Nilo-Saharan,niq,KE,L,Kenya,Africa
Nankina,Trans-New Guinea,nnk,PG,L,Papua New Guinea,Pacific
Nanti,Maipurean,cox,PE,L,Peru,Americas
Nanticoke,Algic,nnt,US,L,United States,Americas
Nanubae,Arafundi,afk,PG,L,Papua New Guinea,Pacific
Napoletano,Indo-European,nap,IT,L,Italy,Europe
Napu,Austronesian,npy,ID,L,Indonesia,Asia
Nar Phu,Sino-Tibetan,npa,NP,L,Nepal,Asia
Nara,Nilo-Saharan,nrb,ER,L,Eritrea,Africa
Narak,Trans-New Guinea,nac,PG,L,Papua New Guinea,Pacific
Nari Nari,Australian,rnr,AU,X,Australia,Pacific
Naro,Khoe-Kwadi,nhr,BW,L,Botswana,Africa
Narom,Austronesian,nrm,MY,L,Malaysia,Asia
Narragansett,Algic,xnt,US,L,United States,Americas
Narua,Sino-Tibetan,nru,CN,L,China,Asia
Narungga,Australian,nnr,AU,L,Australia,Pacific
Nasa,Paezan,pbb,CO,L,Colombia,Americas
Nasal,Austronesian,nsy,ID,L,Indonesia,Asia
Nasarian,Austronesian,nvh,VU,L,Vanuatu,Pacific
Naskapi,Algic,nsk,CA,L,Canada,Americas
"Nasu, Wumeng",Sino-Tibetan,ywu,CN,L,China,Asia
"Nasu, Wusa",Sino-Tibetan,yig,CN,L,China,Asia
Natanzi,Indo-European,ntz,IR,L,Iran,Asia
Natchez,Language isolate,ncz,US,L,United States,Americas
Nateni,Niger-Congo,ntm,BJ,L,Benin,Africa
Nathembo,Niger-Congo,,,,Namibia,Africa
Natioro,Niger-Congo,nti,BF,L,Burkina Faso,Africa
Natügu,Austronesian,ntu,SB,L,Solomon Islands,Pacific
Nauete,Austronesian,nxa,TL,L,East Timor,Asia
Nauo,Australian,nwo,AU,X,Australia,Pacific
Nauruan,Austronesian,nau,NR,L,Nauru,Pacific
Navajo,Eyak-Athabaskan,nav,US,L,United States,Americas
Nawaru,Trans-New Guinea,nwr,PG,L,Papua New Guinea,Pacific
Nawathinehena,Algic,nwa,US,X,United States,Americas
Nawdm,Niger-Congo,nmz,TG,L,Togo,Africa
Nawuri,Niger-Congo,naw,GH,L,Ghana,Africa
Naxi,Sino-Tibetan,nxq,CN,L,China,Asia
Nayi,Afro-Asiatic,noz,ET,L,Ethiopia,Africa
Nayini,Indo-European,nyq,IR,L,Iran,Asia
Nchane,Niger-Congo,ncr,CM,L,Cameroon,Africa
Nchumbulu,Niger-Congo,nlu,GH,L,Ghana,Africa
Nda’nda’,Niger-Congo,nnz,CM,L,Cameroon,Africa
Ndai,Niger-Congo,gke,CM,L,Cameroon,Africa
Ndaka,Niger-Congo,ndk,CD,L,Democratic Republic of the Congo,Africa
Ndali,Niger-Congo,ndh,TZ,L,Tanzania,Africa
Ndam,Afro-Asiatic,ndm,TD,L,Chad,Africa
Ndamba,Niger-Congo,ndj,TZ,L,Tanzania,Africa
Ndambomo,Niger-Congo,nxo,GA,L,Gabon,Africa
Ndasa,Niger-Congo,nda,CG,L,Congo,Africa
Ndau,Niger-Congo,ndc,MZ,L,Mozambique,Africa
Nde-Gbite,Niger-Congo,ned,NG,L,Nigeria,Africa
Nde-Nsele-Nta,Niger-Congo,ndd,NG,L,Nigeria,Africa
Ndebele,Niger-Congo,,,,Namibia,Africa
Ndebele,Niger-Congo,,,,Namibia,Africa
Ndemli,Niger-Congo,nml,CM,L,Cameroon,Africa
Ndendeule,Niger-Congo,dne,TZ,L,Tanzania,Africa
Ndengereko,Niger-Congo,ndg,TZ,L,Tanzania,Africa
Nding,Niger-Congo,eli,SD,L,Sudan,Africa
Ndobo,Niger-Congo,ndw,CD,L,Democratic Republic of the Congo,Africa
Ndoe,Niger-Congo,nbb,NG,L,Nigeria,Africa
Ndogo,Niger-Congo,ndz,SS,L,South Sudan,Africa
Ndolo,Niger-Congo,ndl,CD,L,Democratic Republic of the Congo,Africa
Ndom,Trans-New Guinea,nqm,ID,L,Indonesia,Asia
Ndombe,Niger-Congo,ndq,AO,L,Angola,Africa
Ndonde Hamba,Niger-Congo,njd,TZ,L,Tanzania,Africa
Ndonga,Niger-Congo,ndo,,L,Namibia,Africa
Ndoola,Niger-Congo,ndr,NG,L,Nigeria,Africa
Ndra’ngith,Australian,dgt,AU,X,Australia,Pacific
Ndrulo,Nilo-Saharan,dno,CD,L,Democratic Republic of the Congo,Africa
Nduga,Trans-New Guinea,ndx,ID,L,Indonesia,Asia
Ndumu,Niger-Congo,nmd,GA,L,Gabon,Africa
Ndunda,Niger-Congo,nuh,NG,L,Nigeria,Africa
Ndunga,Niger-Congo,ndt,CD,L,Democratic Republic of the Congo,Africa
Ndut,Niger-Congo,ndv,SN,L,Senegal,Africa
Ndwewe,Niger-Congo,nww,TZ,L,Tanzania,Africa
Ndyuka-Trio Pidgin,Pidgin,njt,SR,L,Suriname,Americas
Nedebang,Trans-New Guinea,nec,ID,L,Indonesia,Asia
Nefamese,Pidgin,nef,IN,L,India,Asia
Negerhollands,Creole,dcr,VI,X,U.S. Virgin Islands,Americas
Negeri Sembilan Malay,Austronesian,zmi,MY,L,Malaysia,Asia
Negidal,Tungusic,neg,RU,L,Russian Federation,Europe
Nehan,Austronesian,nsn,PG,L,Papua New Guinea,Pacific
Neherneh,Austronesian,ncn,PG,L,Papua New Guinea,Pacific
Nek,Trans-New Guinea,nif,PG,L,Papua New Guinea,Pacific
Nekgini,Trans-New Guinea,nkg,PG,L,Papua New Guinea,Pacific
Neko,Trans-New Guinea,nej,PG,L,Papua New Guinea,Pacific
Neku,Austronesian,nek,NC,L,New Caledonia,Pacific
Nêlêmwa-Nixumwak,Austronesian,nee,NC,L,New Caledonia,Pacific
Nema,Trans-New Guinea,gsn,PG,L,Papua New Guinea,Pacific
Neme,South-Central Papuan,nex,PG,L,Papua New Guinea,Pacific
Nemi,Austronesian,nem,NC,L,New Caledonia,Pacific
Nen,South-Central Papuan,nqn,PG,L,Papua New Guinea,Pacific
Nend,Trans-New Guinea,anh,PG,L,Papua New Guinea,Pacific
Nenets,Uralic,yrk,RU,L,Russian Federation,Europe
Nengone,Austronesian,nen,NC,L,New Caledonia,Pacific
Neo-Mandaic,Afro-Asiatic,mid,IR,L,Iran,Asia
Nepali,Indo-European,npi,NP,L,Nepal,Asia
Nepali,Indo-European,npi,NP,L,Nepal,Asia
Nete,Trans-New Guinea,net,PG,L,Papua New Guinea,Pacific
Netvaar,Austronesian,tnl,VU,L,Vanuatu,Pacific
Neve’ei,Austronesian,vnm,VU,L,Vanuatu,Pacific
Neverver,Austronesian,lgk,VU,L,Vanuatu,Pacific
Newar,Sino-Tibetan,new,NP,L,Nepal,Asia
Neyo,Niger-Congo,ney,CI,L,Côte d’Ivoire,Africa
Nez Perce,Sahaptian,nez,US,L,United States,Americas
Ng’akarimojong,Nilo-Saharan,kdj,UG,L,Uganda,Africa
Ngaanyatjarra,Australian,ntj,AU,L,Australia,Pacific
Ngäbere,Chibchan,gym,PA,L,Panama,Americas
Ngad’a,Austronesian,nxg,ID,L,Indonesia,Asia
"Ngad’a, Eastern",Austronesian,nea,ID,L,Indonesia,Asia
Ngadjunmaya,Australian,nju,AU,L,Australia,Pacific
Ngadjuri,Australian,jui,AU,X,Australia,Pacific
Ngaing,Trans-New Guinea,nnf,PG,L,Papua New Guinea,Pacific
Ngaju,Austronesian,nij,ID,L,Indonesia,Asia
Ngalakgan,Australian,nig,AU,X,Australia,Pacific
Ngalum,Trans-New Guinea,szb,ID,L,Indonesia,Asia
Ngam,Nilo-Saharan,nmc,TD,L,Chad,Africa
Ngambay,Nilo-Saharan,sba,TD,L,Chad,Africa
Ngamini,Australian,nmv,AU,X,Australia,Pacific
Ngamo,Afro-Asiatic,nbh,NG,L,Nigeria,Africa
Ngan’gityemerri,Australian,nam,AU,L,Australia,Pacific
Nganakarti,Australian,xnk,AU,X,Australia,Pacific
Nganasan,Uralic,nio,RU,L,Russian Federation,Europe
Ngandi,Australian,nid,AU,L,Australia,Pacific
Ngandjera,Niger-Congo,nne,,L,Namibia,Africa
Ngando,Niger-Congo,,,,Namibia,Africa
Ngando,Niger-Congo,,,,Namibia,Africa
Ngangam,Niger-Congo,gng,TG,L,Togo,Africa
Ngantangarra,Australian,ntg,AU,X,Australia,Pacific
Nganyaywana,Australian,nyx,AU,X,Australia,Pacific
Ngardi,Australian,rxd,AU,X,Australia,Pacific
Ngarigu,Australian,xni,AU,X,Australia,Pacific
Ngarinyin,Australian,ung,AU,L,Australia,Pacific
Ngarinyman,Australian,nbj,AU,L,Australia,Pacific
Ngarla,Australian,nrk,AU,L,Australia,Pacific
Ngarluma,Australian,nrl,AU,L,Australia,Pacific
Ngarrindjeri,Australian,nay,AU,L,Australia,Pacific
Ngas,Afro-Asiatic,anc,NG,L,Nigeria,Africa
Ngasa,Nilo-Saharan,nsg,TZ,X,Tanzania,Africa
Ngatik Men’s Creole,Creole,ngm,FM,L,Micronesia,Pacific
Ngawun,Australian,nxn,AU,X,Australia,Pacific
Ngayawung,Australian,nwg,AU,X,Australia,Pacific
Ngbaka,Niger-Congo,nga,CD,L,Democratic Republic of the Congo,Africa
Ngbaka Ma’bo,Niger-Congo,nbm,CF,L,Central African Republic,Africa
Ngbaka Manza,Niger-Congo,ngg,CF,L,Central African Republic,Africa
"Ngbandi, Northern",Niger-Congo,ngb,CD,L,Democratic Republic of the Congo,Africa
"Ngbandi, Southern",Niger-Congo,nbw,CD,L,Democratic Republic of the Congo,Africa
Ngbee,Niger-Congo,jgb,CD,X,Democratic Republic of the Congo,Africa
Ngbinda,Niger-Congo,nbd,CD,L,Democratic Republic of the Congo,Africa
Ngbundu,Niger-Congo,nuu,CD,L,Democratic Republic of the Congo,Africa
Ngelima,Niger-Congo,agh,CD,L,Democratic Republic of the Congo,Africa
Ngemba,Niger-Congo,nge,CM,L,Cameroon,Africa
Ngen,Austronesian,,,,Namibia,Africa
Ngen,Niger-Congo,,,,Namibia,Africa
Ngendelengo,Niger-Congo,nql,AO,L,Angola,Africa
Ngete,Afro-Asiatic,nnn,TD,L,Chad,Africa
Nggem,Trans-New Guinea,nbq,ID,L,Indonesia,Asia
Nggwahyi,Afro-Asiatic,ngx,NG,L,Nigeria,Africa
Nghlwa,Niger-Congo,gwa,CI,L,Côte d’Ivoire,Africa
Ngie,Niger-Congo,ngj,CM,L,Cameroon,Africa
Ngiemboon,Niger-Congo,nnh,CM,L,Cameroon,Africa
Ngiemekohke,Niger-Congo,bvm,CM,L,Cameroon,Africa
Ngile,Niger-Congo,jle,SD,L,Sudan,Africa
Ngindo,Niger-Congo,nnq,TZ,L,Tanzania,Africa
Ngiti,Nilo-Saharan,niy,CD,L,Democratic Republic of the Congo,Africa
Ngizim,Afro-Asiatic,ngi,NG,L,Nigeria,Africa
Ngom,Niger-Congo,nra,GA,L,Gabon,Africa
Ngomba,Niger-Congo,jgo,CM,L,Cameroon,Africa
Ngombale,Niger-Congo,nla,CM,L,Cameroon,Africa
Ngombe,Niger-Congo,,,,Namibia,Africa
Ngombe,Niger-Congo,,,,Namibia,Africa
Ngongo,Niger-Congo,noq,CD,L,Democratic Republic of the Congo,Africa
Ngoreme,Niger-Congo,ngq,TZ,L,Tanzania,Africa
Ngoshie,Niger-Congo,nsh,CM,L,Cameroon,Africa
Ngulu,Niger-Congo,ngp,TZ,L,Tanzania,Africa
Nguluwan,Mixed language,nuw,FM,L,Micronesia,Pacific
Ngumbarl,Australian,xnm,AU,X,Australia,Pacific
Ngunawal,Australian,xul,AU,X,Australia,Pacific
Ngundi,Niger-Congo,ndn,CG,L,Congo,Africa
Ngundu,Niger-Congo,nue,CF,L,Central African Republic,Africa
Ngungwel,Niger-Congo,ngz,CG,L,Congo,Africa
Nguôn,Austro-Asiatic,nuo,VN,L,Vietnam,Asia
Ngurmbur,Australian,nrx,AU,X,Australia,Pacific
Ngwaba,Afro-Asiatic,ngw,NG,L,Nigeria,Africa
Ngwe,Niger-Congo,nwe,CM,L,Cameroon,Africa
Ngwii,Niger-Congo,nlo,CD,L,Democratic Republic of the Congo,Africa
Ngwo,Niger-Congo,ngn,CM,L,Cameroon,Africa
Nhanda,Australian,nha,AU,L,Australia,Pacific
Nhengatu,Tupian,yrl,BR,L,Brazil,Americas
Nhirrpi,Australian,hrp,AU,X,Australia,Pacific
Nhuwala,Australian,nhf,AU,L,Australia,Pacific
Nias,Austronesian,nia,ID,L,Indonesia,Asia
Nicaragua English Creole,Creole,bzk,NI,L,Nicaragua,Americas
"Nicobarese, Car",Austro-Asiatic,caq,IN,L,India,Asia
"Nicobarese, Central",Austro-Asiatic,ncb,IN,L,India,Asia
"Nicobarese, Southern",Austro-Asiatic,nik,IN,L,India,Asia
Niellim,Niger-Congo,nie,TD,L,Chad,Africa
Nihali,Language isolate,nll,IN,L,India,Asia
Nii,Trans-New Guinea,nii,PG,L,Papua New Guinea,Pacific
Niksek,Sepik,gbe,PG,L,Papua New Guinea,Pacific
Nikyob-Nindem,Niger-Congo,kdp,NG,L,Nigeria,Africa
Nila,Austronesian,nil,ID,X,Indonesia,Asia
Nilamba,Niger-Congo,nim,TZ,L,Tanzania,Africa
Nimadi,Indo-European,noe,IN,L,India,Asia
Nimanbur,Australian,nmp,AU,X,Australia,Pacific
Nimbari,Niger-Congo,nmr,CM,L,Cameroon,Africa
Nimboran,Nimboran,nir,ID,L,Indonesia,Asia
Nimo,Arai (Left May),niw,PG,L,Papua New Guinea,Pacific
Ninam,Yanomaman,shb,BR,L,Brazil,Americas
Ninde,Austronesian,mwi,VU,L,Vanuatu,Pacific
Nindi,Niger-Congo,nxi,TZ,L,Tanzania,Africa
Ningera,Border,nby,PG,L,Papua New Guinea,Pacific
Ninggerum,Trans-New Guinea,nxr,PG,L,Papua New Guinea,Pacific
Ningil,Torricelli,niz,PG,L,Papua New Guinea,Pacific
Ninzo,Niger-Congo,nin,NG,L,Nigeria,Africa
Nipsan,Trans-New Guinea,nps,ID,L,Indonesia,Asia
Nisa,East Geelvink Bay,njs,ID,L,Indonesia,Asia
Nisenan,Maiduan,nsz,US,L,United States,Americas
Nisga’a,Tsimshian,ncg,CA,L,Canada,Americas
Nisi,Sino-Tibetan,yso,CN,L,China,Asia
"Nisu, Eastern",Sino-Tibetan,nos,CN,L,China,Asia
"Nisu, Northern",Sino-Tibetan,yiv,CN,L,China,Asia
"Nisu, Northwestern",Sino-Tibetan,nsf,CN,L,China,Asia
"Nisu, Southern",Sino-Tibetan,nsd,CN,L,China,Asia
"Nisu, Southwestern",Sino-Tibetan,nsv,CN,L,China,Asia
Niuafo’ou,Austronesian,num,TO,L,Tonga,Pacific
Niuatoputapu,Austronesian,nkp,TO,X,Tonga,Pacific
Niue,Austronesian,niu,NU,L,Niue,Pacific
Nivaclé,Matacoan,cag,PY,L,Paraguay,Americas
Niwer Mil,Austronesian,hrc,PG,L,Papua New Guinea,Pacific
Nizaa,Niger-Congo,sgi,CM,L,Cameroon,Africa
Njalgulgule,Nilo-Saharan,njl,SS,L,South Sudan,Africa
Njebi,Niger-Congo,nzb,GA,L,Gabon,Africa
Njen,Niger-Congo,njj,CM,L,Cameroon,Africa
Njerep,Niger-Congo,njr,NG,L,Nigeria,Africa
Njyem,Niger-Congo,njy,CM,L,Cameroon,Africa
Nkami,Niger-Congo,nkq,GH,L,Ghana,Africa
Nkangala,Niger-Congo,nkn,AO,L,Angola,Africa
Nkari,Niger-Congo,nkz,NG,L,Nigeria,Africa
Nkem-Nkum,Niger-Congo,isi,NG,L,Nigeria,Africa
Nkongho,Niger-Congo,nkc,CM,L,Cameroon,Africa
Nkonya,Niger-Congo,nko,GH,L,Ghana,Africa
Nkoroo,Niger-Congo,nkx,NG,L,Nigeria,Africa
Nkoya,Niger-Congo,nka,ZM,L,Zambia,Africa
Nkukoli,Niger-Congo,nbo,NG,L,Nigeria,Africa
Nkumbi,Niger-Congo,khu,AO,L,Angola,Africa
Nkutu,Niger-Congo,nkw,CD,L,Democratic Republic of the Congo,Africa
Nnam,Niger-Congo,nbp,NG,L,Nigeria,Africa
Nobiin,Nilo-Saharan,fia,SD,L,Sudan,Africa
Nobonob,Trans-New Guinea,gaw,PG,L,Papua New Guinea,Pacific
Nogai,Turkic,nog,RU,L,Russian Federation,Europe
Noipä,Austronesian,npx,SB,L,Solomon Islands,Pacific
Noiri,Indo-European,noi,IN,L,India,Asia
Nomaande,Niger-Congo,lem,CM,L,Cameroon,Africa
Nomane,Trans-New Guinea,nof,PG,L,Papua New Guinea,Pacific
Nomatsigenga,Maipurean,not,PE,L,Peru,Americas
Nomlaki,Wintuan,nol,US,L,United States,Americas
Nomu,Trans-New Guinea,noh,PG,L,Papua New Guinea,Pacific
Nonuya,Witotoan,noj,CO,L,Colombia,Americas
Nooksack,Salish,nok,US,L,United States,Americas
Noon,Niger-Congo,snf,SN,L,Senegal,Africa
Noone,Niger-Congo,nhu,CM,L,Cameroon,Africa
Nora,Kra-Dai,nrr,IN,X,India,Asia
Norn,Indo-European,nrn,GB,L,United Kingdom,Europe
Northern Kalapuya,Takelman,nrt,US,X,United States,Americas
Northern Straits Salish,Salish,str,CA,L,Canada,Americas
Northwestern !Kung,Kx’a,vaj,AO,L,Angola,Africa
Norwegian,Indo-European,nor,NO,L,Norway,Europe
"Norwegian, Traveller",Mixed language,rmg,NO,L,Norway,Europe
Notre,Niger-Congo,bly,BJ,L,Benin,Africa
Notsi,Austronesian,ncf,PG,L,Papua New Guinea,Pacific
Nottoway,Iroquoian,ntw,US,L,United States,Americas
Nottoway-Meherrin,Iroquoian,nwy,US,X,United States,Americas
Noy,Niger-Congo,noy,TD,L,Chad,Africa
Nsenga,Niger-Congo,nse,ZM,L,Zambia,Africa
Nsiteu,Niger-Congo,bko,CM,L,Cameroon,Africa
Ntcham,Niger-Congo,bud,TG,L,Togo,Africa
Nteng,Afro-Asiatic,nqt,NG,L,Nigeria,Africa
Ntomba,Niger-Congo,nto,CD,L,Democratic Republic of the Congo,Africa
"Nuaulu, North",Austronesian,nni,ID,L,Indonesia,Asia
"Nuaulu, South",Austronesian,nxl,ID,L,Indonesia,Asia
Nubaca,Niger-Congo,baf,CM,L,Cameroon,Africa
Nubi,Creole,kcn,UG,L,Uganda,Africa
Nubri,Sino-Tibetan,kte,NP,L,Nepal,Asia
Nuer,Nilo-Saharan,nus,SS,L,South Sudan,Africa
Nugunu,Australian,,,,Namibia,Africa
Nugunu,Niger-Congo,,,,Namibia,Africa
Nuk,Trans-New Guinea,noc,PG,L,Papua New Guinea,Pacific
Nukak Makú,Puinavean,mbr,CO,L,Colombia,Americas
Nukeria,Austronesian,nur,PG,L,Papua New Guinea,Pacific
Nukna,Trans-New Guinea,klt,PG,L,Papua New Guinea,Pacific
Nukuini,Panoan,nuc,BR,L,Brazil,Americas
Nukumanu,Austronesian,nuq,PG,L,Papua New Guinea,Pacific
Nukuoro,Austronesian,nkr,FM,L,Micronesia,Pacific
Nulibie,Niger-Congo,ekm,CM,L,Cameroon,Africa
Numala,Niger-Congo,mmu,CM,L,Cameroon,Africa
Numana,Niger-Congo,nbr,NG,L,Nigeria,Africa
Numanggang,Trans-New Guinea,nop,PG,L,Papua New Guinea,Pacific
Numbami,Austronesian,sij,PG,L,Papua New Guinea,Pacific
Nume,Austronesian,tgs,VU,L,Vanuatu,Pacific
Numèè,Austronesian,kdk,NC,L,New Caledonia,Pacific
Nung,Kra-Dai,nut,VN,L,Vietnam,Asia
Nungali,Australian,nug,AU,X,Australia,Pacific
Nunggubuyu,Australian,nuy,AU,L,Australia,Pacific
Nungu,Niger-Congo,rin,NG,L,Nigeria,Africa
Nungura,Niger-Congo,lnu,NG,L,Nigeria,Africa
"Nuni, Northern",Niger-Congo,nuv,BF,L,Burkina Faso,Africa
"Nuni, Southern",Niger-Congo,nnw,BF,L,Burkina Faso,Africa
Nunukul,Australian,xnu,AU,X,Australia,Pacific
Nuosu,Sino-Tibetan,iii,CN,L,China,Asia
Nupbikha,Sino-Tibetan,npb,BT,L,Bhutan,Asia
Nupe-Nupe-Tako,Niger-Congo,nup,NG,L,Nigeria,Africa
Nusa Laut,Austronesian,nul,ID,L,Indonesia,Asia
Nusu,Sino-Tibetan,nuf,CN,L,China,Asia
Nuu-chah-nulth,Wakashan,nuk,CA,L,Canada,Americas
Nya Huba,Afro-Asiatic,hbb,NG,L,Nigeria,Africa
Nyabwa,Niger-Congo,nwb,CI,L,Côte d’Ivoire,Africa
Nyagbo,Niger-Congo,nyb,GH,L,Ghana,Africa
Nyaheun,Austro-Asiatic,nev,LA,L,Laos,Asia
Nyahkur,Austro-Asiatic,cbn,TH,L,Thailand,Asia
Nyakyusa-Ngonde,Niger-Congo,nyy,TZ,L,Tanzania,Africa
Nyala,Niger-Congo,nle,KE,L,Kenya,Africa
Nyali,Niger-Congo,nlj,CD,L,Democratic Republic of the Congo,Africa
Nyam,Afro-Asiatic,nmi,NG,L,Nigeria,Africa
Nyamal,Australian,nly,AU,L,Australia,Pacific
Nyambo,Niger-Congo,now,TZ,L,Tanzania,Africa
Nyamusa-Molo,Nilo-Saharan,nwm,SS,L,South Sudan,Africa
Nyamwanga,Niger-Congo,mwn,ZM,L,Zambia,Africa
Nyamwezi,Niger-Congo,nym,TZ,L,Tanzania,Africa
Nyaneka,Niger-Congo,nyk,AO,L,Angola,Africa
Nyang’i,Nilo-Saharan,nyp,UG,L,Uganda,Africa
Nyanga,Niger-Congo,nyj,CD,L,Democratic Republic of the Congo,Africa
Nyanga-li,Niger-Congo,nyc,CD,L,Democratic Republic of the Congo,Africa
Nyangatom,Nilo-Saharan,nnj,ET,L,Ethiopia,Africa
Nyangga,Australian,nny,AU,X,Australia,Pacific
Nyangumarta,Australian,nna,AU,L,Australia,Pacific
Nyankore,Niger-Congo,nyn,UG,L,Uganda,Africa
Nyankpa,Niger-Congo,yes,NG,L,Nigeria,Africa
Nyaturu,Niger-Congo,rim,TZ,L,Tanzania,Africa
Nyaw,Kra-Dai,nyw,TH,L,Thailand,Asia
Nyawaygi,Australian,nyt,AU,X,Australia,Pacific
Nyelâyu,Austronesian,yly,NC,L,New Caledonia,Pacific
Nyemba,Niger-Congo,nba,AO,L,Angola,Africa
Nyengo,Niger-Congo,nye,AO,L,Angola,Africa
Nyenkha,Sino-Tibetan,neh,BT,L,Bhutan,Asia
Nyeshangte,Sino-Tibetan,nmm,NP,L,Nepal,Asia
Nyeu,Austro-Asiatic,nyl,TH,L,Thailand,Asia
"Nyiha, Malawi",Niger-Congo,nyr,MW,L,Malawi,Africa
"Nyiha, Tanzania",Niger-Congo,nih,TZ,L,Tanzania,Africa
Nyika,Niger-Congo,nkv,MW,L,Malawi,Africa
"Nyika, Tanzania",Niger-Congo,nkt,TZ,L,Tanzania,Africa
Nyikina,Australian,nyh,AU,L,Australia,Pacific
Nyindrou,Austronesian,lid,PG,L,Papua New Guinea,Pacific
Nyindu,Niger-Congo,nyg,CD,L,Democratic Republic of the Congo,Africa
Nyishi,Sino-Tibetan,njz,IN,L,India,Asia
Nyiyaparli,Australian,xny,AU,L,Australia,Pacific
Nyokon,Niger-Congo,nvo,CM,L,Cameroon,Africa
Nyole,Niger-Congo,nuj,UG,L,Uganda,Africa
Nyoro,Niger-Congo,nyo,UG,L,Uganda,Africa
Nyulnyul,Australian,nyv,AU,X,Australia,Pacific
Nyungar,Australian,nys,AU,L,Australia,Pacific
Nyungwe,Niger-Congo,nyu,MZ,L,Mozambique,Africa
Nzadi,Niger-Congo,nzd,CD,L,Democratic Republic of the Congo,Africa
Nzakambay,Niger-Congo,nzy,TD,L,Chad,Africa
Nzakara,Niger-Congo,nzk,CF,L,Central African Republic,Africa
Nzanyi,Afro-Asiatic,nja,NG,L,Nigeria,Africa
Nzema,Niger-Congo,nzi,GH,L,Ghana,Africa
Nǁng,Tuu,ngh,ZA,L,South Africa,Africa
O’chi’chi’,Niger-Congo,xoc,NG,X,Nigeria,Africa
O’du,Austro-Asiatic,tyh,VN,L,Vietnam,Asia
Oa,Austronesian,tmt,VU,L,Vanuatu,Pacific
Oadki,Indo-European,odk,IN,L,India,Asia
Obispeño,Chumashan,obi,US,L,United States,Americas
Oblo,Niger-Congo,obl,CM,L,Cameroon,Africa
Obokuitai,Lakes Plain,afz,ID,L,Indonesia,Asia
Obolo,Niger-Congo,ann,NG,L,Nigeria,Africa
Obulom,Niger-Congo,obu,NG,L,Nigeria,Africa
Ocaina,Witotoan,oca,PE,L,Peru,Americas
Occitan,Indo-European,oci,FR,L,France,Europe
Odia,Indo-European,ory,IN,L,India,Asia
Odiai,Language isolate,bhf,PG,L,Papua New Guinea,Pacific
Odoodee,Trans-New Guinea,kkc,PG,L,Papua New Guinea,Pacific
Odual,Niger-Congo,odu,NG,L,Nigeria,Africa
Odut,Niger-Congo,oda,NG,L,Nigeria,Africa
Ofayé,Language isolate,opy,BR,L,Brazil,Americas
Ofo,Siouan-Catawban,ofo,US,X,United States,Americas
Ogbah,Niger-Congo,ogc,NG,L,Nigeria,Africa
Ogbia,Niger-Congo,ogb,NG,L,Nigeria,Africa
Ogbogolo,Niger-Congo,ogg,NG,L,Nigeria,Africa
Ogbronuagum,Niger-Congo,ogu,NG,L,Nigeria,Africa
Ogea,Trans-New Guinea,eri,PG,L,Papua New Guinea,Pacific
Ohendo,Niger-Congo,soe,CD,L,Democratic Republic of the Congo,Africa
"Ohlone, Northern",Miwok-Costanoan,cst,US,L,United States,Americas
"Ohlone, Southern",Miwok-Costanoan,css,US,L,United States,Americas
Oirata,Trans-New Guinea,oia,ID,L,Indonesia,Asia
Oji-Cree,Algic,ojs,CA,L,Canada,Americas
Ojibwa,Algic,,,,Namibia,Africa
"Ojibwa, Central",Algic,ojc,CA,L,Canada,Americas
"Ojibwa, Eastern",Algic,ojg,CA,L,Canada,Americas
"Ojibwa, Northwestern",Algic,ojb,CA,L,Canada,Americas
"Ojibwa, Western",Algic,ojw,CA,L,Canada,Americas
Okanagan,Salish,oka,CA,L,Canada,Americas
Oki-No-Erabu,Japonic,okn,JP,L,Japan,Asia
Okiek,Nilo-Saharan,oki,KE,L,Kenya,Africa
"Okinawan, Central",Japonic,ryu,JP,L,Japan,Asia
Oko-Eni-Osayen,Niger-Congo,oks,NG,L,Nigeria,Africa
Oko-Juwoi,Andamanese,okj,IN,X,India,Asia
Okobo,Niger-Congo,okb,NG,L,Nigeria,Africa
Okodia,Niger-Congo,okd,NG,L,Nigeria,Africa
Okolie,Nilo-Saharan,oie,SS,L,South Sudan,Africa
Okolod,Austronesian,kqv,ID,L,Indonesia,Asia
Okpamheri,Niger-Congo,opa,NG,L,Nigeria,Africa
Okpe,Niger-Congo,,,,Namibia,Africa
Okpe,Niger-Congo,,,,Namibia,Africa
Oksapmin,Trans-New Guinea,opm,PG,L,Papua New Guinea,Pacific
Oku,Niger-Congo,oku,CM,L,Cameroon,Africa
Olekha,Sino-Tibetan,ole,BT,L,Bhutan,Asia
Olkol,Australian,olk,AU,L,Australia,Pacific
Olo,Torricelli,ong,PG,L,Papua New Guinea,Pacific
Oloma,Niger-Congo,olm,NG,L,Nigeria,Africa
Olrat,Austronesian,olr,VU,L,Vanuatu,Pacific
Olu’bo,Nilo-Saharan,lul,SS,L,South Sudan,Africa
Olukhayo,Niger-Congo,lko,KE,L,Kenya,Africa
Olùkùmi,Niger-Congo,ulb,NG,L,Nigeria,Africa
Olulumo-Ikom,Niger-Congo,iko,NG,L,Nigeria,Africa
Olumarachi,Niger-Congo,lri,KE,L,Kenya,Africa
Olumarama,Niger-Congo,lrm,KE,L,Kenya,Africa
Olunyole,Niger-Congo,nyd,KE,L,Kenya,Africa
Olushisa,Niger-Congo,lks,KE,L,Kenya,Africa
Olutsotso,Niger-Congo,lto,KE,L,Kenya,Africa
Oluwanga,Niger-Congo,lwg,KE,L,Kenya,Africa
Omagua,Tupian,omg,PE,L,Peru,Americas
Omaha-Ponca,Siouan-Catawban,oma,US,L,United States,Americas
Ombamba,Niger-Congo,mbm,CG,L,Congo,Africa
Ombo,Niger-Congo,oml,CD,L,Democratic Republic of the Congo,Africa
Omi,Nilo-Saharan,omi,CD,L,Democratic Republic of the Congo,Africa
Ömie,Trans-New Guinea,aom,PG,L,Papua New Guinea,Pacific
Omok,Yukaghir,omk,RU,X,Russian Federation,Europe
Omotik,Nilo-Saharan,omt,KE,L,Kenya,Africa
Omurano,Language isolate,omu,PE,X,Peru,Americas
Ona,Chon,ona,AR,X,Argentina,Americas
"One, Inebu",Torricelli,oin,PG,L,Papua New Guinea,Pacific
"One, Kabore",Torricelli,onk,PG,L,Papua New Guinea,Pacific
"One, Kwamtim",Torricelli,okk,PG,L,Papua New Guinea,Pacific
"One, Molmo",Torricelli,aun,PG,L,Papua New Guinea,Pacific
"One, Northern",Torricelli,onr,PG,L,Papua New Guinea,Pacific
"One, Southern",Torricelli,osu,PG,L,Papua New Guinea,Pacific
Oneida,Iroquoian,one,CA,L,Canada,Americas
Ong,Austro-Asiatic,oog,LA,L,Laos,Asia
Öñge,Andamanese,oon,IN,L,India,Asia
Ongota,Language isolate,bxe,ET,L,Ethiopia,Africa
Onin,Austronesian,oni,ID,L,Indonesia,Asia
Onin Based Pidgin,Pidgin,onx,ID,L,Indonesia,Asia
Oniyan,Niger-Congo,bsc,SN,L,Senegal,Africa
Onjob,Trans-New Guinea,onj,PG,L,Papua New Guinea,Pacific
Ono,Trans-New Guinea,ons,PG,L,Papua New Guinea,Pacific
Onobasulu,Trans-New Guinea,onn,PG,L,Papua New Guinea,Pacific
Onondaga,Iroquoian,ono,CA,L,Canada,Americas
Ontenu,Trans-New Guinea,ont,PG,L,Papua New Guinea,Pacific
Ontong Java,Austronesian,ojv,SB,L,Solomon Islands,Pacific
Oorlams,Creole,oor,ZA,L,South Africa,Africa
Opao,Trans-New Guinea,opo,PG,L,Papua New Guinea,Pacific
Opata,Uto-Aztecan,opt,MX,X,Mexico,Americas
Opo,Nilo-Saharan,lgn,ET,L,Ethiopia,Africa
Orake,Niger-Congo,ids,NG,L,Nigeria,Africa
Orang Kanaq,Austronesian,orn,MY,L,Malaysia,Asia
Orang Seletar,Austronesian,ors,MY,L,Malaysia,Asia
Oring,Niger-Congo,org,NG,L,Nigeria,Africa
"Oriya, Adivasi",Indo-European,ort,IN,L,India,Asia
Orma,Afro-Asiatic,orc,KE,L,Kenya,Africa
Ormu,Austronesian,orz,ID,L,Indonesia,Asia
Ormuri,Indo-European,oru,PK,L,Pakistan,Asia
Oro,Niger-Congo,orx,NG,L,Nigeria,Africa
Oro Win,Chapacuran,orw,BR,L,Brazil,Americas
Oroch,Tungusic,oac,RU,L,Russian Federation,Europe
Oroha,Austronesian,ora,SB,L,Solomon Islands,Pacific
Orok,Tungusic,oaa,RU,L,Russian Federation,Europe
Orokaiva,Trans-New Guinea,okv,PG,L,Papua New Guinea,Pacific
Oroko,Niger-Congo,bdu,CM,L,Cameroon,Africa
Orokolo,Trans-New Guinea,oro,PG,L,Papua New Guinea,Pacific
"Oromo, Borana-Arsi-Guji",Afro-Asiatic,gax,ET,L,Ethiopia,Africa
"Oromo, Eastern",Afro-Asiatic,hae,ET,L,Ethiopia,Africa
"Oromo, West Central",Afro-Asiatic,gaz,ET,L,Ethiopia,Africa
Orop,Austronesian,aps,PG,L,Papua New Guinea,Pacific
Oroqen,Tungusic,orh,CN,L,China,Asia
Orowe,Austronesian,bpk,NC,L,New Caledonia,Pacific
Oruma,Niger-Congo,orr,NG,L,Nigeria,Africa
Orya,Tor-Kwerba,ury,ID,L,Indonesia,Asia
Osage,Siouan-Catawban,osa,US,L,United States,Americas
Osatu,Niger-Congo,ost,CM,L,Cameroon,Africa
Oshiwambo,Niger-Congo,kua,AO,L,Angola,Africa
Osing,Austronesian,osi,ID,L,Indonesia,Asia
Ososo,Niger-Congo,oso,NG,L,Nigeria,Africa
Ossetic,Indo-European,oss,RU,L,Russian Federation,Europe
Ot Danum,Austronesian,otd,ID,L,Indonesia,Asia
Oti,Language isolate,oti,BR,X,Brazil,Americas
"Otomi, Eastern Highland",Otomanguean,otm,MX,L,Mexico,Americas
"Otomí, Estado de México",Otomanguean,ots,MX,L,Mexico,Americas
"Otomi, Ixtenco",Otomanguean,otz,MX,L,Mexico,Americas
"Otomi, Mezquital",Otomanguean,ote,MX,L,Mexico,Americas
"Otomi, Querétaro",Otomanguean,otq,MX,L,Mexico,Americas
"Otomi, Temoaya",Otomanguean,ott,MX,L,Mexico,Americas
"Otomi, Tenango",Otomanguean,otn,MX,L,Mexico,Americas
"Otomi, Texcatepec",Otomanguean,otx,MX,L,Mexico,Americas
"Otomi, Tilapa",Otomanguean,otl,MX,L,Mexico,Americas
Otoro,Niger-Congo,otr,SD,L,Sudan,Africa
Ottawa,Algic,otw,CA,L,Canada,Americas
Otuho,Nilo-Saharan,lot,SS,L,South Sudan,Africa
Otuke,Bororoan,otu,BR,X,Brazil,Americas
Ouma,Austronesian,oum,PG,X,Papua New Guinea,Pacific
Oune,South Bougainville,oue,PG,L,Papua New Guinea,Pacific
Övdalian,Indo-European,ovd,SE,L,Sweden,Europe
Owa,Austronesian,stn,SB,L,Solomon Islands,Pacific
Owenia,Trans-New Guinea,wsr,PG,L,Papua New Guinea,Pacific
Owiniga,Arai (Left May),owi,PG,L,Papua New Guinea,Pacific
Oy,Austro-Asiatic,oyb,LA,L,Laos,Asia
Oya’oya,Austronesian,oyy,PG,L,Papua New Guinea,Pacific
Oyda,Afro-Asiatic,oyd,ET,L,Ethiopia,Africa
Oyuwu,Niger-Congo,aye,NG,L,Nigeria,Africa
Pa,Trans-New Guinea,ppt,PG,L,Papua New Guinea,Pacific
Pa Di,Kra-Dai,pdi,CN,L,China,Asia
Pa-Hng,Hmong-Mien,pha,CN,L,China,Asia
Pa’anci,Afro-Asiatic,pqa,NG,L,Nigeria,Africa
Pa’o,Sino-Tibetan,blk,MM,L,Myanmar,Asia
Pááfang,Austronesian,pfa,FM,L,Micronesia,Pacific
Paakantyi,Australian,drl,AU,L,Australia,Pacific
Paama,Austronesian,pma,VU,L,Vanuatu,Pacific
Paasaal,Niger-Congo,sig,GH,L,Ghana,Africa
Pacahuara,Panoan,pcp,BO,L,Bolivia,Americas
Pacoh,Austro-Asiatic,pac,VN,L,Vietnam,Asia
Padoe,Austronesian,pdo,ID,L,Indonesia,Asia
Pagi,Border,pgi,PG,L,Papua New Guinea,Pacific
Pagibete,Niger-Congo,pae,CD,L,Democratic Republic of the Congo,Africa
Pagu,West Papuan,pgu,ID,L,Indonesia,Asia
Pahari,Sino-Tibetan,phj,NP,L,Nepal,Asia
Pahari-Potwari,Indo-European,phr,PK,L,Pakistan,Asia
"Pahari, Kullu",Indo-European,kfx,IN,L,India,Asia
"Pahari, Mahasu",Indo-European,bfz,IN,L,India,Asia
Pahi,Sepik,lgt,PG,L,Papua New Guinea,Pacific
Pahlavani,Indo-European,phv,AF,L,Afghanistan,Asia
Pai Tavytera,Tupian,pta,PY,L,Paraguay,Americas
Paicî,Austronesian,pri,NC,L,New Caledonia,Pacific
Paicoca,Tucanoan,sey,EC,L,Ecuador,Americas
Painara,Austronesian,lmf,ID,L,Indonesia,Asia
Paipai,Cochimí-Yuman,ppi,MX,L,Mexico,Americas
"Paiute, Northern",Uto-Aztecan,pao,US,L,United States,Americas
Paiwan,Austronesian,pwn,TW,L,Taiwan,Asia
Pak-Tong,Austronesian,pkg,PG,L,Papua New Guinea,Pacific
Pakaásnovos,Chapacuran,pav,BR,L,Brazil,Americas
Pakanha,Australian,pkn,AU,L,Australia,Pacific
Paku,Austronesian,pku,ID,L,Indonesia,Asia
Pal,Trans-New Guinea,abw,PG,L,Papua New Guinea,Pacific
Palatinate Franconian,Indo-European,pfl,DE,L,Germany,Europe
Palauan,Austronesian,pau,PW,L,Palau,Pacific
"Palaung, Ruching",Austro-Asiatic,pce,MM,L,Myanmar,Asia
"Palaung, Rumai",Austro-Asiatic,rbb,MM,L,Myanmar,Asia
"Palaung, Shwe",Austro-Asiatic,pll,MM,L,Myanmar,Asia
"Palawano, Brooke’s Point",Austronesian,plw,PH,L,Philippines,Asia
"Palawano, Central",Austronesian,plc,PH,L,Philippines,Asia
"Palawano, Southwest",Austronesian,plv,PH,L,Philippines,Asia
Paleni,Niger-Congo,pnl,BF,L,Burkina Faso,Africa
Palenquero,Creole,pln,CO,L,Colombia,Americas
Pali,Indo-European,pli,IN,L,India,Asia
Palikúr,Maipurean,plu,BR,L,Brazil,Americas
Paliyan,Dravidian,pcf,IN,L,India,Asia
Pallanganmiddang,Australian,pmd,AU,X,Australia,Pacific
Paloor,Niger-Congo,fap,SN,L,Senegal,Africa
Palu’e,Austronesian,ple,ID,L,Indonesia,Asia
Paluai,Austronesian,blq,PG,L,Papua New Guinea,Pacific
Palula,Indo-European,phl,PK,L,Pakistan,Asia
Pam,Niger-Congo,pmn,CM,L,Cameroon,Africa
Pambia,Niger-Congo,pmb,CD,X,Democratic Republic of the Congo,Africa
"Pame, Central",Otomanguean,pbs,MX,L,Mexico,Americas
"Pame, Northern",Otomanguean,pmq,MX,L,Mexico,Americas
"Pame, Southern",Otomanguean,pmz,MX,X,Mexico,Americas
Pamona,Austronesian,pmf,ID,L,Indonesia,Asia
Pamosu,Trans-New Guinea,hih,PG,L,Papua New Guinea,Pacific
Pana,Niger-Congo,,,,Namibia,Africa
Pana,Niger-Congo,,,,Namibia,Africa
Panará,Jean,kre,BR,L,Brazil,Americas
Panasuan,Austronesian,psn,ID,L,Indonesia,Asia
Panawa,Niger-Congo,pwb,NG,L,Nigeria,Africa
Pancana,Austronesian,pnp,ID,L,Indonesia,Asia
Panchpargania,Indo-European,tdb,IN,L,India,Asia
Pande,Niger-Congo,bkj,CF,L,Central African Republic,Africa
Pangasinan,Austronesian,pag,PH,L,Philippines,Asia
Pangkhua,Sino-Tibetan,pkh,BD,L,Bangladesh,Asia
Pangseng,Niger-Congo,pgs,NG,L,Nigeria,Africa
Pangu,Niger-Congo,png,NG,L,Nigeria,Africa
Pangwa,Niger-Congo,pbr,TZ,L,Tanzania,Africa
Pangwali,Indo-European,pgg,IN,L,India,Asia
Panim,Trans-New Guinea,pnr,PG,L,Papua New Guinea,Pacific
Paniya,Dravidian,pcg,IN,L,India,Asia
Pankararé,Unclassified,pax,BR,L,Brazil,Americas
Pankararú,Language isolate,paz,BR,L,Brazil,Americas
Pannei,Austronesian,pnc,ID,L,Indonesia,Asia
Pano,Austronesian,mqz,PG,L,Papua New Guinea,Pacific
Panobo,Panoan,pno,PE,X,Peru,Americas
"Pantar, Western",Trans-New Guinea,lev,ID,L,Indonesia,Asia
Papapana,Austronesian,ppn,PG,L,Papua New Guinea,Pacific
Papar,Austronesian,dpp,MY,L,Malaysia,Asia
Papasena,Lakes Plain,pas,ID,L,Indonesia,Asia
Papel,Niger-Congo,pbo,GW,L,Guinea-Bissau,Africa
Papiamentu,Creole,pap,CW,L,Curacao,Americas
Papora-Hoanya,Austronesian,ppu,TW,X,Taiwan,Asia
Papuma,Austronesian,ppm,ID,L,Indonesia,Asia
Parachi,Indo-European,prc,AF,L,Afghanistan,Asia
Parakanã,Tupian,pak,BR,L,Brazil,Americas
Paranan,Austronesian,prf,PH,L,Philippines,Asia
Paranawát,Tupian,paf,BR,L,Brazil,Americas
Paraujano,Maipurean,pbg,VE,L,Venezuela,Americas
Parawen,Trans-New Guinea,prw,PG,L,Papua New Guinea,Pacific
Pardhan,Dravidian,pch,IN,L,India,Asia
Pardhi,Indo-European,pcl,IN,L,India,Asia
Parecís,Maipurean,pab,BR,L,Brazil,Americas
Parenga,Austro-Asiatic,pcj,IN,L,India,Asia
Päri,Nilo-Saharan,lkr,SS,L,South Sudan,Africa
Parkwa,Afro-Asiatic,pbi,CM,L,Cameroon,Africa
Parsi-Dari,Indo-European,prd,IR,L,Iran,Asia
Parya,Indo-European,paq,TJ,L,Tajikistan,Asia
"Pashai, Northeast",Indo-European,aee,AF,L,Afghanistan,Asia
"Pashai, Northwest",Indo-European,glh,AF,L,Afghanistan,Asia
"Pashai, Southeast",Indo-European,psi,AF,L,Afghanistan,Asia
"Pashai, Southwest",Indo-European,psh,AF,L,Afghanistan,Asia
"Pashto, Central",Indo-European,pst,PK,L,Pakistan,Asia
"Pashto, Northern",Indo-European,pbu,PK,L,Pakistan,Asia
"Pashto, Southern",Indo-European,pbt,AF,L,Afghanistan,Asia
Pasi,Sepik,psq,PG,L,Papua New Guinea,Pacific
Patamuna,Cariban,pbc,GY,L,Guyana,Americas
Patani,Austronesian,ptn,ID,L,Indonesia,Asia
Pataxó Hã-Ha-Hãe,Maxakalian,pth,BR,L,Brazil,Americas
Patep,Austronesian,ptp,PG,L,Papua New Guinea,Pacific
Pathiya,Dravidian,pty,IN,L,India,Asia
Patpatar,Austronesian,gfk,PG,L,Papua New Guinea,Pacific
Pattani,Sino-Tibetan,lae,IN,L,India,Asia
Pattapu,Dravidian,ptq,IN,L,India,Asia
Patwin,Wintuan,pwi,US,L,United States,Americas
Paulohi,Austronesian,plh,ID,L,Indonesia,Asia
Paumarí,Arauan,pad,BR,L,Brazil,Americas
Paunaka,Maipurean,pnk,BO,L,Bolivia,Americas
Pauserna,Tupian,psm,BO,L,Bolivia,Americas
Pawaia,Trans-New Guinea,pwa,PG,L,Papua New Guinea,Pacific
Pawnee,Caddoan,paw,US,L,United States,Americas
Pazeh,Austronesian,pzh,TW,L,Taiwan,Asia
Pear,Austro-Asiatic,pcb,KH,L,Cambodia,Asia
Pech,Chibchan,pay,HN,L,Honduras,Americas
Pefiyahe,Sepik,ppq,PG,L,Papua New Guinea,Pacific
Pekal,Austronesian,pel,ID,L,Indonesia,Asia
Pela,Sino-Tibetan,bxd,CN,L,China,Asia
Pele-Ata,Yele-West New Britain,ata,PG,L,Papua New Guinea,Pacific
Pelende,Niger-Congo,ppp,CD,L,Democratic Republic of the Congo,Africa
Pemon,Cariban,aoc,VE,L,Venezuela,Americas
Pémono,Cariban,pev,VE,X,Venezuela,Americas
"Penan, Eastern",Austronesian,pez,MY,L,Malaysia,Asia
"Penan, Western",Austronesian,pne,MY,L,Malaysia,Asia
Penchal,Austronesian,pek,PG,L,Papua New Guinea,Pacific
Pendau,Austronesian,ums,ID,L,Indonesia,Asia
Pengo,Dravidian,peg,IN,L,India,Asia
Penrhyn,Austronesian,pnh,CK,L,Cook Islands,Pacific
Pentlatch,Salish,ptw,CA,X,Canada,Americas
Perai,Austronesian,wet,ID,L,Indonesia,Asia
Pere,Niger-Congo,pfe,CM,L,Cameroon,Africa
Pero,Afro-Asiatic,pip,NG,L,Nigeria,Africa
"Persian, Iranian",Indo-European,pes,IR,L,Iran,Asia
Pesse,Afro-Asiatic,pze,NG,L,Nigeria,Africa
Petats,Austronesian,pex,PG,L,Papua New Guinea,Pacific
Petjo,Creole,pey,ID,L,Indonesia,Asia
Pévé,Afro-Asiatic,lme,TD,L,Chad,Africa
Phake,Kra-Dai,phk,IN,L,India,Asia
Phala,Sino-Tibetan,ypa,CN,L,China,Asia
Phana’,Sino-Tibetan,phq,LA,L,Laos,Asia
Phangduwali,Sino-Tibetan,phw,NP,L,Nepal,Asia
Phende,Niger-Congo,pem,CD,L,Democratic Republic of the Congo,Africa
Phimbi,Niger-Congo,phm,MZ,L,Mozambique,Africa
Phola,Sino-Tibetan,ypg,CN,L,China,Asia
"Phola, Alo",Sino-Tibetan,ypo,CN,L,China,Asia
Pholo,Sino-Tibetan,yip,CN,L,China,Asia
Phong-Kniang,Austro-Asiatic,pnx,LA,L,Laos,Asia
"Phowa, Ani",Sino-Tibetan,ypn,CN,L,China,Asia
"Phowa, Hlepho",Sino-Tibetan,yhl,CN,L,China,Asia
"Phowa, Labo",Sino-Tibetan,ypb,CN,L,China,Asia
Phu Thai,Kra-Dai,pht,TH,L,Thailand,Asia
Phuan,Kra-Dai,phu,TH,L,Thailand,Asia
Phudagi,Indo-European,phd,IN,L,India,Asia
Phuie,Niger-Congo,pug,BF,L,Burkina Faso,Africa
Phula,Sino-Tibetan,phh,VN,L,Vietnam,Asia
Phuma,Sino-Tibetan,ypm,CN,L,China,Asia
Phunoi,Sino-Tibetan,pho,LA,L,Laos,Asia
Phuong,Austro-Asiatic,phg,VN,L,Vietnam,Asia
Phupa,Sino-Tibetan,ypp,CN,L,China,Asia
Phupha,Sino-Tibetan,yph,CN,L,China,Asia
Phuza,Sino-Tibetan,ypz,CN,L,China,Asia
Piame,Sepik,pin,PG,L,Papua New Guinea,Pacific
Piapoco,Maipurean,pio,CO,L,Colombia,Americas
Piapung,Afro-Asiatic,pcw,NG,L,Nigeria,Africa
Piaroa,Sálivan,pid,VE,L,Venezuela,Americas
Picard,Indo-European,pcd,FR,L,France,Europe
Pidgin Bantu,Pidgin,fng,ZA,L,South Africa,Africa
"Pidgin, Cameroon",Creole,wes,CM,L,Cameroon,Africa
"Pidgin, Nigerian",Creole,pcm,NG,L,Nigeria,Africa
"Pidgin, Timor",Creole,tvy,TL,X,East Timor,Asia
Piedmontese,Indo-European,pms,IT,L,Italy,Europe
Pijao,Unclassified,pij,CO,L,Colombia,Americas
Pije,Austronesian,piz,NC,L,New Caledonia,Pacific
Pijin,Creole,pis,SB,L,Solomon Islands,Pacific
Pilagá,Guaykuruan,plg,AR,L,Argentina,Americas
Pilcomayo Wichí,Matacoan,mzh,AR,L,Argentina,Americas
Pima Bajo,Uto-Aztecan,pia,MX,L,Mexico,Americas
Pimbwe,Niger-Congo,piw,TZ,L,Tanzania,Africa
Pin,Skou,wmx,PG,L,Papua New Guinea,Pacific
Pinai-Hagahai,Piawi,pnn,PG,L,Papua New Guinea,Pacific
Pingelapese,Austronesian,pif,FM,L,Micronesia,Pacific
"Pinghua, Northern",Sino-Tibetan,cnp,CN,L,China,Asia
"Pinghua, Southern",Sino-Tibetan,csp,CN,L,China,Asia
Pinigura,Australian,pnv,AU,L,Australia,Pacific
Pinjarup,Australian,pnj,AU,X,Australia,Pacific
Pinji,Niger-Congo,pic,GA,L,Gabon,Africa
Pintiini,Australian,pti,AU,L,Australia,Pacific
Pintupi-Luritja,Australian,piu,AU,L,Australia,Pacific
Pinyin,Niger-Congo,pny,CM,L,Cameroon,Africa
Pirahã,Muran,myp,BR,L,Brazil,Americas
Piratapuyo,Tucanoan,pir,BR,L,Brazil,Americas
Pirlatapa,Australian,bxi,AU,X,Australia,Pacific
Piro,Kiowa-Tanoan,pie,US,X,United States,Americas
Pirriya,Australian,xpa,AU,X,Australia,Pacific
Pisabo,Panoan,pig,PE,L,Peru,Americas
Piscataway,Algic,psy,US,X,United States,Americas
Pitcairn-Norfolk,Creole,pih,NF,L,Norfolk Island,Pacific
Pitjantjatjara,Australian,pjt,AU,L,Australia,Pacific
Pitta Pitta,Australian,pit,AU,X,Australia,Pacific
Piu,Austronesian,pix,PG,L,Papua New Guinea,Pacific
Piya-Kwonci,Afro-Asiatic,piy,NG,L,Nigeria,Africa
Plautdietsch,Indo-European,pdt,CA,L,Canada,Americas
Playero,Guajiboan,gob,CO,L,Colombia,Americas
Pnar,Austro-Asiatic,pbv,IN,L,India,Asia
Pochutec,Uto-Aztecan,xpo,MX,X,Mexico,Americas
Pogolo,Niger-Congo,poy,TZ,L,Tanzania,Africa
Pohnpeian,Austronesian,pon,FM,L,Micronesia,Pacific
Pokangá,Tucanoan,pok,BR,L,Brazil,Americas
Poke,Niger-Congo,pof,CD,L,Democratic Republic of the Congo,Africa
Pökoot,Nilo-Saharan,pko,KE,L,Kenya,Africa
Pol,Niger-Congo,pmm,CM,L,Cameroon,Africa
Polabian,Indo-European,pox,DE,X,Germany,Europe
Polari,Unclassified,pld,GB,L,United Kingdom,Europe
Pole,Trans-New Guinea,kjy,PG,L,Papua New Guinea,Pacific
Polish,Indo-European,pol,PL,L,Poland,Europe
Pom,Austronesian,pmo,ID,L,Indonesia,Asia
"Pomo, Central",Pomoan,poo,US,L,United States,Americas
"Pomo, Eastern",Pomoan,peb,US,L,United States,Americas
"Pomo, Northeastern",Pomoan,pef,US,L,United States,Americas
"Pomo, Northern",Pomoan,pej,US,L,United States,Americas
"Pomo, Southeastern",Pomoan,pom,US,L,United States,Americas
"Pomo, Southern",Pomoan,peq,US,L,United States,Americas
Ponam,Austronesian,ncc,PG,L,Papua New Guinea,Pacific
Pondi,Mongol-Langam,lnm,PG,L,Papua New Guinea,Pacific
Ponosakan,Austronesian,pns,ID,L,Indonesia,Asia
Pontic,Indo-European,pnt,GR,L,Greece,Europe
"Popoloca, Coyotepec",Otomanguean,pbf,MX,L,Mexico,Americas
"Popoloca, Mezontla",Otomanguean,pbe,MX,L,Mexico,Americas
"Popoloca, San Felipe Otlaltepec",Otomanguean,pow,MX,L,Mexico,Americas
"Popoloca, San Juan Atzingo",Otomanguean,poe,MX,L,Mexico,Americas
"Popoloca, San Luís Temalacayuca",Otomanguean,pps,MX,L,Mexico,Americas
"Popoloca, San Marcos Tlacoyalco",Otomanguean,pls,MX,L,Mexico,Americas
"Popoloca, Santa Inés Ahuatempan",Otomanguean,pca,MX,L,Mexico,Americas
"Popoluca, Highland",Mixe-Zoquean,poi,MX,L,Mexico,Americas
"Popoluca, Oluta",Mixe-Zoquean,plo,MX,L,Mexico,Americas
"Popoluca, Sayula",Mixe-Zoquean,pos,MX,L,Mexico,Americas
"Popoluca, Texistepec",Mixe-Zoquean,poq,MX,L,Mexico,Americas
Poqomam,Mayan,poc,GT,L,Guatemala,Americas
Poqomchi’,Mayan,poh,GT,L,Guatemala,Americas
Porohanon,Austronesian,prh,PH,L,Philippines,Asia
Port Sandwich,Austronesian,psw,VU,L,Vanuatu,Pacific
Port Vato,Austronesian,ptv,VU,L,Vanuatu,Pacific
Portuguese,Indo-European,por,PT,L,Portugal,Europe
Potawatomi,Algic,pot,US,L,United States,Americas
Potiguára,Tupian,pog,BR,L,Brazil,Americas
Pouye,Sepik,bye,PG,L,Papua New Guinea,Pacific
Powari,Indo-European,pwr,IN,L,India,Asia
Powhatan,Algic,pim,US,L,United States,Americas
Poyanáwa,Panoan,pyn,BR,L,Brazil,Americas
Prai,Austro-Asiatic,prt,TH,L,Thailand,Asia
Prasuni,Indo-European,prn,AF,L,Afghanistan,Asia
Principense,Creole,pre,ST,L,São Tomé e Príncipe,Africa
Prussian,Indo-European,prg,PL,L,Poland,Europe
Psikye,Afro-Asiatic,kvj,CM,L,Cameroon,Africa
Puare,Skou,pux,PG,L,Papua New Guinea,Pacific
Puelche,Language isolate,pue,AR,X,Argentina,Americas
Puinave,Puinavean,pui,CO,L,Colombia,Americas
Pukapuka,Austronesian,pkp,CK,L,Cook Islands,Pacific
Pulaar,Niger-Congo,fuc,SN,L,Senegal,Africa
Pulabu,Trans-New Guinea,pup,PG,L,Papua New Guinea,Pacific
Pular,Niger-Congo,fuf,GN,L,Guinea,Africa
Puluwatese,Austronesian,puw,FM,L,Micronesia,Pacific
Puma,Sino-Tibetan,pum,NP,L,Nepal,Asia
Pumé,Unclassified,yae,VE,L,Venezuela,Americas
"Pumi, Northern",Sino-Tibetan,pmi,CN,L,China,Asia
"Pumi, Southern",Sino-Tibetan,pmj,CN,L,China,Asia
Pumpokol,Yeniseian,xpm,RU,X,Russian Federation,Europe
Punan Aput,Austronesian,pud,ID,L,Indonesia,Asia
Punan Bah-Biau,Austronesian,pna,MY,L,Malaysia,Asia
Punan Batu,Austronesian,pnm,MY,L,Malaysia,Asia
Punan Merah,Austronesian,puf,ID,L,Indonesia,Asia
Punan Merap,Austronesian,puc,ID,L,Indonesia,Asia
Punan Tubu,Austronesian,puj,ID,L,Indonesia,Asia
"Punjabi, Eastern",Indo-European,pan,IN,L,India,Asia
"Punjabi, Western",Indo-European,pnb,PK,L,Pakistan,Asia
Punthamara,Australian,xpt,AU,X,Australia,Pacific
Punu,Niger-Congo,puu,GA,L,Gabon,Africa
Puoc,Austro-Asiatic,puo,VN,L,Vietnam,Asia
Puquina,Language isolate,puq,BO,X,Bolivia,Americas
Puragi,Trans-New Guinea,pru,ID,L,Indonesia,Asia
Purari,Trans-New Guinea,iar,PG,L,Papua New Guinea,Pacific
Purepecha,Tarascan,tsz,MX,L,Mexico,Americas
"Purepecha, Western Highland",Tarascan,pua,MX,L,Mexico,Americas
Puri,Purian,prr,BR,L,Brazil,Americas
Purig,Sino-Tibetan,prx,IN,L,India,Asia
Purisimeño,Chumashan,puy,US,L,United States,Americas
Puroik,Sino-Tibetan,suv,IN,L,India,Asia
Puruborá,Tupian,pur,BR,L,Brazil,Americas
Purum,Sino-Tibetan,pub,IN,L,India,Asia
Putai,Afro-Asiatic,mfl,NG,L,Nigeria,Africa
Putoh,Austronesian,put,ID,L,Indonesia,Asia
Puyuma,Austronesian,pyu,TW,L,Taiwan,Asia
Pwaamei,Austronesian,pme,NC,L,New Caledonia,Pacific
Pwapwâ,Austronesian,pop,NC,L,New Caledonia,Pacific
Pyam,Niger-Congo,pym,NG,L,Nigeria,Africa
Pye,Niger-Congo,pai,NG,L,Nigeria,Africa
Pyen,Sino-Tibetan,pyy,MM,L,Myanmar,Asia
Pyu,Language isolate,pby,PG,L,Papua New Guinea,Pacific
Q’anjob’al,Mayan,kjb,GT,L,Guatemala,Americas
Qabiao,Kra-Dai,laq,VN,L,Vietnam,Asia
Qaqet,East New Britain,byx,PG,L,Papua New Guinea,Pacific
Qau,Kra-Dai,gqu,CN,L,China,Asia
Qawasqar,Kaweskaran,alc,CL,L,Chile,Americas
"Qiang, Northern",Sino-Tibetan,cng,CN,L,China,Asia
"Qiang, Southern",Sino-Tibetan,qxs,CN,L,China,Asia
Qimant,Afro-Asiatic,ahg,ET,L,Ethiopia,Africa
Quapaw,Siouan-Catawban,qua,US,L,United States,Americas
Quechan,Cochimí-Yuman,yum,US,L,United States,Americas
"Quechua, Ambo-Pasco",Quechuan,qva,PE,L,Peru,Americas
"Quechua, Arequipa-La Unión",Quechuan,qxu,PE,L,Peru,Americas
"Quechua, Ayacucho",Quechuan,quy,PE,L,Peru,Americas
"Quechua, Cajamarca",Quechuan,qvc,PE,L,Peru,Americas
"Quechua, Cajatambo North Lima",Quechuan,qvl,PE,L,Peru,Americas
"Quechua, Chachapoyas",Quechuan,quk,PE,L,Peru,Americas
"Quechua, Chaupihuaranga",Quechuan,qur,PE,L,Peru,Americas
"Quechua, Chincha",Quechuan,qxc,PE,L,Peru,Americas
"Quechua, Chiquián",Quechuan,qxa,PE,L,Peru,Americas
"Quechua, Corongo Ancash",Quechuan,qwa,PE,L,Peru,Americas
"Quechua, Cusco",Quechuan,quz,PE,L,Peru,Americas
"Quechua, Eastern Apurímac",Quechuan,qve,PE,L,Peru,Americas
"Quechua, Huallaga",Quechuan,qub,PE,L,Peru,Americas
"Quechua, Huamalíes-Dos de Mayo",Quechuan,qvh,PE,L,Peru,Americas
"Quechua, Huaylas Ancash",Quechuan,qwh,PE,L,Peru,Americas
"Quechua, Huaylla Wanca",Quechuan,qvw,PE,L,Peru,Americas
"Quechua, Jauja Wanca",Quechuan,qxw,PE,L,Peru,Americas
"Quechua, Lambayeque",Quechuan,quf,PE,L,Peru,Americas
"Quechua, Margos-Yarowilca-Lauricocha",Quechuan,qvm,PE,L,Peru,Americas
"Quechua, North Bolivian",Quechuan,qul,BO,L,Bolivia,Americas
"Quechua, North Junín",Quechuan,qvn,PE,L,Peru,Americas
"Quechua, Northern Conchucos",Quechuan,qxn,PE,L,Peru,Americas
"Quechua, Pacaraos",Quechuan,qvp,PE,L,Peru,Americas
"Quechua, Panao",Quechuan,qxh,PE,L,Peru,Americas
"Quechua, Puno",Quechuan,qxp,PE,L,Peru,Americas
"Quechua, San Martín",Quechuan,qvs,PE,L,Peru,Americas
"Quechua, Santa Ana de Tusi Pasco",Quechuan,qxt,PE,L,Peru,Americas
"Quechua, Sihuas Ancash",Quechuan,qws,PE,L,Peru,Americas
"Quechua, South Bolivian",Quechuan,quh,BO,L,Bolivia,Americas
"Quechua, Southern Conchucos",Quechuan,qxo,PE,L,Peru,Americas
"Quechua, Southern Pastaza",Quechuan,qup,PE,L,Peru,Americas
"Quechua, Yauyos",Quechuan,qux,PE,L,Peru,Americas
Queyu,Sino-Tibetan,qvy,CN,L,China,Asia
"Quichua, Calderón Highland",Quechuan,qud,EC,L,Ecuador,Americas
"Quichua, Cañar Highland",Quechuan,qxr,EC,L,Ecuador,Americas
"Quichua, Chimborazo Highland",Quechuan,qug,EC,L,Ecuador,Americas
"Quichua, Imbabura Highland",Quechuan,qvi,EC,L,Ecuador,Americas
"Quichua, Loja Highland",Quechuan,qvj,EC,L,Ecuador,Americas
"Quichua, Napo",Quechuan,qvo,PE,L,Peru,Americas
"Quichua, Northern Pastaza",Quechuan,qvz,EC,L,Ecuador,Americas
"Quichua, Salasaca Highland",Quechuan,qxl,EC,L,Ecuador,Americas
"Quichua, Santiago del Estero",Quechuan,qus,AR,L,Argentina,Americas
"Quichua, Tena Lowland",Quechuan,quw,EC,L,Ecuador,Americas
Quileute,Chimakuan,qui,US,L,United States,Americas
Quinault,Salish,qun,US,L,United States,Americas
Quiripi,Algic,qyp,US,X,United States,Americas
Qꞌeqchiꞌ,Mayan,kek,GT,L,Guatemala,Americas
Rabha,Sino-Tibetan,rah,IN,L,India,Asia
Rade,Austronesian,rad,VN,L,Vietnam,Asia
Rahambuu,Austronesian,raz,ID,L,Indonesia,Asia
Rajbanshi,Indo-European,rjs,NP,L,Nepal,Asia
Raji,Sino-Tibetan,rji,NP,L,Nepal,Asia
Rajong,Austronesian,rjg,ID,L,Indonesia,Asia
Rakahanga-Manihiki,Austronesian,rkh,CK,L,Cook Islands,Pacific
Rakhine,Sino-Tibetan,rki,MM,L,Myanmar,Asia
Ralte,Sino-Tibetan,ral,IN,L,India,Asia
Rama,Chibchan,rma,NI,L,Nicaragua,Americas
Ramoaaina,Austronesian,rai,PG,L,Papua New Guinea,Pacific
Ramopa,North Bougainville,kjx,PG,L,Papua New Guinea,Pacific
Rampi,Austronesian,lje,ID,L,Indonesia,Asia
Rang,Niger-Congo,rax,NG,L,Nigeria,Africa
Rangi,Niger-Congo,lag,TZ,L,Tanzania,Africa
Rangkas,Sino-Tibetan,rgk,IN,L,India,Asia
Ranglong,Sino-Tibetan,rnl,IN,L,India,Asia
Rangpuri,Indo-European,rkt,BD,L,Bangladesh,Asia
Rao,Ramu-Lower Sepik,rao,PG,L,Papua New Guinea,Pacific
Rapa,Austronesian,ray,PF,L,French Polynesia,Pacific
Rapa Nui,Austronesian,rap,CL,L,Chile,Americas
Rapoisi,North Bougainville,kyx,PG,L,Papua New Guinea,Pacific
Rapting,Trans-New Guinea,rpt,PG,L,Papua New Guinea,Pacific
Rasawa,Lakes Plain,rac,ID,L,Indonesia,Asia
Ratagnon,Austronesian,btn,PH,L,Philippines,Asia
Ratahan,Austronesian,rth,ID,L,Indonesia,Asia
Rathawi,Indo-European,rtw,IN,L,India,Asia
Raute,Sino-Tibetan,rau,NP,L,Nepal,Asia
Ravula,Dravidian,yea,IN,L,India,Asia
Rawa,Trans-New Guinea,rwo,PG,L,Papua New Guinea,Pacific
Rawang,Sino-Tibetan,raw,MM,L,Myanmar,Asia
Rawat,Sino-Tibetan,jnl,IN,L,India,Asia
Rawo,Skou,rwa,PG,L,Papua New Guinea,Pacific
Razajerdi,Indo-European,rat,IR,L,Iran,Asia
Rāziḥī,Afro-Asiatic,rzh,YE,L,Yemen,Asia
Reel,Nilo-Saharan,atu,SS,L,South Sudan,Africa
Rejang,Austronesian,rej,ID,L,Indonesia,Asia
Reli,Indo-European,rei,IN,L,India,Asia
Rema,South-Central Papuan,bow,PG,L,Papua New Guinea,Pacific
Rembarrnga,Australian,rmb,AU,L,Australia,Pacific
Rembong,Austronesian,reb,ID,L,Indonesia,Asia
Remo,Panoan,rem,PE,X,Peru,Americas
Rempi,Trans-New Guinea,rmp,PG,L,Papua New Guinea,Pacific
Remun,Austronesian,lkj,MY,L,Malaysia,Asia
Rendille,Afro-Asiatic,rel,KE,L,Kenya,Africa
Rengao,Austro-Asiatic,ren,VN,L,Vietnam,Asia
Rennell-Bellona,Austronesian,mnv,SB,L,Solomon Islands,Pacific
Repanbitip,Austronesian,rpn,VU,L,Vanuatu,Pacific
Rer Bare,Unclassified,rer,ET,X,Ethiopia,Africa
Rerau,Trans-New Guinea,rea,PG,L,Papua New Guinea,Pacific
Rerep,Austronesian,pgk,VU,L,Vanuatu,Pacific
Reshe,Niger-Congo,res,NG,L,Nigeria,Africa
Resígaro,Maipurean,rgr,PE,L,Peru,Americas
Reta,Trans-New Guinea,ret,ID,L,Indonesia,Asia
Réunion French Creole,Creole,rcf,RE,L,Réunion,Africa
Reyesano,Tacanan,rey,BO,L,Bolivia,Americas
Riang,Sino-Tibetan,ria,IN,L,India,Asia
Riang Lai,Austro-Asiatic,yin,MM,L,Myanmar,Asia
Riang Lang,Austro-Asiatic,ril,MM,L,Myanmar,Asia
Riantana,Trans-New Guinea,ran,ID,L,Indonesia,Asia
Ribun,Austronesian,rir,ID,L,Indonesia,Asia
Rifao,Austronesian,nmw,PG,L,Papua New Guinea,Pacific
Rigwe,Niger-Congo,iri,NG,L,Nigeria,Africa
Rikbaktsa,Language isolate,rkb,BR,L,Brazil,Americas
Rikou,Austronesian,rgu,ID,L,Indonesia,Asia
Ripuarian,Indo-European,ksh,DE,L,Germany,Europe
Ririo,Austronesian,rri,SB,L,Solomon Islands,Pacific
Rishiwa,Niger-Congo,rsw,NG,L,Nigeria,Africa
Ritharrngu,Australian,rit,AU,L,Australia,Pacific
Riung,Austronesian,riu,ID,L,Indonesia,Asia
Rjili,Niger-Congo,uji,NG,L,Nigeria,Africa
Rmeet,Austro-Asiatic,lbn,LA,L,Laos,Asia
Robambami,Niger-Congo,ibm,NG,L,Nigeria,Africa
"Roglai, Cacgia",Austronesian,roc,VN,L,Vietnam,Asia
"Roglai, Northern",Austronesian,rog,VN,L,Vietnam,Asia
"Roglai, Southern",Austronesian,rgs,VN,L,Vietnam,Asia
Rogo,Niger-Congo,rod,NG,L,Nigeria,Africa
Rohingya,Indo-European,rhg,MM,L,Myanmar,Asia
Rom,Afro-Asiatic,tdk,NG,L,Nigeria,Africa
Roma,Austronesian,rmm,ID,L,Indonesia,Asia
Romagnol,Indo-European,rgn,IT,L,Italy,Europe
Romam,Austro-Asiatic,rmx,VN,L,Vietnam,Asia
"Romani, Balkan",Indo-European,rmn,RS,L,Serbia,Europe
"Romani, Baltic",Indo-European,rml,PL,L,Poland,Europe
"Romani, Carpathian",Indo-European,rmc,SK,L,Slovakia,Europe
"Romani, Kalo Finnish",Indo-European,rmf,FI,L,Finland,Europe
"Romani, Sinte",Indo-European,rmo,DE,L,Germany,Europe
"Romani, Tavringer",Mixed language,rmu,SE,L,Sweden,Europe
"Romani, Vlax",Indo-European,rmy,RO,L,Romania,Europe
"Romani, Welsh",Indo-European,rmw,GB,L,United Kingdom,Europe
Romanian,Indo-European,ron,RO,L,Romania,Europe
"Romanian, Istro",Indo-European,ruo,HR,L,Croatia,Europe
"Romanian, Megleno",Indo-European,ruq,GR,L,Greece,Europe
Romano-Greek,Mixed language,rge,GR,L,Greece,Europe
Romano-Serbian,Mixed language,rsb,RS,L,Serbia,Europe
Romansh,Indo-European,roh,CH,L,Switzerland,Europe
Romblomanon,Austronesian,rol,PH,L,Philippines,Asia
Rombo,Niger-Congo,rof,TZ,L,Tanzania,Africa
Romkun,Ramu-Lower Sepik,rmk,PG,L,Papua New Guinea,Pacific
Ron,Afro-Asiatic,cla,NG,L,Nigeria,Africa
Ronga,Niger-Congo,rng,MZ,L,Mozambique,Africa
Rongga,Austronesian,ror,ID,L,Indonesia,Asia
Rongpo,Sino-Tibetan,rnp,IN,L,India,Asia
Roon,Austronesian,rnn,ID,L,Indonesia,Asia
Rotokas,North Bougainville,roo,PG,L,Papua New Guinea,Pacific
Rotuman,Austronesian,rtm,FJ,L,Fiji,Pacific
Roviana,Austronesian,rug,SB,L,Solomon Islands,Pacific
Rudbari,Indo-European,rdb,IR,L,Iran,Asia
Ruga,Sino-Tibetan,ruh,IN,L,India,Asia
Rukai,Austronesian,dru,TW,L,Taiwan,Asia
Ruma,Niger-Congo,ruz,NG,L,Nigeria,Africa
Rumu,Trans-New Guinea,klq,PG,L,Papua New Guinea,Pacific
Rundi,Niger-Congo,run,BI,L,Burundi,Africa
Runga,Nilo-Saharan,rou,TD,L,Chad,Africa
Rungus,Austronesian,drg,MY,L,Malaysia,Asia
Rungwa,Niger-Congo,rnw,TZ,L,Tanzania,Africa
Ruruuli-Runyala,Niger-Congo,ruc,UG,L,Uganda,Africa
Russian,Indo-European,rus,RU,L,Russian Federation,Europe
Rusyn,Indo-European,rue,UA,L,Ukraine,Europe
Ruthenian,Indo-European,rsk,RS,L,Serbia,Europe
Rutul,Nakh-Daghestanian,rut,RU,L,Russian Federation,Europe
Ruund,Niger-Congo,rnd,CD,L,Democratic Republic of the Congo,Africa
Ruwila,Niger-Congo,rwl,TZ,L,Tanzania,Africa
Rwa,Niger-Congo,rwk,TZ,L,Tanzania,Africa
Sa,Austronesian,sax,VU,L,Vanuatu,Pacific
Sa’ban,Austronesian,snv,MY,L,Malaysia,Asia
Saafi-Saafi,Niger-Congo,sav,SN,L,Senegal,Africa
Saam,Sino-Tibetan,raq,NP,L,Nepal,Asia
"Saami, Akkala",Uralic,sia,RU,L,Russian Federation,Europe
"Saami, Inari",Uralic,smn,FI,L,Finland,Europe
"Saami, Kemi",Uralic,sjk,FI,X,Finland,Europe
"Saami, Kildin",Uralic,sjd,RU,L,Russian Federation,Europe
"Saami, Lule",Uralic,smj,SE,L,Sweden,Europe
"Saami, North",Uralic,sme,NO,L,Norway,Europe
"Saami, Pite",Uralic,sje,SE,L,Sweden,Europe
"Saami, Skolt",Uralic,sms,FI,L,Finland,Europe
"Saami, South",Uralic,sma,SE,L,Sweden,Europe
"Saami, Ter",Uralic,sjt,RU,L,Russian Federation,Europe
"Saami, Ume",Uralic,sju,SE,L,Sweden,Europe
Saamya-Gwe,Niger-Congo,lsm,UG,L,Uganda,Africa
Saaroa,Austronesian,sxr,TW,L,Taiwan,Asia
Saba,Afro-Asiatic,saa,TD,L,Chad,Africa
Sabanê,Nambikwara,sae,BR,L,Brazil,Americas
Sabaot,Nilo-Saharan,spy,KE,L,Kenya,Africa
Sabüm,Austro-Asiatic,sbo,MY,L,Malaysia,Asia
Sadri,Indo-European,sck,IN,L,India,Asia
"Sadri, Oraon",Indo-European,sdr,BD,L,Bangladesh,Asia
Saek,Kra-Dai,skb,LA,L,Laos,Asia
Saep,Trans-New Guinea,spd,PG,L,Papua New Guinea,Pacific
Safaliba,Niger-Congo,saf,GH,L,Ghana,Africa
Safeyoka,Trans-New Guinea,apz,PG,L,Papua New Guinea,Pacific
Safwa,Niger-Congo,sbk,TZ,L,Tanzania,Africa
Sagala,Niger-Congo,sbm,TZ,L,Tanzania,Africa
Sagalla,Niger-Congo,tga,KE,L,Kenya,Africa
Saho,Afro-Asiatic,ssy,ER,L,Eritrea,Africa
Sahu,West Papuan,saj,ID,L,Indonesia,Asia
Saisiyat,Austronesian,xsy,TW,L,Taiwan,Asia
Sajau Basap,Austronesian,sjb,ID,L,Indonesia,Asia
Sakachep,Sino-Tibetan,sch,IN,L,India,Asia
Sakapulteko,Mayan,quv,GT,L,Guatemala,Americas
Sakata,Niger-Congo,skt,CD,L,Democratic Republic of the Congo,Africa
Sake,Niger-Congo,sak,GA,L,Gabon,Africa
Sakirabiá,Tupian,skf,BR,L,Brazil,Americas
Sakizaya,Austronesian,szy,TW,L,Taiwan,Asia
Sala,Niger-Congo,shq,ZM,L,Zambia,Africa
Salampasu,Niger-Congo,slx,CD,L,Democratic Republic of the Congo,Africa
Salar,Turkic,slr,CN,L,China,Asia
Salas,Austronesian,sgu,ID,L,Indonesia,Asia
Salawati,Austronesian,xmx,ID,L,Indonesia,Asia
Saleman,Austronesian,sau,ID,L,Indonesia,Asia
Saliba,Austronesian,sbe,PG,L,Papua New Guinea,Pacific
Sáliba,Sálivan,slc,CO,L,Colombia,Americas
Salinan,Language isolate,sln,US,L,United States,Americas
Sallands,Indo-European,sdz,NL,L,Netherlands,Europe
Saluan,Austronesian,loe,ID,L,Indonesia,Asia
Salumá,Cariban,slj,BR,L,Brazil,Americas
Sam,Trans-New Guinea,snx,PG,L,Papua New Guinea,Pacific
Sama,Trans-New Guinea,nis,PG,L,Papua New Guinea,Pacific
"Sama, Balangingih",Austronesian,sse,PH,L,Philippines,Asia
"Sama, Central",Austronesian,sml,PH,L,Philippines,Asia
"Sama, Pangutaran",Austronesian,slm,PH,L,Philippines,Asia
"Sama, Southern",Austronesian,ssb,PH,L,Philippines,Asia
Samaritan Aramaic,Afro-Asiatic,sam,PS,L,Palestine,Asia
Samaritan Hebrew,Afro-Asiatic,smp,PS,L,Palestine,Asia
Samarokena,Tor-Kwerba,tmj,ID,L,Indonesia,Asia
Samatao,Sino-Tibetan,ysd,CN,L,China,Asia
Samay,Niger-Congo,syx,GA,L,Gabon,Africa
Samba,Niger-Congo,smx,CD,L,Democratic Republic of the Congo,Africa
Samba Daka,Niger-Congo,ccg,NG,L,Nigeria,Africa
Samba Leko,Niger-Congo,ndi,NG,L,Nigeria,Africa
Sambal,Austronesian,xsb,PH,L,Philippines,Asia
"Sambal, Botolan",Austronesian,sbl,PH,L,Philippines,Asia
Sambalpuri,Indo-European,spv,IN,L,India,Asia
Sambe,Niger-Congo,xab,NG,X,Nigeria,Africa
Samberigi,Trans-New Guinea,ssx,PG,L,Papua New Guinea,Pacific
Samburu,Nilo-Saharan,saq,KE,L,Kenya,Africa
Samei,Sino-Tibetan,smh,CN,L,China,Asia
Samo,Trans-New Guinea,smq,PG,L,Papua New Guinea,Pacific
"Samo, Matya",Niger-Congo,stj,BF,L,Burkina Faso,Africa
"Samo, Maya",Niger-Congo,sym,BF,L,Burkina Faso,Africa
"Samo, Southern",Niger-Congo,sbd,BF,L,Burkina Faso,Africa
Samoan,Austronesian,smo,WS,L,Samoa,Pacific
Samogitian,Indo-European,sgs,LT,L,Lithuania,Europe
Samosa,Trans-New Guinea,swm,PG,L,Papua New Guinea,Pacific
Sampang,Sino-Tibetan,rav,NP,L,Nepal,Asia
Samre,Austro-Asiatic,sxm,KH,L,Cambodia,Asia
Samtao,Austro-Asiatic,stu,MM,L,Myanmar,Asia
Samvedi,Indo-European,smv,IN,L,India,Asia
San Miguel French Creole,Creole,scf,PA,X,Panama,Americas
Sanapaná,Mascoyan,spn,PY,L,Paraguay,Americas
Sandawe,Language isolate,sad,TZ,L,Tanzania,Africa
Sanga,Niger-Congo,,,,Namibia,Africa
Sanga,Niger-Congo,,,,Namibia,Africa
Sanggau,Austronesian,scg,ID,L,Indonesia,Asia
Sangil,Austronesian,snl,PH,L,Philippines,Asia
Sangir,Austronesian,sxn,ID,L,Indonesia,Asia
Sangisari,Indo-European,sgr,IR,L,Iran,Asia
Sangkong,Sino-Tibetan,sgk,CN,L,China,Asia
Sanglechi,Indo-European,sgy,AF,L,Afghanistan,Asia
Sango,Creole,sag,CF,L,Central African Republic,Africa
"Sango, Riverain",Creole,snj,CF,L,Central African Republic,Africa
Sangu,Niger-Congo,,,,Namibia,Africa
Sangu,Niger-Congo,,,,Namibia,Africa
Sani,Sino-Tibetan,ysn,CN,L,China,Asia
Sanie,Sino-Tibetan,ysy,CN,L,China,Asia
Saniyo-Hiyewe,Sepik,sny,PG,L,Papua New Guinea,Pacific
Sanka,Chibchan,mbp,CO,L,Colombia,Americas
Sansi,Indo-European,ssi,IN,L,India,Asia
Sanskrit,Indo-European,san,IN,L,India,Asia
Santhali,Austro-Asiatic,sat,IN,L,India,Asia
Sanumá,Yanomaman,xsu,VE,L,Venezuela,Americas
Sãotomense,Creole,cri,ST,L,São Tomé e Príncipe,Africa
Saparua,Austronesian,spr,ID,L,Indonesia,Asia
Sapé,Language isolate,spc,VE,L,Venezuela,Americas
Sapo,Niger-Congo,krn,LR,L,Liberia,Africa
Saponi,Lakes Plain,spi,ID,X,Indonesia,Asia
Saposa,Austronesian,sps,PG,L,Papua New Guinea,Pacific
Sapuan,Austro-Asiatic,spu,LA,L,Laos,Asia
Sar,Nilo-Saharan,mwm,TD,L,Chad,Africa
Sara Kaba,Nilo-Saharan,sbz,CF,L,Central African Republic,Africa
Saraiki,Indo-European,skr,PK,L,Pakistan,Asia
Saramaccan,Creole,srm,SR,L,Suriname,Americas
Sarasira,Austronesian,zsa,PG,L,Papua New Guinea,Pacific
Saraveca,Maipurean,sar,BO,X,Bolivia,Americas
"Sardinian, Campidanese",Indo-European,sro,IT,L,Italy,Europe
"Sardinian, Gallurese",Indo-European,sdn,IT,L,Italy,Europe
"Sardinian, Logudorese",Indo-European,src,IT,L,Italy,Europe
"Sardinian, Sassarese",Indo-European,sdc,IT,L,Italy,Europe
Sari,Niger-Congo,asj,CM,L,Cameroon,Africa
Sarikoli,Indo-European,srh,CN,L,China,Asia
Sartang,Sino-Tibetan,onp,IN,L,India,Asia
Sarua,Afro-Asiatic,swy,TD,L,Chad,Africa
Sarudu,Austronesian,sdu,ID,L,Indonesia,Asia
Saruga,Trans-New Guinea,sra,PG,L,Papua New Guinea,Pacific
Sasak,Austronesian,sas,ID,L,Indonesia,Asia
Sasaru,Niger-Congo,sxs,NG,L,Nigeria,Africa
Satawalese,Austronesian,stw,FM,L,Micronesia,Pacific
Sateré-Mawé,Tupian,mav,BR,L,Brazil,Americas
Saterfriesisch,Indo-European,stq,DE,L,Germany,Europe
Sauri,East Geelvink Bay,srt,ID,L,Indonesia,Asia
Sauria Paharia,Dravidian,mjt,IN,L,India,Asia
Sause,Tor-Kwerba,sao,ID,L,Indonesia,Asia
Savi,Indo-European,sdg,AF,L,Afghanistan,Asia
Savosavo,Central Solomons,svs,SB,L,Solomon Islands,Pacific
Sawai,Austronesian,szw,ID,L,Indonesia,Asia
Saweru,West Papuan,swr,ID,L,Indonesia,Asia
Sawi,Trans-New Guinea,saw,ID,L,Indonesia,Asia
Sawila,Trans-New Guinea,swt,ID,L,Indonesia,Asia
Sawiyanu,Arai (Left May),amm,PG,L,Papua New Guinea,Pacific
Sawknah,Afro-Asiatic,swn,LY,X,Libya,Africa
"Saxon, East Frisian Low",Indo-European,frs,DE,L,Germany,Europe
"Saxon, Low",Indo-European,nds,DE,L,Germany,Europe
"Saxon, Upper",Indo-European,sxu,DE,L,Germany,Europe
Saya,Afro-Asiatic,say,NG,L,Nigeria,Africa
Saꞌa,Austronesian,apb,SB,L,Solomon Islands,Pacific
Scots,Indo-European,sco,GB,L,United Kingdom,Europe
Scottish Gaelic,Indo-European,gla,GB,L,United Kingdom,Europe
Sea Island English Creole,Creole,gul,US,L,United States,Americas
Seba,Niger-Congo,kdg,CD,L,Democratic Republic of the Congo,Africa
Sebat Bet Gurage,Afro-Asiatic,sgw,ET,L,Ethiopia,Africa
Seberuang,Austronesian,sbx,ID,L,Indonesia,Asia
Sebop,Austronesian,sib,MY,L,Malaysia,Asia
Sechelt,Salish,sec,CA,L,Canada,Americas
Sedang,Austro-Asiatic,sed,VN,L,Vietnam,Asia
Sediq,Austronesian,trv,TW,L,Taiwan,Asia
Sedoa,Austronesian,tvw,ID,L,Indonesia,Asia
Seenku,Niger-Congo,sos,BF,L,Burkina Faso,Africa
Segai,Austronesian,sge,ID,L,Indonesia,Asia
Segeju,Niger-Congo,seg,TZ,L,Tanzania,Africa
Seimat,Austronesian,ssg,PG,L,Papua New Guinea,Pacific
Seit-Kaitetu,Austronesian,hik,ID,L,Indonesia,Asia
Sekak,Austronesian,lce,ID,L,Indonesia,Asia
Sekani,Eyak-Athabaskan,sek,CA,L,Canada,Americas
Sekapan,Austronesian,skp,MY,L,Malaysia,Asia
Sekar,Austronesian,skz,ID,L,Indonesia,Asia
Seke,Sino-Tibetan,skj,NP,L,Nepal,Asia
Seki,Niger-Congo,syi,GA,L,Gabon,Africa
Seko Padang,Austronesian,skx,ID,L,Indonesia,Asia
Seko Tengah,Austronesian,sko,ID,L,Indonesia,Asia
Sekpele,Niger-Congo,lip,GH,L,Ghana,Africa
Selaru,Austronesian,slu,ID,L,Indonesia,Asia
Selayar,Austronesian,sly,ID,L,Indonesia,Asia
Selee,Niger-Congo,snw,GH,L,Ghana,Africa
Selepet,Trans-New Guinea,spl,PG,L,Papua New Guinea,Pacific
Selkup,Uralic,sel,RU,L,Russian Federation,Europe
Seluwasan,Austronesian,sws,ID,L,Indonesia,Asia
Semai,Austro-Asiatic,sea,MY,L,Malaysia,Asia
Semandang,Austronesian,sdq,ID,L,Indonesia,Asia
Semaq Beri,Austro-Asiatic,szc,MY,L,Malaysia,Asia
Semelai,Austro-Asiatic,sza,MY,L,Malaysia,Asia
Semimi,Mairasi,etz,ID,L,Indonesia,Asia
Semnam,Austro-Asiatic,ssm,MY,L,Malaysia,Asia
Semnani,Indo-European,smy,IR,L,Iran,Asia
Sempan,Trans-New Guinea,xse,ID,L,Indonesia,Asia
Sena,Niger-Congo,seh,MZ,L,Mozambique,Africa
"Sena, Malawi",Niger-Congo,swk,MW,L,Malawi,Africa
Senaya,Afro-Asiatic,syn,IR,L,Iran,Asia
Sene,Trans-New Guinea,sej,PG,X,Papua New Guinea,Pacific
Seneca,Iroquoian,see,US,L,United States,Americas
Sened,Afro-Asiatic,sds,TN,X,Tunisia,Africa
Sengele,Niger-Congo,szg,CD,L,Democratic Republic of the Congo,Africa
Sengo,Sepik,spk,PG,L,Papua New Guinea,Pacific
Sengseng,Austronesian,ssz,PG,L,Papua New Guinea,Pacific
Senhaja Berber,Afro-Asiatic,sjs,MA,L,Morocco,Africa
"Sénoufo, Cebaara",Niger-Congo,sef,CI,L,Côte d’Ivoire,Africa
"Sénoufo, Djimini",Niger-Congo,dyi,CI,L,Côte d’Ivoire,Africa
"Sénoufo, Mamara",Niger-Congo,myk,ML,L,Mali,Africa
"Sénoufo, Nanerigé",Niger-Congo,sen,BF,L,Burkina Faso,Africa
"Sénoufo, Nyarafolo",Niger-Congo,sev,CI,L,Côte d’Ivoire,Africa
"Sénoufo, Palaka",Niger-Congo,plr,CI,L,Côte d’Ivoire,Africa
"Sénoufo, Senara",Niger-Congo,seq,BF,L,Burkina Faso,Africa
"Sénoufo, Shempire",Niger-Congo,seb,CI,L,Côte d’Ivoire,Africa
"Sénoufo, Sìcìté",Niger-Congo,sep,BF,L,Burkina Faso,Africa
"Sénoufo, Supyire",Niger-Congo,spp,ML,L,Mali,Africa
"Sénoufo, Syenara",Niger-Congo,shz,ML,L,Mali,Africa
"Sénoufo, Tagwana",Niger-Congo,tgw,CI,L,Côte d’Ivoire,Africa
Sensi,Panoan,sni,PE,X,Peru,Americas
Sentani,East Bird’s Head-Sentani,set,ID,L,Indonesia,Asia
Sentinel,Andamanese,std,IN,L,India,Asia
Sepa,Austronesian,,,,Namibia,Africa
Sepa,Austronesian,,,,Namibia,Africa
Sera,Austronesian,sry,PG,L,Papua New Guinea,Pacific
Serbian,Indo-European,srp,RS,L,Serbia,Europe
Sere,Niger-Congo,swf,CD,L,Democratic Republic of the Congo,Africa
Serer-Sine,Niger-Congo,srr,SN,L,Senegal,Africa
Seri,Language isolate,sei,MX,L,Mexico,Americas
Serili,Austronesian,sve,ID,L,Indonesia,Asia
Seroa,Tuu,kqu,ZA,X,South Africa,Africa
Serrano,Uto-Aztecan,ser,US,L,United States,Americas
Serua,Austronesian,srw,ID,X,Indonesia,Asia
Serui-Laut,Austronesian,seu,ID,L,Indonesia,Asia
Seta,Torricelli,stf,PG,L,Papua New Guinea,Pacific
Setaman,Trans-New Guinea,stm,PG,L,Papua New Guinea,Pacific
Seti,Torricelli,sbi,PG,L,Papua New Guinea,Pacific
Setswana,Niger-Congo,tsn,BW,L,Botswana,Africa
Settla,Pidgin,sta,ZM,L,Zambia,Africa
Sewa Bay,Austronesian,sew,PG,L,Papua New Guinea,Pacific
Seychelles French Creole,Creole,crs,SC,L,Seychelles,Africa
Seze,Afro-Asiatic,sze,ET,L,Ethiopia,Africa
Sgi Bara,Trans-New Guinea,jil,PG,L,Papua New Guinea,Pacific
Shabak,Indo-European,sdb,IQ,L,Iraq,Asia
Shabo,Language isolate,sbf,ET,L,Ethiopia,Africa
Shahmirzadi,Indo-European,srz,IR,L,Iran,Asia
Shahrudi,Indo-European,shm,IR,L,Iran,Asia
Shall-Zwall,Niger-Congo,sha,NG,L,Nigeria,Africa
Shama-Sambuga,Niger-Congo,sqa,NG,L,Nigeria,Africa
Shamang,Niger-Congo,xsh,NG,L,Nigeria,Africa
Shambala,Niger-Congo,ksb,TZ,L,Tanzania,Africa
Shan,Kra-Dai,shn,MM,L,Myanmar,Asia
Shanenawa,Panoan,swo,BR,L,Brazil,Americas
Shanga,Niger-Congo,sho,NG,L,Nigeria,Africa
Sharanahua,Panoan,mcd,PE,L,Peru,Americas
Sharwa,Afro-Asiatic,swq,CM,L,Cameroon,Africa
Shasta,Language isolate,sht,US,X,United States,Americas
Shatt,Nilo-Saharan,shj,SD,L,Sudan,Africa
Shau,Niger-Congo,sqh,NG,X,Nigeria,Africa
Shawi,Cahuapanan,cbt,PE,L,Peru,Americas
Shawnee,Algic,sjw,US,L,United States,Americas
She,Hmong-Mien,shx,CN,L,China,Asia
Shehri,Afro-Asiatic,shv,OM,L,Oman,Asia
Shekhawati,Indo-European,swv,IN,L,India,Asia
Shekkacho,Afro-Asiatic,moy,ET,L,Ethiopia,Africa
Sheko,Afro-Asiatic,she,ET,L,Ethiopia,Africa
Shelta,Mixed language,sth,IE,L,Ireland,Europe
Shendu,Sino-Tibetan,shl,IN,L,India,Asia
Sheni,Niger-Congo,scv,NG,L,Nigeria,Africa
Sherbro,Niger-Congo,bun,SL,L,Sierra Leone,Africa
Sherdukpen,Sino-Tibetan,sdp,IN,L,India,Asia
Sherpa,Sino-Tibetan,xsr,NP,L,Nepal,Asia
Shi,Niger-Congo,shr,CD,L,Democratic Republic of the Congo,Africa
Shiki,Niger-Congo,gua,NG,L,Nigeria,Africa
Shilluk,Nilo-Saharan,shk,SS,L,South Sudan,Africa
Shina,Indo-European,scl,PK,L,Pakistan,Asia
"Shina, Kohistani",Indo-European,plk,PK,L,Pakistan,Asia
Shipibo-Conibo,Panoan,shp,PE,L,Peru,Americas
Sholaga,Dravidian,sle,IN,L,India,Asia
Shom Peng,Austro-Asiatic,sii,IN,L,India,Asia
Shona,Niger-Congo,sna,ZW,L,Zimbabwe,Africa
Shoo-Minda-Nye,Niger-Congo,bcv,NG,L,Nigeria,Africa
Shor,Turkic,cjs,RU,L,Russian Federation,Europe
Shoshoni,Uto-Aztecan,shh,US,L,United States,Americas
Shua,Khoe-Kwadi,shg,BW,L,Botswana,Africa
Shuadit,Indo-European,sdt,FR,X,France,Europe
Shuar,Jivaroan,jiv,EC,L,Ecuador,Americas
Shubi,Niger-Congo,suj,TZ,L,Tanzania,Africa
Shughni,Indo-European,sgh,TJ,L,Tajikistan,Asia
Shuhi,Sino-Tibetan,sxg,CN,L,China,Asia
Shumashti,Indo-European,sts,AF,L,Afghanistan,Asia
Shumcho,Sino-Tibetan,scu,IN,L,India,Asia
Shuswap,Salish,shs,CA,L,Canada,Americas
Shwai,Niger-Congo,shw,SD,L,Sudan,Africa
Sialum,Trans-New Guinea,slw,PG,L,Papua New Guinea,Pacific
Siamou,Niger-Congo,sif,BF,L,Burkina Faso,Africa
Siane,Trans-New Guinea,snp,PG,L,Papua New Guinea,Pacific
Siang,Austronesian,sya,ID,L,Indonesia,Asia
Siar-Lak,Austronesian,sjr,PG,L,Papua New Guinea,Pacific
Siawi,Amto-Musan,mmp,PG,L,Papua New Guinea,Pacific
Sibe,South Bougainville,nco,PG,L,Papua New Guinea,Pacific
Siberian Tatar,Turkic,sty,RU,L,Russian Federation,Europe
Sicilian,Indo-European,scn,IT,L,Italy,Europe
Sidaama,Afro-Asiatic,sid,ET,L,Ethiopia,Africa
Sie,Austronesian,erg,VU,L,Vanuatu,Pacific
Sighu,Niger-Congo,sxe,GA,L,Gabon,Africa
Sihan,Austronesian,,,,Namibia,Africa
Sihan,Trans-New Guinea,,,,Namibia,Africa
Sika,Austronesian,ski,ID,L,Indonesia,Asia
Sikaiana,Austronesian,sky,SB,L,Solomon Islands,Pacific
Sikaritai,Lakes Plain,tty,ID,L,Indonesia,Asia
Sikiana,Cariban,sik,BR,L,Brazil,Americas
Sikkimese,Sino-Tibetan,sip,IN,L,India,Asia
Sikule,Austronesian,skh,ID,L,Indonesia,Asia
Sila,Sino-Tibetan,slt,LA,L,Laos,Asia
Silesian,Indo-European,szl,PL,L,Poland,Europe
"Silesian, Lower",Indo-European,sli,PL,L,Poland,Europe
Silimo,Trans-New Guinea,wul,ID,L,Indonesia,Asia
Siliput,Torricelli,mkc,PG,L,Papua New Guinea,Pacific
Silopi,Trans-New Guinea,xsp,PG,L,Papua New Guinea,Pacific
Silt’e,Afro-Asiatic,stv,ET,L,Ethiopia,Africa
Simaa,Niger-Congo,sie,ZM,L,Zambia,Africa
Simba,Niger-Congo,sbw,GA,L,Gabon,Africa
Simbali,East New Britain,smg,PG,L,Papua New Guinea,Pacific
Simbari,Trans-New Guinea,smb,PG,L,Papua New Guinea,Pacific
Simbo,Austronesian,sbb,SB,L,Solomon Islands,Pacific
Simeku,South Bougainville,smz,PG,L,Papua New Guinea,Pacific
Simeulue,Austronesian,smr,ID,L,Indonesia,Asia
Simte,Sino-Tibetan,smt,IN,L,India,Asia
Sinagen,Torricelli,siu,PG,L,Papua New Guinea,Pacific
Sinasina,Trans-New Guinea,sst,PG,L,Papua New Guinea,Pacific
Sinaugoro,Austronesian,snc,PG,L,Papua New Guinea,Pacific
Sindhi,Indo-European,snd,PK,L,Pakistan,Asia
Sindhi Bhil,Indo-European,sbn,PK,L,Pakistan,Asia
Singa,Niger-Congo,sgm,KE,X,Kenya,Africa
Singpho,Sino-Tibetan,sgp,IN,L,India,Asia
Sinhala,Indo-European,sin,LK,L,Sri Lanka,Asia
Sinicized Miao,Hmong-Mien,hmz,CN,L,China,Asia
Sininkere,Niger-Congo,skq,BF,L,Burkina Faso,Africa
Sinyar,Nilo-Saharan,sys,TD,L,Chad,Africa
Sio,Austronesian,xsi,PG,L,Papua New Guinea,Pacific
Siona,Tucanoan,snn,CO,L,Colombia,Americas
Sipakapense,Mayan,qum,GT,L,Guatemala,Americas
Sira,Niger-Congo,swj,GA,L,Gabon,Africa
Siraya,Austronesian,fos,TW,L,Taiwan,Asia
Siri,Afro-Asiatic,sir,NG,L,Nigeria,Africa
Siriano,Tucanoan,sri,CO,L,Colombia,Americas
Sirionó,Tupian,srq,BO,L,Bolivia,Americas
Sirmauri,Indo-European,srx,IN,L,India,Asia
Siroi,Trans-New Guinea,ssd,PG,L,Papua New Guinea,Pacific
Sirva,Trans-New Guinea,sbq,PG,L,Papua New Guinea,Pacific
"Sisaala, Tumulung",Niger-Congo,sil,GH,L,Ghana,Africa
"Sisaala, Western",Niger-Congo,ssl,GH,L,Ghana,Africa
Sîshëë,Austronesian,sih,NC,L,New Caledonia,Pacific
Sissala,Niger-Congo,sld,BF,L,Burkina Faso,Africa
Siuslaw,Language isolate,sis,US,L,United States,Americas
Sivandi,Indo-European,siy,IR,L,Iran,Asia
Siwi,Afro-Asiatic,siz,EG,L,Egypt,Africa
Siwu,Niger-Congo,akp,GH,L,Ghana,Africa
Skagit,Salish,ska,US,L,United States,Americas
Ske,Austronesian,ske,VU,L,Vanuatu,Pacific
Skepi Dutch Creole,Creole,skw,GY,X,Guyana,Americas
Skou,Skou,skv,ID,L,Indonesia,Asia
"Slavey, North",Eyak-Athabaskan,scs,CA,L,Canada,Americas
"Slavey, South",Eyak-Athabaskan,xsl,CA,L,Canada,Americas
Slavomolisano,Indo-European,svm,IT,L,Italy,Europe
"Slavonic, Church",Indo-European,chu,RU,L,Russian Federation,Europe
Slovak,Indo-European,slk,SK,L,Slovakia,Europe
Slovene,Indo-European,slv,SI,L,Slovenia,Europe
Snohomish,Salish,sno,US,L,United States,Americas
So,Austro-Asiatic,,,,Namibia,Africa
So,Niger-Congo,,,,Namibia,Africa
So’a,Austronesian,ssq,ID,L,Indonesia,Asia
Sob,Trans-New Guinea,urw,PG,L,Papua New Guinea,Pacific
Sobei,Austronesian,sob,ID,L,Indonesia,Asia
Soga,Niger-Congo,xog,UG,L,Uganda,Africa
Soi,Indo-European,soj,IR,L,Iran,Asia
Sokoro,Afro-Asiatic,sok,TD,L,Chad,Africa
Solano,Unclassified,xso,MX,X,Mexico,Americas
Soli,Niger-Congo,sby,ZM,L,Zambia,Africa
Solong,Austronesian,aaw,PG,L,Papua New Guinea,Pacific
Solos,Austronesian,sol,PG,L,Papua New Guinea,Pacific
Somali,Afro-Asiatic,som,SO,L,Somalia,Africa
Somba-Siawari,Trans-New Guinea,bmu,PG,L,Papua New Guinea,Pacific
Somray,Austro-Asiatic,smu,KH,L,Cambodia,Asia
Somyev,Niger-Congo,kgt,NG,L,Nigeria,Africa
Sonaga,Sino-Tibetan,ysg,CN,L,China,Asia
Sonde,Niger-Congo,shc,CD,L,Democratic Republic of the Congo,Africa
Songe,Niger-Congo,sop,CD,L,Democratic Republic of the Congo,Africa
"Songhay, Humburi Senni",Nilo-Saharan,hmb,ML,L,Mali,Africa
"Songhay, Koyra Chiini",Nilo-Saharan,khq,ML,L,Mali,Africa
"Songhay, Koyraboro Senni",Nilo-Saharan,ses,ML,L,Mali,Africa
Songo,Niger-Congo,,,,Namibia,Africa
Songo,Niger-Congo,,,,Namibia,Africa
Songoora,Niger-Congo,sod,CD,L,Democratic Republic of the Congo,Africa
Sonha,Indo-European,soi,NP,L,Nepal,Asia
Sonia,Trans-New Guinea,siq,PG,L,Papua New Guinea,Pacific
Soninke,Niger-Congo,snk,ML,L,Mali,Africa
Sonsorolese,Austronesian,sov,PW,L,Palau,Pacific
Soo,Nilo-Saharan,teu,UG,L,Uganda,Africa
Soq,Trans-New Guinea,mdc,PG,L,Papua New Guinea,Pacific
Soqotri,Afro-Asiatic,sqt,YE,L,Yemen,Asia
Sora,Austro-Asiatic,srb,IN,L,India,Asia
"Sorbian, Lower",Indo-European,dsb,DE,L,Germany,Europe
"Sorbian, Upper",Indo-European,hsb,DE,L,Germany,Europe
Sori-Harengan,Austronesian,sbh,PG,L,Papua New Guinea,Pacific
Sorkhei,Indo-European,sqo,IR,L,Iran,Asia
Soro-n Raki,Austronesian,akr,VU,L,Vanuatu,Pacific
"Sorsoganon, Northern",Austronesian,bks,PH,L,Philippines,Asia
"Sorsoganon, Southern",Austronesian,srv,PH,L,Philippines,Asia
Sos Kundi,Sepik,sdk,PG,L,Papua New Guinea,Pacific
"Sotho, Northern",Niger-Congo,nso,ZA,L,South Africa,Africa
"Sotho, Southern",Niger-Congo,sot,LS,L,Lesotho,Africa
Sou,Austro-Asiatic,sqq,LA,L,Laos,Asia
Sou Nama,Austronesian,tlt,ID,L,Indonesia,Asia
Sou Puan,Austronesian,bzn,ID,L,Indonesia,Asia
Sou Upaa,Austronesian,wha,ID,L,Indonesia,Asia
Sougb,East Bird’s Head-Sentani,mnx,ID,L,Indonesia,Asia
Soumraye,Afro-Asiatic,sor,TD,L,Chad,Africa
Sourashtra,Indo-European,saz,IN,L,India,Asia
Southern Kalapuya,Takelman,sxk,US,X,United States,Americas
Southern Lushootseed,Salish,slh,US,L,United States,Americas
Sowa,Austronesian,sww,VU,L,Vanuatu,Pacific
Sowanda,Border,sow,PG,L,Papua New Guinea,Pacific
Sowari,East Bird’s Head-Sentani,dmy,ID,L,Indonesia,Asia
Spanish,Indo-European,spa,ES,L,Spain,Europe
"Spanish, Charapa",Indo-European,spq,PE,L,Peru,Americas
Spiti Bhoti,Sino-Tibetan,spt,IN,L,India,Asia
Spokane,Salish,spo,US,L,United States,Americas
Squamish,Salish,squ,CA,L,Canada,Americas
Sranan Tongo,Creole,srn,SR,L,Suriname,Americas
Sri Lankan Malay Creole,Creole,sci,LK,L,Sri Lanka,Asia
Stellingwerfs,Indo-European,stl,NL,L,Netherlands,Europe
"Stieng, Budeh",Austro-Asiatic,stt,VN,L,Vietnam,Asia
"Stieng, Bulo",Austro-Asiatic,sti,VN,L,Vietnam,Asia
Stod Bhoti,Sino-Tibetan,sbu,IN,L,India,Asia
sTodsde,Sino-Tibetan,jih,CN,L,China,Asia
Stoney,Siouan-Catawban,sto,CA,L,Canada,Americas
Su’ung,Austro-Asiatic,syo,KH,L,Cambodia,Asia
Suabo,Trans-New Guinea,szp,ID,L,Indonesia,Asia
Suau,Austronesian,swp,PG,L,Papua New Guinea,Pacific
Suba,Niger-Congo,sxb,KE,L,Kenya,Africa
Suba-Simbiti,Niger-Congo,ssc,TZ,L,Tanzania,Africa
"Subanen, Central",Austronesian,syb,PH,L,Philippines,Asia
"Subanen, Eastern",Austronesian,sfe,PH,L,Philippines,Asia
"Subanen, Northern",Austronesian,stb,PH,L,Philippines,Asia
"Subanen, Southern",Austronesian,laa,PH,L,Philippines,Asia
"Subanon, Kolibugan",Austronesian,skn,PH,L,Philippines,Asia
"Subanon, Western",Austronesian,suc,PH,L,Philippines,Asia
Subi,Niger-Congo,xsj,TZ,L,Tanzania,Africa
Subtiaba,Otomanguean,sut,NI,L,Nicaragua,Americas
Sudest,Austronesian,tgo,PG,L,Papua New Guinea,Pacific
Sudovian,Indo-European,xsv,PL,X,Poland,Europe
Suena,Trans-New Guinea,sue,PG,L,Papua New Guinea,Pacific
Suganga,Trans-New Guinea,sug,PG,L,Papua New Guinea,Pacific
Sugut Dusun,Austronesian,kzs,MY,L,Malaysia,Asia
Sui,Kra-Dai,swi,CN,L,China,Asia
Suki,Trans-New Guinea,sui,PG,L,Papua New Guinea,Pacific
Suku,Niger-Congo,sub,CD,L,Democratic Republic of the Congo,Africa
Sukuma,Niger-Congo,suk,TZ,L,Tanzania,Africa
Sukur,Afro-Asiatic,syk,NG,L,Nigeria,Africa
Sukurum,Austronesian,zsu,PG,L,Papua New Guinea,Pacific
Sula,Austronesian,szn,ID,L,Indonesia,Asia
Sulka,Language isolate,sua,PG,L,Papua New Guinea,Pacific
Sulod,Austronesian,srg,PH,L,Philippines,Asia
Suma,Niger-Congo,sqm,CF,L,Central African Republic,Africa
Sumariup,Sepik,siv,PG,L,Papua New Guinea,Pacific
Sumau,Trans-New Guinea,six,PG,L,Papua New Guinea,Pacific
Sumbawa,Austronesian,smw,ID,L,Indonesia,Asia
Sumbwa,Niger-Congo,suw,TZ,L,Tanzania,Africa
Sunam,Sino-Tibetan,ssk,IN,L,India,Asia
Sunda,Austronesian,sun,ID,L,Indonesia,Asia
Sunum,Austronesian,ymn,ID,L,Indonesia,Asia
Sunwar,Sino-Tibetan,suz,NP,L,Nepal,Asia
Supapya,Niger-Congo,bbw,CM,L,Cameroon,Africa
Surbakhal,Nilo-Saharan,sbj,TD,L,Chad,Africa
Surgujia,Indo-European,sgj,IN,L,India,Asia
"Suri, Kacipo-Bale",Nilo-Saharan,koe,SS,L,South Sudan,Africa
"Suri, Tirmaga-Chai",Nilo-Saharan,suq,ET,L,Ethiopia,Africa
Surigaonon,Austronesian,sgd,PH,L,Philippines,Asia
Surjapuri,Indo-European,sjp,IN,L,India,Asia
Sursurunga,Austronesian,sgz,PG,L,Papua New Guinea,Pacific
Suruahá,Arauan,swx,BR,L,Brazil,Americas
Suruí,Tupian,sru,BR,L,Brazil,Americas
Suruí do Pará,Tupian,mdz,BR,L,Brazil,Americas
Susquehannock,Iroquoian,sqn,US,X,United States,Americas
Susu,Niger-Congo,sus,GN,L,Guinea,Africa
Susuami,Trans-New Guinea,ssu,PG,L,Papua New Guinea,Pacific
Suundi,Niger-Congo,sdj,CG,L,Congo,Africa
Suwawa,Austronesian,swu,ID,L,Indonesia,Asia
Suyá,Jean,suy,BR,L,Brazil,Americas
Svan,Kartvelian,sva,GE,L,Georgia,Asia
Swabian,Indo-European,swg,DE,L,Germany,Europe
Swahili,Niger-Congo,swh,TZ,L,Tanzania,Africa
Swahili,Niger-Congo,swh,TZ,L,Tanzania,Africa
"Swahili, Congo",Niger-Congo,swc,CD,L,Democratic Republic of the Congo,Africa
Swati,Niger-Congo,ssw,SZ,L,Eswatini,Africa
Swedish,Indo-European,swe,SE,L,Sweden,Europe
Swo,Niger-Congo,sox,CM,L,Cameroon,Africa
Sya,Afro-Asiatic,scw,NG,L,Nigeria,Africa
Sylheti,Indo-European,syl,BD,L,Bangladesh,Asia
Syriac,Afro-Asiatic,syc,TR,L,Turkey,Asia
Syuba,Sino-Tibetan,syw,NP,L,Nepal,Asia
T’en,Kra-Dai,tct,CN,L,China,Asia
"Ta’oih, Lower",Austro-Asiatic,tto,LA,L,Laos,Asia
"Ta’oih, Upper",Austro-Asiatic,tth,LA,L,Laos,Asia
Taa,Tuu,nmn,BW,L,Botswana,Africa
Taabwa,Niger-Congo,tap,CD,L,Democratic Republic of the Congo,Africa
Tabaru,West Papuan,tby,ID,L,Indonesia,Asia
Tabasaran,Nakh-Daghestanian,tab,RU,L,Russian Federation,Europe
Tabla,East Bird’s Head-Sentani,tnm,ID,L,Indonesia,Asia
Tabo,South-Central Papuan,knv,PG,L,Papua New Guinea,Pacific
Taburta,Lakes Plain,tbp,ID,L,Indonesia,Asia
Tacana,Tacanan,tna,BO,L,Bolivia,Americas
Tachawit,Afro-Asiatic,shy,DZ,L,Algeria,Africa
Tachelhit,Afro-Asiatic,shi,MA,L,Morocco,Africa
Tadaksahak,Nilo-Saharan,dsq,ML,L,Mali,Africa
Tado,Austronesian,klw,ID,L,Indonesia,Asia
Tadyawan,Austronesian,tdy,PH,L,Philippines,Asia
Tae’,Austronesian,rob,ID,L,Indonesia,Asia
Tafi,Niger-Congo,tcd,GH,L,Ghana,Africa
Tagabawa,Austronesian,bgs,PH,L,Philippines,Asia
Tagakolu,Austronesian,klg,PH,L,Philippines,Asia
Tagalaka,Australian,tgz,AU,X,Australia,Pacific
Tagalog,Austronesian,tgl,PH,L,Philippines,Asia
Tagargrent,Afro-Asiatic,oua,DZ,L,Algeria,Africa
Tagbanwa,Austronesian,tbw,PH,L,Philippines,Asia
"Tagbanwa, Calamian",Austronesian,tbk,PH,L,Philippines,Asia
"Tagbanwa, Central",Austronesian,tgt,PH,L,Philippines,Asia
Tagbu,Niger-Congo,tbm,CD,X,Democratic Republic of the Congo,Africa
Tagdal,Mixed language,tda,NE,L,Niger,Africa
Tagin,Sino-Tibetan,tgj,IN,L,India,Asia
Tagish,Eyak-Athabaskan,tgx,CA,L,Canada,Americas
Tagoi,Niger-Congo,tag,SD,L,Sudan,Africa
Tahitian,Austronesian,tah,PF,L,French Polynesia,Pacific
Tahltan,Eyak-Athabaskan,tht,CA,L,Canada,Americas
Tai Daeng,Kra-Dai,tyr,VN,L,Vietnam,Asia
Tai Dam,Kra-Dai,blt,VN,L,Vietnam,Asia
Tai Dón,Kra-Dai,twh,VN,L,Vietnam,Asia
Tai Hongjin,Kra-Dai,tiz,CN,L,China,Asia
Tai Khang,Kra-Dai,tnu,LA,L,Laos,Asia
Tai Laing,Kra-Dai,tjl,MM,L,Myanmar,Asia
Tai Loi,Austro-Asiatic,tlq,MM,L,Myanmar,Asia
Tai Long,Kra-Dai,thi,LA,L,Laos,Asia
Tai Nüa,Kra-Dai,tdd,CN,L,China,Asia
Tai Pao,Kra-Dai,tpo,LA,L,Laos,Asia
Tai Thanh,Kra-Dai,tmm,VN,L,Vietnam,Asia
Tai Ya,Kra-Dai,cuu,CN,L,China,Asia
Tai Yo,Kra-Dai,tyj,VN,L,Vietnam,Asia
Taikat,Border,aos,ID,L,Indonesia,Asia
Tainae,Trans-New Guinea,ago,PG,L,Papua New Guinea,Pacific
Taíno,Maipurean,tnq,PR,L,Puerto Rico,Americas
"Tairora, North",Trans-New Guinea,tbg,PG,L,Papua New Guinea,Pacific
"Tairora, South",Trans-New Guinea,omw,PG,L,Papua New Guinea,Pacific
Tairuma,Trans-New Guinea,uar,PG,L,Papua New Guinea,Pacific
Taivoan,Austronesian,tvx,TW,L,Taiwan,Asia
Taje,Austronesian,pee,ID,L,Indonesia,Asia
Tajik,Indo-European,tgk,TJ,L,Tajikistan,Asia
Tajio,Austronesian,tdj,ID,L,Indonesia,Asia
Tajuasohn,Niger-Congo,tja,LR,L,Liberia,Africa
Takelma,Unclassified,tkm,US,X,United States,Americas
Takestani,Indo-European,tks,IR,L,Iran,Asia
Takia,Austronesian,tbc,PG,L,Papua New Guinea,Pacific
Takua,Austro-Asiatic,tkz,VN,L,Vietnam,Asia
Takuu,Austronesian,nho,PG,L,Papua New Guinea,Pacific
Takwane,Niger-Congo,tke,MZ,L,Mozambique,Africa
Tal,Afro-Asiatic,tal,NG,L,Nigeria,Africa
Tala,Afro-Asiatic,tak,NG,L,Nigeria,Africa
Talaud,Austronesian,tld,ID,L,Indonesia,Asia
Taliabu,Austronesian,tlv,ID,L,Indonesia,Asia
Talieng,Austro-Asiatic,tdf,LA,L,Laos,Asia
Talinga-Bwisi,Niger-Congo,tlj,UG,L,Uganda,Africa
Talise,Austronesian,tlr,SB,L,Solomon Islands,Pacific
Talodi,Niger-Congo,tlo,SD,L,Sudan,Africa
Taloki,Austronesian,tlk,ID,L,Indonesia,Asia
Talondo’,Austronesian,tln,ID,L,Indonesia,Asia
Talu,Sino-Tibetan,yta,CN,L,China,Asia
Talysh,Indo-European,tly,AZ,L,Azerbaijan,Asia
Tama,Nilo-Saharan,,,,Namibia,Africa
Tama,Tucanoan,,,,Namibia,Africa
Tamagario,Trans-New Guinea,tcg,ID,L,Indonesia,Asia
"Tamahaq, Tahaggart",Afro-Asiatic,thv,DZ,L,Algeria,Africa
"Tamajaq, Tawallammat",Afro-Asiatic,ttq,NE,L,Niger,Africa
"Tamajeq, Tayart",Afro-Asiatic,thz,NE,L,Niger,Africa
Taman,Austronesian,,,,Namibia,Africa
Taman,Sino-Tibetan,,,,Namibia,Africa
Tamanaku,Cariban,tmz,VE,X,Venezuela,Americas
"Tamang, Eastern",Sino-Tibetan,taj,NP,L,Nepal,Asia
"Tamang, Eastern Gorkha",Sino-Tibetan,tge,NP,L,Nepal,Asia
"Tamang, Western",Sino-Tibetan,tdg,NP,L,Nepal,Asia
Tamasheq,Afro-Asiatic,taq,ML,L,Mali,Africa
"Tamazight, Central Atlas",Afro-Asiatic,tzm,MA,L,Morocco,Africa
"Tamazight, Standard Moroccan",Afro-Asiatic,zgh,MA,L,Morocco,Africa
"Tamazight, Temacine",Afro-Asiatic,tjo,DZ,L,Algeria,Africa
"Tamazight, Tidikelt",Afro-Asiatic,tia,DZ,L,Algeria,Africa
Tambora,Unclassified,xxt,ID,X,Indonesia,Asia
Tambotalo,Austronesian,tls,VU,L,Vanuatu,Pacific
Tami,Austronesian,tmy,PG,L,Papua New Guinea,Pacific
Tamil,Dravidian,tam,IN,L,India,Asia
Tamki,Afro-Asiatic,tax,TD,L,Chad,Africa
Tampuan,Austro-Asiatic,tpu,KH,L,Cambodia,Asia
Tampulma,Niger-Congo,tpm,GH,L,Ghana,Africa
Tanacross,Eyak-Athabaskan,tcb,US,L,United States,Americas
Tanahmerah,Trans-New Guinea,tcm,ID,L,Indonesia,Asia
Tanaina,Eyak-Athabaskan,tfn,US,L,United States,Americas
"Tanana, Lower",Eyak-Athabaskan,taa,US,L,United States,Americas
"Tanana, Upper",Eyak-Athabaskan,tau,US,L,United States,Americas
Tanapag,Austronesian,tpv,MP,L,Northern Mariana Islands,Pacific
Tandaganon,Austronesian,tgn,PH,L,Philippines,Asia
Tandia,Austronesian,tni,ID,L,Indonesia,Asia
Tandɨ,Trans-New Guinea,ygm,PG,L,Papua New Guinea,Pacific
Tanema,Austronesian,tnx,SB,L,Solomon Islands,Pacific
Tangale,Afro-Asiatic,tan,NG,L,Nigeria,Africa
Tangchangya,Indo-European,tnv,BD,L,Bangladesh,Asia
Tanggu,Ramu-Lower Sepik,tgu,PG,L,Papua New Guinea,Pacific
Tangko,Trans-New Guinea,tkx,ID,L,Indonesia,Asia
Tanglang,Sino-Tibetan,ytl,CN,L,China,Asia
Tangoa,Austronesian,tgp,VU,L,Vanuatu,Pacific
Tanguat,Ramu-Lower Sepik,tbs,PG,L,Papua New Guinea,Pacific
Tanibili,Austronesian,tbe,SB,L,Solomon Islands,Pacific
Tanimuca-Letuama,Tucanoan,tnc,CO,L,Colombia,Americas
"Tanna, North",Austronesian,tnn,VU,L,Vanuatu,Pacific
"Tanna, Southwest",Austronesian,nwi,VU,L,Vanuatu,Pacific
Tanokuku,Austronesian,nkk,VU,L,Vanuatu,Pacific
Tapei,Arafundi,afp,PG,L,Papua New Guinea,Pacific
Tapesena,Austronesian,vnp,VU,L,Vanuatu,Pacific
Tapiafaru,Austronesian,ptr,VU,L,Vanuatu,Pacific
Tapirapé,Tupian,taf,BR,L,Brazil,Americas
"Tarahumara, Central",Uto-Aztecan,tar,MX,L,Mexico,Americas
"Tarahumara, Northern",Uto-Aztecan,thh,MX,L,Mexico,Americas
"Tarahumara, Southeastern",Uto-Aztecan,tcu,MX,L,Mexico,Americas
"Tarahumara, Southwestern",Uto-Aztecan,twr,MX,L,Mexico,Americas
"Tarahumara, Western",Uto-Aztecan,tac,MX,L,Mexico,Americas
"Tarangan, East",Austronesian,tre,ID,L,Indonesia,Asia
"Tarangan, West",Austronesian,txn,ID,L,Indonesia,Asia
Tareng,Austro-Asiatic,tgr,LA,L,Laos,Asia
Tariana,Maipurean,tae,BR,L,Brazil,Americas
Tarifit,Afro-Asiatic,rif,MA,L,Morocco,Africa
Tarjumo,Nilo-Saharan,txj,NG,L,Nigeria,Africa
Tarok,Niger-Congo,yer,NG,L,Nigeria,Africa
"Taromi, Upper",Indo-European,tov,IR,L,Iran,Asia
Tarpia,Austronesian,tpf,ID,L,Indonesia,Asia
Taruma,Language isolate,tdm,GY,L,Guyana,Americas
Tasawaq,Nilo-Saharan,twq,NE,L,Niger,Africa
"Tasmanian, Bruny Island",Language isolate,xpz,AU,X,Australia,Pacific
"Tasmanian, North Midlands",Language isolate,xph,AU,X,Australia,Pacific
"Tasmanian, Northeastern",Language isolate,xpb,AU,X,Australia,Pacific
"Tasmanian, Northern",Language isolate,xpv,AU,X,Australia,Pacific
"Tasmanian, Northwestern",Language isolate,xpw,AU,X,Australia,Pacific
"Tasmanian, Oyster Bay",Language isolate,xpd,AU,X,Australia,Pacific
"Tasmanian, Port Sorell",Language isolate,xpl,AU,X,Australia,Pacific
"Tasmanian, Southeast",Language isolate,xpf,AU,X,Australia,Pacific
"Tasmanian, Southwestern",Language isolate,xpx,AU,X,Australia,Pacific
"Tat, Muslim",Indo-European,ttt,AZ,L,Azerbaijan,Asia
Tatana,Austronesian,txx,MY,L,Malaysia,Asia
Tatar,Turkic,tat,RU,L,Russian Federation,Europe
Tatuyo,Tucanoan,tav,CO,L,Colombia,Americas
Tauade,Trans-New Guinea,ttd,PG,L,Papua New Guinea,Pacific
Taungyo,Sino-Tibetan,tco,MM,L,Myanmar,Asia
Taupi,Trans-New Guinea,awm,PG,L,Papua New Guinea,Pacific
Taupota,Austronesian,tpa,PG,L,Papua New Guinea,Pacific
Tause,Lakes Plain,tad,ID,L,Indonesia,Asia
Taushiro,Language isolate,trr,PE,L,Peru,Americas
Tausug,Austronesian,tsg,PH,L,Philippines,Asia
Tauya,Trans-New Guinea,tya,PG,L,Papua New Guinea,Pacific
Tavanlav,Austronesian,vlp,VU,L,Vanuatu,Pacific
Taveta,Niger-Congo,tvs,KE,L,Kenya,Africa
Tavoyan,Sino-Tibetan,tvn,MM,L,Myanmar,Asia
Tawala,Austronesian,tbo,PG,L,Papua New Guinea,Pacific
Tawandê,Nambikwara,xtw,BR,L,Brazil,Americas
Tawara,Niger-Congo,twl,MZ,L,Mozambique,Africa
Tawbuid,Austronesian,twb,PH,L,Philippines,Asia
Tawoyan,Austronesian,twy,ID,L,Indonesia,Asia
Tay,Trans-New Guinea,taw,PG,L,Papua New Guinea,Pacific
Tày,Kra-Dai,tyz,VN,L,Vietnam,Asia
Tay Boi,Pidgin,tas,VN,X,Vietnam,Asia
Tày Sa Pa,Kra-Dai,tys,VN,L,Vietnam,Asia
Tày Tac,Kra-Dai,tyt,VN,L,Vietnam,Asia
Tayap,Language isolate,gpn,PG,L,Papua New Guinea,Pacific
Tayatuk,Trans-New Guinea,smc,PG,L,Papua New Guinea,Pacific
Tayo,Creole,cks,NC,L,New Caledonia,Pacific
Taznatit,Afro-Asiatic,grr,DZ,L,Algeria,Africa
Tboli,Austronesian,tbl,PH,L,Philippines,Asia
Tchaman,Niger-Congo,ebr,CI,L,Côte d’Ivoire,Africa
Tchitchege,Niger-Congo,tck,GA,L,Gabon,Africa
Tchumbuli,Niger-Congo,bqa,BJ,L,Benin,Africa
Te’un,Austronesian,tve,ID,X,Indonesia,Asia
Teanu,Austronesian,tkw,SB,L,Solomon Islands,Pacific
Tebi,Pauwasi,dmu,ID,L,Indonesia,Asia
Tedaga,Nilo-Saharan,tuq,TD,L,Chad,Africa
Teduray,Austronesian,tiy,PH,L,Philippines,Asia
Tèẹ̀ ̣,Niger-Congo,tkq,NG,L,Nigeria,Africa
Téén,Niger-Congo,lor,CI,L,Côte d’Ivoire,Africa
Tefaro,East Geelvink Bay,tfo,ID,L,Indonesia,Asia
Tegali,Niger-Congo,ras,SD,L,Sudan,Africa
Tehit,West Papuan,kps,ID,L,Indonesia,Asia
Tehl,Afro-Asiatic,mtl,NG,L,Nigeria,Africa
Tehuelche,Chon,teh,AR,L,Argentina,Americas
Teiwa,Trans-New Guinea,twe,ID,L,Indonesia,Asia
Teke-Eboo,Niger-Congo,ebo,CG,L,Congo,Africa
Teke-Kukuya,Niger-Congo,kkw,CG,L,Congo,Africa
Teke-Laali,Niger-Congo,lli,CG,L,Congo,Africa
Teke-Nzikou,Niger-Congo,nzu,CG,L,Congo,Africa
Teke-Tege,Niger-Congo,teg,GA,L,Gabon,Africa
Teke-Tsaayi,Niger-Congo,tyi,CG,L,Congo,Africa
Teke-Tyee,Niger-Congo,tyx,CG,L,Congo,Africa
Teke-Wuumu,Niger-Congo,ifm,CG,L,Congo,Africa
"Teke, Ibali",Niger-Congo,tek,CD,L,Democratic Republic of the Congo,Africa
Tekó,Tupian,eme,GF,L,French Guiana,Americas
Tektiteko,Mayan,ttc,GT,L,Guatemala,Americas
Tela-Masbuar,Austronesian,tvm,ID,L,Indonesia,Asia
Telefol,Trans-New Guinea,tlf,PG,L,Papua New Guinea,Pacific
Telugu,Dravidian,tel,IN,L,India,Asia
Tem,Niger-Congo,kdh,TG,L,Togo,Africa
Tembé,Tupian,tqb,BR,L,Brazil,Americas
Tembo,Niger-Congo,,,,Namibia,Africa
Tembo,Niger-Congo,,,,Namibia,Africa
Teme,Niger-Congo,tdo,NG,L,Nigeria,Africa
Temein,Nilo-Saharan,teq,SD,L,Sudan,Africa
Temi,Niger-Congo,soz,TZ,L,Tanzania,Africa
Temiar,Austro-Asiatic,tea,MY,L,Malaysia,Asia
Temoq,Austro-Asiatic,tmo,MY,L,Malaysia,Asia
Temuan,Austronesian,tmw,MY,L,Malaysia,Asia
Ten’edn,Austro-Asiatic,tnz,TH,L,Thailand,Asia
Tengger,Austronesian,tes,ID,L,Indonesia,Asia
Tenharim,Tupian,pah,BR,L,Brazil,Americas
Tenino,Sahaptian,tqn,US,L,United States,Americas
Tenis,Austronesian,tns,PG,L,Papua New Guinea,Pacific
Tennet,Nilo-Saharan,tex,SS,L,South Sudan,Africa
Teop,Austronesian,tio,PG,L,Papua New Guinea,Pacific
Teor,Austronesian,tev,ID,L,Indonesia,Asia
Tepecano,Uto-Aztecan,tep,MX,X,Mexico,Americas
"Tepehua, Huehuetla",Totonacan,tee,MX,L,Mexico,Americas
"Tepehua, Pisaflores",Totonacan,tpp,MX,L,Mexico,Americas
"Tepehua, Tlachichilco",Totonacan,tpt,MX,L,Mexico,Americas
"Tepehuan, Northern",Uto-Aztecan,ntp,MX,L,Mexico,Americas
"Tepehuan, Southeastern",Uto-Aztecan,stp,MX,L,Mexico,Americas
"Tepehuan, Southwestern",Uto-Aztecan,tla,MX,L,Mexico,Americas
Tera,Afro-Asiatic,ttr,NG,L,Nigeria,Africa
Terebu,Austronesian,trb,PG,L,Papua New Guinea,Pacific
Terei,South Bougainville,buo,PG,L,Papua New Guinea,Pacific
Terêna,Maipurean,ter,BR,L,Brazil,Americas
Teressa,Austro-Asiatic,tef,IN,L,India,Asia
Tereweng,Trans-New Guinea,twg,ID,L,Indonesia,Asia
Teribe,Chibchan,tfr,PA,L,Panama,Americas
Terik,Nilo-Saharan,tec,KE,L,Kenya,Africa
Termanu,Austronesian,twu,ID,L,Indonesia,Asia
Ternate,West Papuan,tft,ID,L,Indonesia,Asia
Ternateño,Creole,tmg,ID,X,Indonesia,Asia
Tese,Nilo-Saharan,keg,SD,L,Sudan,Africa
Teshenawa,Afro-Asiatic,twc,NG,X,Nigeria,Africa
Tetela,Niger-Congo,tll,CD,L,Democratic Republic of the Congo,Africa
Tetete,Tucanoan,teb,EC,X,Ecuador,Americas
Tetserret,Afro-Asiatic,tez,NE,L,Niger,Africa
Tetun,Austronesian,tet,TL,L,East Timor,Asia
Tetun Dili,Creole,tdt,TL,L,East Timor,Asia
Tewa,Kiowa-Tanoan,tew,US,L,United States,Americas
Tewe,Niger-Congo,twx,MZ,L,Mozambique,Africa
Tha,Niger-Congo,thy,NG,L,Nigeria,Africa
Thachanadan,Dravidian,thn,IN,L,India,Asia
Thai,Kra-Dai,tha,TH,L,Thailand,Asia
Thai Song,Kra-Dai,soa,TH,L,Thailand,Asia
"Thai, Northeastern",Kra-Dai,tts,TH,L,Thailand,Asia
"Thai, Northern",Kra-Dai,nod,TH,L,Thailand,Asia
"Thai, Southern",Kra-Dai,sou,TH,L,Thailand,Asia
Thakali,Sino-Tibetan,ths,NP,L,Nepal,Asia
Thangmi,Sino-Tibetan,thf,NP,L,Nepal,Asia
Thao,Austronesian,ssf,TW,L,Taiwan,Asia
"Tharu, Central",Indo-European,the,NP,L,Nepal,Asia
"Tharu, Dangaura",Indo-European,thl,NP,L,Nepal,Asia
"Tharu, Kathariya",Indo-European,tkt,NP,L,Nepal,Asia
"Tharu, Mid-Eastern",Indo-European,thq,NP,L,Nepal,Asia
"Tharu, Rana",Indo-European,thr,NP,L,Nepal,Asia
Thawa,Australian,xtv,AU,X,Australia,Pacific
Thaypan,Australian,typ,AU,L,Australia,Pacific
Themne,Niger-Congo,tem,SL,L,Sierra Leone,Africa
Thiin,Australian,iin,AU,X,Australia,Pacific
Tho,Austro-Asiatic,tou,VN,L,Vietnam,Asia
Thompson,Salish,thp,CA,L,Canada,Americas
Thopho,Sino-Tibetan,ytp,CN,L,China,Asia
Thu Lao,Kra-Dai,tyl,VN,L,Vietnam,Asia
Thulung,Sino-Tibetan,tdh,NP,L,Nepal,Asia
Thur,Nilo-Saharan,lth,UG,L,Uganda,Africa
Thuri,Nilo-Saharan,thu,SS,L,South Sudan,Africa
Tiale,Austronesian,mnl,VU,L,Vanuatu,Pacific
Tiang,Austronesian,tbj,PG,L,Papua New Guinea,Pacific
Tibea,Niger-Congo,ngy,CM,L,Cameroon,Africa
"Tibetan, Amdo",Sino-Tibetan,adx,CN,L,China,Asia
"Tibetan, Central",Sino-Tibetan,bod,CN,L,China,Asia
"Tibetan, Khams",Sino-Tibetan,khg,CN,L,China,Asia
Tichurong,Sino-Tibetan,tcn,NP,L,Nepal,Asia
Ticuna,Language isolate,tca,BR,L,Brazil,Americas
Tidore,West Papuan,tvo,ID,L,Indonesia,Asia
"Tidung, Northern",Austronesian,ntd,MY,L,Malaysia,Asia
"Tidung, Southern",Austronesian,itd,ID,L,Indonesia,Asia
Tiéfo,Niger-Congo,tiq,BF,L,Burkina Faso,Africa
Tiene,Niger-Congo,tii,CD,L,Democratic Republic of the Congo,Africa
Tifal,Trans-New Guinea,tif,PG,L,Papua New Guinea,Pacific
Tigak,Austronesian,tgc,PG,L,Papua New Guinea,Pacific
Tigré,Afro-Asiatic,tig,ER,L,Eritrea,Africa
Tigrigna,Afro-Asiatic,tir,ER,L,Eritrea,Africa
Tii,Austronesian,txq,ID,L,Indonesia,Asia
Tikar,Niger-Congo,tik,CM,L,Cameroon,Africa
Tikopia,Austronesian,tkp,SB,L,Solomon Islands,Pacific
Tillamook,Salish,til,US,X,United States,Americas
Tilung,Sino-Tibetan,tij,NP,L,Nepal,Asia
Tima,Niger-Congo,tms,SD,L,Sudan,Africa
Timbe,Trans-New Guinea,tim,PG,L,Papua New Guinea,Pacific
Timbisha,Uto-Aztecan,par,US,L,United States,Americas
Timucua,Language isolate,tjm,US,X,United States,Americas
Tinani,Sino-Tibetan,lbf,IN,L,India,Asia
Tindi,Nakh-Daghestanian,tin,RU,L,Russian Federation,Europe
Tingui-Boto,Unclassified,tgv,BR,L,Brazil,Americas
Tinigua,Tiniguan,tit,CO,L,Colombia,Americas
Tinputz,Austronesian,tpz,PG,L,Papua New Guinea,Pacific
Tippera,Sino-Tibetan,tpe,BD,L,Bangladesh,Asia
Tira,Niger-Congo,tic,SD,L,Sudan,Africa
Tirahi,Indo-European,tra,AF,X,Afghanistan,Asia
Tîrî,Austronesian,cir,NC,L,New Caledonia,Pacific
Tita,Niger-Congo,tdq,NG,L,Nigeria,Africa
Titan,Austronesian,ttv,PG,L,Papua New Guinea,Pacific
Tiv,Niger-Congo,tiv,NG,L,Nigeria,Africa
Tiwa,Sino-Tibetan,lax,IN,L,India,Asia
"Tiwa, Northern",Kiowa-Tanoan,twf,US,L,United States,Americas
"Tiwa, Southern",Kiowa-Tanoan,tix,US,L,United States,Americas
Tiwi,Australian,tiw,AU,L,Australia,Pacific
Tiyaa,Niger-Congo,tyy,NG,L,Nigeria,Africa
Tjungundji,Australian,tjj,AU,L,Australia,Pacific
Tjupany,Australian,tjp,AU,L,Australia,Pacific
Tjurruru,Australian,tju,AU,X,Australia,Pacific
Tlicho,Eyak-Athabaskan,dgr,CA,L,Canada,Americas
Tlingit,Eyak-Athabaskan,tli,US,L,United States,Americas
To,Niger-Congo,toz,CM,L,Cameroon,Africa
To’abaita,Austronesian,mlu,SB,L,Solomon Islands,Pacific
Toaripi,Trans-New Guinea,tqo,PG,L,Papua New Guinea,Pacific
Toba,Guaykuruan,tob,AR,L,Argentina,Americas
Toba-Maskoy,Mascoyan,tmf,PY,L,Paraguay,Americas
Tobagonian English Creole,Creole,tgh,TT,L,Trinidad and Tobago,Americas
Tobanga,Afro-Asiatic,tng,TD,L,Chad,Africa
Tobati,Austronesian,tti,ID,L,Indonesia,Asia
Tobelo,West Papuan,tlb,ID,L,Indonesia,Asia
Tobian,Austronesian,tox,PW,L,Palau,Pacific
Tobilung,Austronesian,tgb,MY,L,Malaysia,Asia
Tobo,Trans-New Guinea,tbv,PG,L,Papua New Guinea,Pacific
Tocho,Niger-Congo,taz,SD,L,Sudan,Africa
Toda,Dravidian,tcx,IN,L,India,Asia
Todrah,Austro-Asiatic,tdr,VN,L,Vietnam,Asia
Tofanma,Unclassified,tlg,ID,L,Indonesia,Asia
Togoyo,Niger-Congo,tgy,SS,X,South Sudan,Africa
Tohono O’odham,Uto-Aztecan,ood,US,L,United States,Americas
Tojolabal,Mayan,toj,MX,L,Mexico,Americas
Tok Pisin,Creole,tpi,PG,L,Papua New Guinea,Pacific
Tokano,Trans-New Guinea,zuh,PG,L,Papua New Guinea,Pacific
Tokelauan,Austronesian,tkl,TK,L,Tokelau,Pacific
Toku-No-Shima,Japonic,tkn,JP,L,Japan,Asia
Tol,Jicaquean,jic,HN,L,Honduras,Americas
Tolaki,Austronesian,lbw,ID,L,Indonesia,Asia
Tolomako,Austronesian,tlm,VU,L,Vanuatu,Pacific
Tolowa,Eyak-Athabaskan,tol,US,L,United States,Americas
Toma,Niger-Congo,tod,GN,L,Guinea,Africa
Tomadino,Austronesian,tdi,ID,L,Indonesia,Asia
Tombelala,Austronesian,ttp,ID,L,Indonesia,Asia
Tombonuo,Austronesian,txa,MY,L,Malaysia,Asia
Tombulu,Austronesian,tom,ID,L,Indonesia,Asia
Tomini,Austronesian,txm,ID,L,Indonesia,Asia
Tomoip,Austronesian,tqp,PG,L,Papua New Guinea,Pacific
Tondano,Austronesian,tdn,ID,L,Indonesia,Asia
Tondi Songway Kiini,Nilo-Saharan,tst,ML,L,Mali,Africa
Tonga,Niger-Congo,,,,Namibia,Africa
Tonga,Niger-Congo,,,,Namibia,Africa
Tonga,Niger-Congo,,,,Namibia,Africa
Tongan,Austronesian,ton,TO,L,Tonga,Pacific
Tongwe,Niger-Congo,tny,TZ,L,Tanzania,Africa
Tonjon,Niger-Congo,tjn,CI,X,Côte d’Ivoire,Africa
Tonkawa,Language isolate,tqw,US,L,United States,Americas
Tonsawang,Austronesian,tnw,ID,L,Indonesia,Asia
Tonsea,Austronesian,txs,ID,L,Indonesia,Asia
Tontemboan,Austronesian,tnt,ID,L,Indonesia,Asia
Tooro,Niger-Congo,ttj,UG,L,Uganda,Africa
Topoiyo,Austronesian,toy,ID,L,Indonesia,Asia
Toposa,Nilo-Saharan,toq,SS,L,South Sudan,Africa
Torá,Chapacuran,trz,BR,L,Brazil,Americas
Toraja-Sa’dan,Austronesian,sda,ID,L,Indonesia,Asia
Toram,Afro-Asiatic,trj,TD,L,Chad,Africa
Torau,Austronesian,ttu,PG,L,Papua New Guinea,Pacific
Toromono,Tacanan,tno,BO,L,Bolivia,Americas
Torona,Niger-Congo,tqr,SD,L,Sudan,Africa
Torres Strait Creole,Creole,tcs,AU,L,Australia,Pacific
Torwali,Indo-European,trw,PK,L,Pakistan,Asia
Totela,Niger-Congo,ttl,ZM,L,Zambia,Africa
Toto,Sino-Tibetan,txo,IN,L,India,Asia
Totoli,Austronesian,txe,ID,L,Indonesia,Asia
"Totonac, Coyutla",Totonacan,toc,MX,L,Mexico,Americas
"Totonac, Filomena Mata-Coahuitlán",Totonacan,tlp,MX,L,Mexico,Americas
"Totonac, Highland",Totonacan,tos,MX,L,Mexico,Americas
"Totonac, Papantla",Totonacan,top,MX,L,Mexico,Americas
"Totonac, Tecpatlán",Totonacan,tcw,MX,L,Mexico,Americas
"Totonac, Upper Necaxa",Totonacan,tku,MX,L,Mexico,Americas
"Totonac, Xicotepec de Juárez",Totonacan,too,MX,L,Mexico,Americas
"Totonac, Yecuatla",Totonacan,tlc,MX,L,Mexico,Americas
Totonaco del cerro Xinolatépetl,Totonacan,tqt,MX,L,Mexico,Americas
Totoro,Paezan,ttk,CO,L,Colombia,Americas
Touo,Central Solomons,tqu,SB,L,Solomon Islands,Pacific
Toura,Austronesian,,,,Namibia,Africa
Toura,Niger-Congo,,,,Namibia,Africa
"Toussian, Northern",Niger-Congo,tsp,BF,L,Burkina Faso,Africa
"Toussian, Southern",Niger-Congo,wib,BF,L,Burkina Faso,Africa
Towei,Pauwasi,ttn,ID,L,Indonesia,Asia
Traveller Danish,Mixed language,rmd,DK,X,Denmark,Europe
Traveller Scottish,Unclassified,trl,GB,L,United Kingdom,Europe
Tregami,Indo-European,trm,AF,L,Afghanistan,Asia
Tremembé,Unclassified,tme,BR,L,Brazil,Americas
Trieng,Austro-Asiatic,stg,VN,L,Vietnam,Asia
Trimuris,Tor-Kwerba,tip,ID,L,Indonesia,Asia
Tring,Austronesian,tgq,MY,L,Malaysia,Asia
Trinidadian English Creole,Creole,trf,TT,L,Trinidad and Tobago,Americas
Trinitario,Maipurean,trn,BO,L,Bolivia,Americas
Trió,Cariban,tri,SR,L,Suriname,Americas
"Triqui, Chicahuaxtla",Otomanguean,trs,MX,L,Mexico,Americas
"Triqui, Copala",Otomanguean,trc,MX,L,Mexico,Americas
"Triqui, San Martín Itunyoso",Otomanguean,trq,MX,L,Mexico,Americas
Truká,Unclassified,tka,BR,L,Brazil,Americas
Trumai,Language isolate,tpy,BR,L,Brazil,Americas
Ts’ün-Lao,Kra-Dai,tsl,VN,L,Vietnam,Asia
Tsaangi,Niger-Congo,tsa,CG,L,Congo,Africa
Tsaara,Afro-Asiatic,cra,ET,L,Ethiopia,Africa
Tsafiki,Barbacoan,cof,EC,L,Ecuador,Americas
Tsakhur,Nakh-Daghestanian,tkr,AZ,L,Azerbaijan,Asia
Tsakonian,Indo-European,tsd,GR,L,Greece,Europe
Tsamai,Afro-Asiatic,tsb,ET,L,Ethiopia,Africa
Tsat,Austronesian,huq,CN,L,China,Asia
Tsaukambo,Trans-New Guinea,kvz,ID,L,Indonesia,Asia
Tseku,Sino-Tibetan,tsk,CN,L,China,Asia
Tsetsaut,Eyak-Athabaskan,txc,CA,L,Canada,Americas
Tshangla,Sino-Tibetan,tsj,BT,L,Bhutan,Asia
Tshuwau,Khoe-Kwadi,hio,BW,L,Botswana,Africa
Tsikimba,Niger-Congo,kdl,NG,L,Nigeria,Africa
Tsimané,Mosetenan,cas,BO,L,Bolivia,Americas
Tsimshian,Tsimshian,tsi,CA,L,Canada,Americas
Tsishingini,Niger-Congo,tsw,NG,L,Nigeria,Africa
Tso,Niger-Congo,ldp,NG,L,Nigeria,Africa
Tsogo,Niger-Congo,tsv,GA,L,Gabon,Africa
Tsonga,Niger-Congo,tso,ZA,L,South Africa,Africa
Tsou,Austronesian,tsu,TW,L,Taiwan,Asia
Tsucuba,Niger-Congo,cbq,NG,L,Nigeria,Africa
Tsum,Sino-Tibetan,ttz,NP,L,Nepal,Asia
Tsúut’ínà,Eyak-Athabaskan,srs,CA,L,Canada,Americas
Tsuvadi,Niger-Congo,tvd,NG,L,Nigeria,Africa
Tswa,Niger-Congo,tsc,MZ,L,Mozambique,Africa
Tswapong,Niger-Congo,two,BW,L,Botswana,Africa
Tu,Mongolic,mjg,CN,L,China,Asia
Tuamotuan,Austronesian,pmt,PF,L,French Polynesia,Pacific
Tubar,Uto-Aztecan,tbu,MX,X,Mexico,Americas
Tübatulabal,Uto-Aztecan,tub,US,L,United States,Americas
Tucano,Tucanoan,tuo,BR,L,Brazil,Americas
Tugbiri-Niragu,Niger-Congo,grh,NG,L,Nigeria,Africa
Tugen,Nilo-Saharan,tuy,KE,L,Kenya,Africa
Tugun,Austronesian,tzn,ID,L,Indonesia,Asia
Tugutil,West Papuan,tuj,ID,L,Indonesia,Asia
"Tujia, Northern",Sino-Tibetan,tji,CN,L,China,Asia
"Tujia, Southern",Sino-Tibetan,tjs,CN,L,China,Asia
Tukang Besi North,Austronesian,khc,ID,L,Indonesia,Asia
Tukang Besi South,Austronesian,bhq,ID,L,Indonesia,Asia
Tuki,Niger-Congo,bag,CM,L,Cameroon,Africa
Tukudede,Austronesian,tkd,TL,L,East Timor,Asia
Tukumanféd,Tupian,tkf,BR,X,Brazil,Americas
Tula,Niger-Congo,tul,NG,L,Nigeria,Africa
Tulai,Afro-Asiatic,tvi,NG,L,Nigeria,Africa
Tulehu,Austronesian,tlu,ID,L,Indonesia,Asia
Tulil,East New Britain,tuh,PG,L,Papua New Guinea,Pacific
Tulishi,Nilo-Saharan,tey,SD,L,Sudan,Africa
Tulu,Dravidian,tcy,IN,L,India,Asia
Tulu-Bohuai,Austronesian,rak,PG,L,Papua New Guinea,Pacific
Tuma-Irumu,Trans-New Guinea,iou,PG,L,Papua New Guinea,Pacific
Tumak,Afro-Asiatic,tmc,TD,L,Chad,Africa
Tumbuka,Niger-Congo,tum,MW,L,Malawi,Africa
Tumleo,Austronesian,tmq,PG,L,Papua New Guinea,Pacific
Tumtum,Nilo-Saharan,tbr,SD,L,Sudan,Africa
Tumzabt,Afro-Asiatic,mzb,DZ,L,Algeria,Africa
"Tunebo, Angosturas",Chibchan,tnd,CO,L,Colombia,Americas
"Tunebo, Barro Negro",Chibchan,tbn,CO,L,Colombia,Americas
"Tunebo, Central",Chibchan,tuf,CO,L,Colombia,Americas
"Tunebo, Western",Chibchan,tnb,CO,L,Colombia,Americas
Tunen,Niger-Congo,tvu,CM,L,Cameroon,Africa
Tungag,Austronesian,lcm,PG,L,Papua New Guinea,Pacific
Tunggare,East Geelvink Bay,trt,ID,L,Indonesia,Asia
Tunia,Niger-Congo,tug,TD,L,Chad,Africa
Tunica,Language isolate,tun,US,L,United States,Americas
Tunjung,Austronesian,tjg,ID,L,Indonesia,Asia
Tunni,Afro-Asiatic,tqq,SO,L,Somalia,Africa
Tunzuii,Niger-Congo,dza,NG,L,Nigeria,Africa
Tuotomb,Niger-Congo,ttf,CM,L,Cameroon,Africa
Tuparí,Tupian,tpr,BR,L,Brazil,Americas
Tupinambá,Tupian,tpn,BR,X,Brazil,Americas
Tupinikin,Tupian,tpk,BR,L,Brazil,Americas
Tupuri,Niger-Congo,tui,CM,L,Cameroon,Africa
Turaka,Trans-New Guinea,trh,PG,L,Papua New Guinea,Pacific
Turi,Austro-Asiatic,trd,IN,L,India,Asia
Turiwára,Tupian,twt,BR,L,Brazil,Americas
Turka,Niger-Congo,tuz,BF,L,Burkina Faso,Africa
Turkana,Nilo-Saharan,tuv,KE,L,Kenya,Africa
Turkish,Turkic,tur,TR,L,Turkey,Asia
Turkmen,Turkic,tuk,TM,L,Turkmenistan,Asia
Turks and Caicos English Creole,Creole,tch,TC,L,Turks and Caicos Islands,Americas
Turoyo,Afro-Asiatic,tru,TR,L,Turkey,Asia
Turumsa,Trans-New Guinea,tqm,PG,L,Papua New Guinea,Pacific
Turung,Sino-Tibetan,try,IN,L,India,Asia
Tuscarora,Iroquoian,tus,US,L,United States,Americas
"Tutchone, Northern",Eyak-Athabaskan,ttm,CA,L,Canada,Americas
"Tutchone, Southern",Eyak-Athabaskan,tce,CA,L,Canada,Americas
Tutelo,Siouan-Catawban,tta,CA,X,Canada,Americas
Tutong,Austronesian,ttg,BN,L,Brunei,Asia
Tuttumi,Niger-Congo,kku,NG,L,Nigeria,Africa
Tututni,Eyak-Athabaskan,tuu,US,L,United States,Americas
Tuvaluan,Austronesian,tvl,TV,L,Tuvalu,Pacific
Tuvan,Turkic,tyv,RU,L,Russian Federation,Europe
Tuwari,Sepik,tww,PG,L,Papua New Guinea,Pacific
Tuwuli,Niger-Congo,bov,GH,L,Ghana,Africa
Tuxá,Language isolate,tud,BR,L,Brazil,Americas
Tuxináwa,Panoan,tux,BR,X,Brazil,Americas
Tuyuca,Tucanoan,tue,CO,L,Colombia,Americas
Twana,Salish,twa,US,L,United States,Americas
Twendi,Niger-Congo,twn,CM,L,Cameroon,Africa
Twents,Indo-European,twd,NL,L,Netherlands,Europe
Tyap,Niger-Congo,kcg,NG,L,Nigeria,Africa
Tz’utujil,Mayan,tzj,GT,L,Guatemala,Americas
Tzeltal,Mayan,tzh,MX,L,Mexico,Americas
Tzotzil,Mayan,tzo,MX,L,Mexico,Americas
‡Ungkue,Tuu,gku,ZA,X,South Africa,Africa
U,Austro-Asiatic,uuu,CN,L,China,Asia
Uab Meto,Austronesian,aoz,ID,L,Indonesia,Asia
Uamué,Language isolate,uam,BR,L,Brazil,Americas
Uare,Trans-New Guinea,ksj,PG,L,Papua New Guinea,Pacific
Ubaghara,Niger-Congo,byc,NG,L,Nigeria,Africa
Ubang,Niger-Congo,uba,NG,L,Nigeria,Africa
Ubi,Afro-Asiatic,ubi,TD,L,Chad,Africa
Ubir,Austronesian,ubr,PG,L,Papua New Guinea,Pacific
Ubykh,Abkhaz-Adyghe,uby,TR,X,Turkey,Asia
Uda,Niger-Congo,uda,NG,L,Nigeria,Africa
Udi,Nakh-Daghestanian,udi,AZ,L,Azerbaijan,Asia
Udihe,Tungusic,ude,RU,L,Russian Federation,Europe
Udmurt,Uralic,udm,RU,L,Russian Federation,Europe
Uduk,Nilo-Saharan,udu,SD,L,Sudan,Africa
Ufim,Trans-New Guinea,ufi,PG,L,Papua New Guinea,Pacific
Ughele,Austronesian,uge,SB,L,Solomon Islands,Pacific
Ugong,Sino-Tibetan,ugo,TH,L,Thailand,Asia
Uhami,Niger-Congo,uha,NG,L,Nigeria,Africa
Uisai,South Bougainville,uis,PG,L,Papua New Guinea,Pacific
Ujir,Austronesian,udj,ID,L,Indonesia,Asia
Ukaan,Niger-Congo,kcf,NG,L,Nigeria,Africa
Ukhwejo,Niger-Congo,ukh,CF,L,Central African Republic,Africa
Ukit,Austronesian,umi,MY,L,Malaysia,Asia
Ukpet-Ehom,Niger-Congo,akd,NG,L,Nigeria,Africa
Ukrainian,Indo-European,ukr,UA,L,Ukraine,Europe
Ukue,Niger-Congo,uku,NG,L,Nigeria,Africa
Ukuriguma,Trans-New Guinea,ukg,PG,L,Papua New Guinea,Pacific
Ukwa,Niger-Congo,ukq,NG,L,Nigeria,Africa
Ukwuani-Aboh-Ndoni,Niger-Congo,ukw,NG,L,Nigeria,Africa
Ulau-Suain,Austronesian,svb,PG,L,Papua New Guinea,Pacific
Ulch,Tungusic,ulc,RU,L,Russian Federation,Europe
Ulithian,Austronesian,uli,FM,L,Micronesia,Pacific
Ullatan,Dravidian,ull,IN,L,India,Asia
Ulumanda’,Austronesian,ulm,ID,L,Indonesia,Asia
Ulwa,Misumalpan,,,,Namibia,Africa
Ulwa,Mongol-Langam,,,,Namibia,Africa
Uma,Austronesian,,,,Namibia,Africa
Uma,Austronesian,,,,Namibia,Africa
Uma’ Lasan,Austronesian,xky,MY,L,Malaysia,Asia
Uma’ Lung,Austronesian,ulu,ID,L,Indonesia,Asia
Umanakaina,Trans-New Guinea,gdn,PG,L,Papua New Guinea,Pacific
Umatilla,Sahaptian,uma,US,L,United States,Americas
Umbindhamu,Australian,umd,AU,X,Australia,Pacific
Umbu-Ungu,Trans-New Guinea,ubu,PG,L,Papua New Guinea,Pacific
Umbugarla,Australian,umr,AU,X,Australia,Pacific
Umbundu,Niger-Congo,umb,AO,L,Angola,Africa
Umeda,Border,upi,PG,L,Papua New Guinea,Pacific
Umiida,Australian,xud,AU,L,Australia,Pacific
Umotína,Bororoan,umo,BR,L,Brazil,Americas
Umpila,Australian,ump,AU,L,Australia,Pacific
Una,Trans-New Guinea,mtg,ID,L,Indonesia,Asia
Unami,Algic,unm,US,L,United States,Americas
Uneapa,Austronesian,bbn,PG,L,Papua New Guinea,Pacific
Uneme,Niger-Congo,une,NG,L,Nigeria,Africa
Unggaranggu,Australian,xun,AU,X,Australia,Pacific
Unggumi,Australian,xgu,AU,L,Australia,Pacific
Uni,Skou,uni,PG,L,Papua New Guinea,Pacific
Unserdeutsch,Creole,uln,PG,L,Papua New Guinea,Pacific
Unua,Austronesian,onu,VU,L,Vanuatu,Pacific
Unubahe,Austronesian,unu,PG,L,Papua New Guinea,Pacific
Upper Umpqua,Eyak-Athabaskan,xup,US,X,United States,Americas
Ura,Austronesian,,,,Namibia,Africa
Ura,East New Britain,,,,Namibia,Africa
Uradhi,Australian,urf,AU,X,Australia,Pacific
Urak Lawoi’,Austronesian,urk,TH,L,Thailand,Asia
Urali,Dravidian,url,IN,L,India,Asia
Urapmin,Trans-New Guinea,urm,PG,L,Papua New Guinea,Pacific
Urarina,Language isolate,ura,PE,L,Peru,Americas
Urat,Torricelli,urt,PG,L,Papua New Guinea,Pacific
Urdu,Indo-European,urd,PK,L,Pakistan,Asia
Urhobo,Niger-Congo,urh,NG,L,Nigeria,Africa
Uri,Trans-New Guinea,uvh,PG,L,Papua New Guinea,Pacific
Urim,Torricelli,uri,PG,L,Papua New Guinea,Pacific
Urimo,Torricelli,urx,PG,L,Papua New Guinea,Pacific
Uripiv-Wala-Rano-Atchin,Austronesian,upv,VU,L,Vanuatu,Pacific
Urningangg,Australian,urc,AU,X,Australia,Pacific
Uru,Chipaya-Uru,ure,BO,L,Bolivia,Americas
Uru-Eu-Wau-Wau,Tupian,urz,BR,L,Brazil,Americas
Uru-Pa-In,Tupian,urp,BR,L,Brazil,Americas
Uruangnirin,Austronesian,urn,ID,L,Indonesia,Asia
Uruava,Austronesian,urv,PG,X,Papua New Guinea,Pacific
Urum,Turkic,uum,UA,L,Ukraine,Europe
Urumi,Tupian,uru,BR,X,Brazil,Americas
us-Saare,Niger-Congo,uss,NG,L,Nigeria,Africa
Usaghade,Niger-Congo,usk,CM,L,Cameroon,Africa
Usan,Trans-New Guinea,wnu,PG,L,Papua New Guinea,Pacific
Usarufa,Trans-New Guinea,usa,PG,L,Papua New Guinea,Pacific
Ushojo,Indo-European,ush,PK,L,Pakistan,Asia
Usku,Unclassified,ulf,ID,L,Indonesia,Asia
Usoi,Sino-Tibetan,usi,BD,L,Bangladesh,Asia
Uspanteko,Mayan,usp,GT,L,Guatemala,Americas
ut-Hun,Niger-Congo,uth,NG,L,Nigeria,Africa
ut-Ma’in,Niger-Congo,gel,NG,L,Nigeria,Africa
Utarmbung,Trans-New Guinea,omo,PG,L,Papua New Guinea,Pacific
Ute-Southern Paiute,Uto-Aztecan,ute,US,L,United States,Americas
Utu,Trans-New Guinea,utu,PG,L,Papua New Guinea,Pacific
Utugwang-Irungene-Afrike,Niger-Congo,afe,NG,L,Nigeria,Africa
Uvbie,Niger-Congo,evh,NG,L,Nigeria,Africa
Uya,Trans-New Guinea,usu,PG,L,Papua New Guinea,Pacific
Uyajitaya,Trans-New Guinea,duk,PG,L,Papua New Guinea,Pacific
Uyghur,Turkic,uig,CN,L,China,Asia
"Uzbek, Northern",Turkic,uzn,UZ,L,Uzbekistan,Asia
"Uzbek, Southern",Turkic,uzs,AF,L,Afghanistan,Asia
Uzekwe,Niger-Congo,eze,NG,L,Nigeria,Africa
V’ënen Taut,Austronesian,nmb,VU,L,Vanuatu,Pacific
Vaagri Booli,Indo-European,vaa,IN,L,India,Asia
Vaeakau-Taumako,Austronesian,piv,SB,L,Solomon Islands,Pacific
Vafsi,Indo-European,vaf,IR,L,Iran,Asia
Vaghri,Indo-European,vgr,PK,L,Pakistan,Asia
Vaghua,Austronesian,tva,SB,L,Solomon Islands,Pacific
Vagla,Niger-Congo,vag,GH,L,Ghana,Africa
Vai,Niger-Congo,vai,LR,L,Liberia,Africa
Vaie,Austronesian,bny,MY,L,Malaysia,Asia
Vaiphei,Sino-Tibetan,vap,IN,L,India,Asia
Vale,Nilo-Saharan,vae,CF,L,Central African Republic,Africa
Vamale,Austronesian,mkt,NC,L,New Caledonia,Pacific
Vame,Afro-Asiatic,mlr,CM,L,Cameroon,Africa
Vangunu,Austronesian,mpr,SB,L,Solomon Islands,Pacific
Vanuma,Niger-Congo,vau,CD,L,Democratic Republic of the Congo,Africa
Vao,Austronesian,vao,VU,L,Vanuatu,Pacific
Varhadi-Nagpuri,Indo-European,vah,IN,L,India,Asia
Varisi,Austronesian,vrs,SB,L,Solomon Islands,Pacific
Varli,Indo-European,vav,IN,L,India,Asia
Varsaf,Austronesian,nrg,VU,L,Vanuatu,Pacific
Varvi,Austronesian,bnr,VU,L,Vanuatu,Pacific
Vasavi,Indo-European,vas,IN,L,India,Asia
Veddah,Indo-European,ved,LK,L,Sri Lanka,Asia
Vehes,Austronesian,val,PG,L,Papua New Guinea,Pacific
Veluws,Indo-European,vel,NL,L,Netherlands,Europe
Vemgo-Mabas,Afro-Asiatic,vem,NG,L,Nigeria,Africa
Venda,Niger-Congo,ven,ZA,L,South Africa,Africa
Venetian,Indo-European,vec,IT,L,Italy,Europe
Vengo,Niger-Congo,bav,CM,L,Cameroon,Africa
Ventureño,Chumashan,veo,US,L,United States,Americas
Veps,Uralic,vep,RU,L,Russian Federation,Europe
Vera’a,Austronesian,vra,VU,L,Vanuatu,Pacific
Verre,Niger-Congo,ver,NG,L,Nigeria,Africa
Vidunda,Niger-Congo,vid,TZ,L,Tanzania,Africa
Viemo,Niger-Congo,vig,BF,L,Burkina Faso,Africa
Vietnamese,Austro-Asiatic,vie,VN,L,Vietnam,Asia
Viid,Border,snu,ID,L,Indonesia,Asia
Vilela,Language isolate,vil,AR,X,Argentina,Americas
Vili,Niger-Congo,vif,CG,L,Congo,Africa
Vincentian English Creole,Creole,svc,VC,L,Saint Vincent and the Grenadines,Americas
Vinekula,Austronesian,tmi,VU,L,Vanuatu,Pacific
Vinitiri,Austronesian,vmg,PG,L,Papua New Guinea,Pacific
Virgin Islands English Creole,Creole,vic,VI,L,U.S. Virgin Islands,Americas
Vishavan,Dravidian,vis,IN,L,India,Asia
Viti,Niger-Congo,vit,NG,L,Nigeria,Africa
Vitou,Tor-Kwerba,vto,ID,L,Indonesia,Asia
Vitu,Austronesian,wiv,PG,L,Papua New Guinea,Pacific
Vod,Uralic,vot,RU,L,Russian Federation,Europe
Vori,Niger-Congo,sde,NG,L,Nigeria,Africa
Voro,Niger-Congo,vor,NG,L,Nigeria,Africa
Võro,Uralic,vro,EE,L,Estonia,Europe
Vula’a,Austronesian,hul,PG,L,Papua New Guinea,Pacific
Vumbu,Niger-Congo,vum,GA,L,Gabon,Africa
Vune mi,Afro-Asiatic,mkf,NG,L,Nigeria,Africa
Vunjo,Niger-Congo,vun,TZ,L,Tanzania,Africa
Vurës,Austronesian,msn,VU,L,Vanuatu,Pacific
Vute,Niger-Congo,vut,CM,L,Cameroon,Africa
Vwanji,Niger-Congo,wbi,TZ,L,Tanzania,Africa
"Wa, Parauk",Austro-Asiatic,prk,MM,L,Myanmar,Asia
"Wa, Vo",Austro-Asiatic,wbm,CN,L,China,Asia
Wa’ema,Austronesian,wag,PG,L,Papua New Guinea,Pacific
Waama,Niger-Congo,wwa,BJ,L,Benin,Africa
Waamwang,Austronesian,wmn,NC,X,New Caledonia,Pacific
Waanyi,Australian,wny,AU,L,Australia,Pacific
Waata,Afro-Asiatic,ssn,KE,L,Kenya,Africa
Wabo,Austronesian,wbb,ID,L,Indonesia,Asia
Waboda,Trans-New Guinea,kmx,PG,L,Papua New Guinea,Pacific
Wadaginam,Trans-New Guinea,wdg,PG,L,Papua New Guinea,Pacific
Waddar,Dravidian,wbq,IN,L,India,Asia
Wadi Wadi,Australian,xwd,AU,L,Australia,Pacific
Wadikali,Australian,wdk,AU,X,Australia,Pacific
Wadjabangayi,Australian,wdy,AU,X,Australia,Pacific
Wadjiginy,Australian,wdj,AU,L,Australia,Pacific
Wadjigu,Australian,wdu,AU,X,Australia,Pacific
Wae Rana,Austronesian,wrx,ID,L,Indonesia,Asia
Waffa,Trans-New Guinea,waj,PG,L,Papua New Guinea,Pacific
Wagama,Trans-New Guinea,abg,PG,L,Papua New Guinea,Pacific
Wagawaga,Austronesian,wgb,PG,L,Papua New Guinea,Pacific
Wagaya,Australian,wga,AU,X,Australia,Pacific
Wagdi,Indo-European,wbr,IN,L,India,Asia
Wagi,Trans-New Guinea,fad,PG,L,Papua New Guinea,Pacific
Wagiman,Australian,waq,AU,L,Australia,Pacific
Wahgi,Trans-New Guinea,wgi,PG,L,Papua New Guinea,Pacific
Waigali,Indo-European,wbk,AF,L,Afghanistan,Asia
Wailaki,Eyak-Athabaskan,wlk,US,X,United States,Americas
Waima,Austronesian,rro,PG,L,Papua New Guinea,Pacific
Waima’a,Austronesian,wmh,TL,L,East Timor,Asia
Waimaha,Tucanoan,bao,CO,L,Colombia,Americas
Waimiri-Atroarí,Cariban,atr,BR,L,Brazil,Americas
Waioli,West Papuan,wli,ID,L,Indonesia,Asia
Waiwai,Cariban,waw,BR,L,Brazil,Americas
Waja,Niger-Congo,wja,NG,L,Nigeria,Africa
Wajarri,Australian,wbv,AU,L,Australia,Pacific
Wajiara,Tucanoan,yui,CO,L,Colombia,Americas
Wajuk,Australian,xwj,AU,X,Australia,Pacific
Waka,Niger-Congo,wav,NG,L,Nigeria,Africa
Wakabunga,Australian,wwb,AU,X,Australia,Pacific
Wakawaka,Australian,wkw,AU,L,Australia,Pacific
Wakhi,Indo-European,wbl,AF,L,Afghanistan,Asia
Wakoná,Unclassified,waf,BR,L,Brazil,Americas
Wala,Austronesian,lgl,SB,L,Solomon Islands,Pacific
Walak,Trans-New Guinea,wlw,ID,L,Indonesia,Asia
Walangama,Australian,nlw,AU,X,Australia,Pacific
Wali,Niger-Congo,,,,Namibia,Africa
Wali,Nilo-Saharan,,,,Namibia,Africa
Walio,Sepik,wla,PG,L,Papua New Guinea,Pacific
Walla Walla,Sahaptian,waa,US,L,United States,Americas
Wallisian,Austronesian,wls,WF,L,Wallis and Futuna,Pacific
Walloon,Indo-European,wln,BE,L,Belgium,Europe
Walmajarri,Australian,wmt,AU,L,Australia,Pacific
Walman,Torricelli,van,PG,L,Papua New Guinea,Pacific
Walser,Indo-European,wae,CH,L,Switzerland,Europe
Walungge,Sino-Tibetan,ola,NP,L,Nepal,Asia
Waluwarra,Australian,wrb,AU,X,Australia,Pacific
Wamas,Trans-New Guinea,wmc,PG,L,Papua New Guinea,Pacific
Wambaya,Australian,wmb,AU,L,Australia,Pacific
Wambon,Trans-New Guinea,wms,ID,L,Indonesia,Asia
Wambule,Sino-Tibetan,wme,NP,L,Nepal,Asia
Wamesa,Austronesian,wad,ID,L,Indonesia,Asia
Wamey,Niger-Congo,cou,SN,L,Senegal,Africa
Wamin,Australian,wmi,AU,L,Australia,Pacific
Wampanoag,Algic,wam,US,L,United States,Americas
Wampar,Austronesian,lbq,PG,L,Papua New Guinea,Pacific
Wampís,Jivaroan,hub,PE,L,Peru,Americas
Wampur,Austronesian,waz,PG,L,Papua New Guinea,Pacific
Wan,Niger-Congo,wan,CI,L,Côte d’Ivoire,Africa
Wanano,Tucanoan,gvc,BR,L,Brazil,Americas
Wanap,Torricelli,wnp,PG,L,Papua New Guinea,Pacific
Wanda,Niger-Congo,wbh,TZ,L,Tanzania,Africa
Wandala,Afro-Asiatic,mfi,CM,L,Cameroon,Africa
Wandarang,Australian,wnd,AU,X,Australia,Pacific
Wandji,Niger-Congo,wdd,GA,L,Gabon,Africa
Wané,Niger-Congo,hwa,CI,L,Côte d’Ivoire,Africa
Waneci,Indo-European,wne,PK,L,Pakistan,Asia
Wangaaybuwan-Ngiyambaa,Australian,wyb,AU,X,Australia,Pacific
Wanggamala,Australian,wnm,AU,X,Australia,Pacific
Wanggom,Trans-New Guinea,wng,ID,L,Indonesia,Asia
Wangkangurru,Australian,wgg,AU,X,Australia,Pacific
Wangkayutyuru,Australian,wky,AU,X,Australia,Pacific
Wangkumara,Australian,xwk,AU,X,Australia,Pacific
Wannu,Niger-Congo,jub,NG,L,Nigeria,Africa
Wano,Trans-New Guinea,wno,ID,L,Indonesia,Asia
Wantoat,Trans-New Guinea,wnc,PG,L,Papua New Guinea,Pacific
Wanukaka,Austronesian,wnk,ID,L,Indonesia,Asia
Waorani,Language isolate,auc,EC,L,Ecuador,Americas
Wapan,Niger-Congo,juk,NG,L,Nigeria,Africa
Wãpha,Niger-Congo,juw,NG,L,Nigeria,Africa
Wapichan,Maipurean,wap,GY,L,Guyana,Americas
Wappo,Yukian,wao,US,L,United States,Americas
War-Jaintia,Austro-Asiatic,aml,BD,L,Bangladesh,Asia
Wara,Niger-Congo,wbf,BF,L,Burkina Faso,Africa
Wára,South-Central Papuan,tci,PG,L,Papua New Guinea,Pacific
Waran,Ramu-Lower Sepik,byz,PG,L,Papua New Guinea,Pacific
Warao,Language isolate,wba,VE,L,Venezuela,Americas
Waray,Australian,wrz,AU,X,Australia,Pacific
Waray-Waray,Austronesian,war,PH,L,Philippines,Asia
Wardaman,Australian,wrr,AU,L,Australia,Pacific
Wardandi,Australian,wxw,AU,X,Australia,Pacific
Warembori,Lower Mamberamo,wsa,ID,L,Indonesia,Asia
Wares,Tor-Kwerba,wai,ID,L,Indonesia,Asia
Waris,Border,wrs,PG,L,Papua New Guinea,Pacific
Waritai,Lakes Plain,wbe,ID,L,Indonesia,Asia
Wariyangga,Australian,wri,AU,X,Australia,Pacific
Warji,Afro-Asiatic,wji,NG,L,Nigeria,Africa
Warkay-Bipim,Trans-New Guinea,bgv,ID,L,Indonesia,Asia
Warlmanpa,Australian,wrl,AU,L,Australia,Pacific
Warlpiri,Australian,wbp,AU,L,Australia,Pacific
Warnang,Niger-Congo,wrn,SD,L,Sudan,Africa
Warnman,Australian,wbt,AU,L,Australia,Pacific
Waropen,Austronesian,wrp,ID,L,Indonesia,Asia
Warrgamay,Australian,wgy,AU,L,Australia,Pacific
Warrwa,Australian,wwr,AU,X,Australia,Pacific
Wartha Thuntai,South-Central Papuan,gnt,PG,L,Papua New Guinea,Pacific
Waru,Austronesian,wru,ID,L,Indonesia,Asia
Warumungu,Australian,wrm,AU,L,Australia,Pacific
Waruna,Trans-New Guinea,wrv,PG,L,Papua New Guinea,Pacific
Warungu,Australian,wrg,AU,L,Australia,Pacific
Warwar Feni,Austronesian,hrw,PG,L,Papua New Guinea,Pacific
Wasa,Niger-Congo,wss,GH,L,Ghana,Africa
Wasco-Wishram,Chinookan,wac,US,L,United States,Americas
Wasembo,Trans-New Guinea,gsp,PG,L,Papua New Guinea,Pacific
Washo,Language isolate,was,US,L,United States,Americas
Waskia,Trans-New Guinea,wsk,PG,L,Papua New Guinea,Pacific
Wasu,Unclassified,wsu,BR,L,Brazil,Americas
Watakataui,Sepik,wtk,PG,L,Papua New Guinea,Pacific
Wathawurrung,Australian,wth,AU,X,Australia,Pacific
Watiwa,Trans-New Guinea,wtf,PG,L,Papua New Guinea,Pacific
Watubela,Austronesian,wah,ID,L,Indonesia,Asia
Waube,Trans-New Guinea,kop,PG,L,Papua New Guinea,Pacific
Waurá,Maipurean,wau,BR,L,Brazil,Americas
Wauyai,Austronesian,wuy,ID,L,Indonesia,Asia
Wawa,Niger-Congo,www,CM,L,Cameroon,Africa
Wawonii,Austronesian,wow,ID,L,Indonesia,Asia
Waxianghua,Sino-Tibetan,wxa,CN,L,China,Asia
Wayampi,Tupian,oym,BR,L,Brazil,Americas
Wayana,Cariban,way,SR,L,Suriname,Americas
Wayoró,Tupian,wyr,BR,L,Brazil,Americas
Wayu,Sino-Tibetan,vay,NP,L,Nepal,Asia
Wayuu,Maipurean,guc,CO,L,Colombia,Americas
Wè Northern,Niger-Congo,wob,CI,L,Côte d’Ivoire,Africa
Wè Southern,Niger-Congo,gxx,CI,L,Côte d’Ivoire,Africa
Wè Western,Niger-Congo,wec,CI,L,Côte d’Ivoire,Africa
Wedau,Austronesian,wed,PG,L,Papua New Guinea,Pacific
Weenhayek,Matacoan,mtp,BO,L,Bolivia,Americas
Weh,Niger-Congo,weh,CM,L,Cameroon,Africa
Wejewa,Austronesian,wew,ID,L,Indonesia,Asia
Welaun,Austronesian,wlh,TL,L,East Timor,Asia
Weliki,Trans-New Guinea,klh,PG,L,Papua New Guinea,Pacific
Welsh,Indo-European,cym,GB,L,United Kingdom,Europe
Wemale,Austronesian,weo,ID,L,Indonesia,Asia
Wemba Wemba,Australian,xww,AU,L,Australia,Pacific
Wendat,Iroquoian,wdt,CA,L,Canada,Americas
Wergaia,Australian,weg,AU,L,Australia,Pacific
Weri,Torricelli,aon,PG,L,Papua New Guinea,Pacific
Wersing,Trans-New Guinea,kvw,ID,L,Indonesia,Asia
West Flemish,Indo-European,vls,BE,L,Belgium,Europe
Western Neo-Aramaic,Afro-Asiatic,amw,SY,L,Syria,Asia
Westphalien,Indo-European,wep,DE,L,Germany,Europe
Wewaw,Sino-Tibetan,wea,MM,X,Myanmar,Asia
Weyto,Unclassified,woy,ET,L,Ethiopia,Africa
Whitesands,Austronesian,tnp,VU,L,Vanuatu,Pacific
Wia,Trans-New Guinea,ssj,PG,L,Papua New Guinea,Pacific
Wiarumus,Torricelli,tua,PG,L,Papua New Guinea,Pacific
Wichita,Caddoan,wic,US,L,United States,Americas
Wik Ngathan,Australian,wig,AU,L,Australia,Pacific
Wik-Epa,Australian,wie,AU,X,Australia,Pacific
Wik-Iiyanh,Australian,wij,AU,L,Australia,Pacific
Wik-Keyangan,Australian,wif,AU,X,Australia,Pacific
Wik-Me’anha,Australian,wih,AU,L,Australia,Pacific
Wik-Mungkan,Australian,wim,AU,L,Australia,Pacific
Wikalkan,Australian,wik,AU,L,Australia,Pacific
Wikngenchera,Australian,wua,AU,L,Australia,Pacific
Wilawila,Australian,wil,AU,X,Australia,Pacific
Wintu,Wintuan,wnw,US,X,United States,Americas
Winyé,Niger-Congo,kst,BF,L,Burkina Faso,Africa
Wipi,Eastern Trans-Fly,gdr,PG,L,Papua New Guinea,Pacific
Wiradjuri,Australian,wrh,AU,L,Australia,Pacific
Wiraféd,Tupian,wir,BR,X,Brazil,Americas
Wirangu,Australian,wgu,AU,L,Australia,Pacific
Wiru,Trans-New Guinea,wiu,PG,L,Papua New Guinea,Pacific
"Witoto, Minika",Witotoan,hto,CO,L,Colombia,Americas
"Witoto, Murui",Witotoan,huu,CO,L,Colombia,Americas
"Witoto, Nipode",Witotoan,hux,CO,L,Colombia,Americas
Wiyot,Algic,wiy,US,L,United States,Americas
Woccon,Siouan-Catawban,xwc,US,X,United States,Americas
Wogamusin,Sepik,wog,PG,L,Papua New Guinea,Pacific
Wogeo,Austronesian,woc,PG,L,Papua New Guinea,Pacific
Woi,Austronesian,wbw,ID,L,Indonesia,Asia
Woiwurrung,Australian,wyi,AU,L,Australia,Pacific
Wojenaka,Niger-Congo,jod,CI,L,Côte d’Ivoire,Africa
Wolane,Afro-Asiatic,wle,ET,L,Ethiopia,Africa
Wolani,Trans-New Guinea,wod,ID,L,Indonesia,Asia
Wolaytta,Afro-Asiatic,wal,ET,L,Ethiopia,Africa
Woleaian,Austronesian,woe,FM,L,Micronesia,Pacific
Wolio,Austronesian,wlo,ID,L,Indonesia,Asia
Wolof,Niger-Congo,wol,SN,L,Senegal,Africa
"Wolof, Gambian",Niger-Congo,wof,GM,L,Gambia,Africa
Wom,Niger-Congo,,,,Namibia,Africa
Wom,Torricelli,,,,Namibia,Africa
Wongo,Niger-Congo,won,CD,L,Democratic Republic of the Congo,Africa
Woria,East Geelvink Bay,wor,ID,L,Indonesia,Asia
Worimi,Australian,kda,AU,L,Australia,Pacific
Worodougou,Niger-Congo,jud,CI,L,Côte d’Ivoire,Africa
Worrorra,Australian,wro,AU,L,Australia,Pacific
Wotjobaluk,Australian,xwt,AU,X,Australia,Pacific
Wotu,Austronesian,wtw,ID,L,Indonesia,Asia
Woun Meu,Chocoan,noa,CO,L,Colombia,Americas
Wudu,Niger-Congo,wud,TG,L,Togo,Africa
Wuliwuli,Australian,wlu,AU,X,Australia,Pacific
Wulna,Australian,wux,AU,X,Australia,Pacific
Wumboko,Niger-Congo,bqm,CM,L,Cameroon,Africa
Wumbvu,Niger-Congo,wum,GA,L,Gabon,Africa
Wunambal,Australian,wub,AU,L,Australia,Pacific
Wunumara,Australian,wnn,AU,X,Australia,Pacific
Wushi,Niger-Congo,bse,CM,L,Cameroon,Africa
Wutung,Skou,wut,PG,L,Papua New Guinea,Pacific
Wutunhua,Mixed language,wuh,CN,L,China,Asia
Wuvulu-Aua,Austronesian,wuv,PG,L,Papua New Guinea,Pacific
Wuzlam,Afro-Asiatic,udl,CM,L,Cameroon,Africa
Wyandot,Iroquoian,wyn,US,L,United States,Americas
Wymysorys,Indo-European,wym,PL,L,Poland,Europe
Xaasongaxango,Niger-Congo,kao,ML,L,Mali,Africa
Xakriabá,Jean,xkr,BR,L,Brazil,Americas
Xamtanga,Afro-Asiatic,xan,ET,L,Ethiopia,Africa
Xârâcùù,Austronesian,ane,NC,L,New Caledonia,Pacific
Xârâgurè,Austronesian,axx,NC,L,New Caledonia,Pacific
Xavánte,Jean,xav,BR,L,Brazil,Americas
Xerénte,Jean,xer,BR,L,Brazil,Americas
Xetá,Tupian,xet,BR,L,Brazil,Americas
Xhosa,Niger-Congo,xho,ZA,L,South Africa,Africa
Xibe,Tungusic,sjo,CN,L,China,Asia
Xinca,Language isolate,xin,GT,L,Guatemala,Americas
Xingoni,Niger-Congo,xnq,MZ,L,Mozambique,Africa
Xipaya,Tupian,xiy,BR,L,Brazil,Americas
Xiri,Khoe-Kwadi,xii,ZA,L,South Africa,Africa
Xiriâna,Maipurean,xir,BR,L,Brazil,Americas
Xokleng,Jean,xok,BR,L,Brazil,Americas
Xukurú,Language isolate,xoo,BR,L,Brazil,Americas
ǀXam,Tuu,xam,ZA,X,South Africa,Africa
ǁXegwi,Tuu,xeg,ZA,X,South Africa,Africa
Yaaku,Afro-Asiatic,muu,KE,L,Kenya,Africa
Yabaâna,Maipurean,ybn,BR,L,Brazil,Americas
Yabarana,Cariban,yar,VE,L,Venezuela,Americas
Yabem,Austronesian,jae,PG,L,Papua New Guinea,Pacific
Yaben,Trans-New Guinea,ybm,PG,L,Papua New Guinea,Pacific
Yabong,Trans-New Guinea,ybo,PG,L,Papua New Guinea,Pacific
Yabula Yabula,Australian,yxy,AU,X,Australia,Pacific
Yace,Niger-Congo,ekr,NG,L,Nigeria,Africa
Yadgha,Indo-European,ydg,PK,L,Pakistan,Asia
Yaeyama,Japonic,rys,JP,L,Japan,Asia
Yagara,Australian,yxg,AU,X,Australia,Pacific
Yagaria,Trans-New Guinea,ygr,PG,L,Papua New Guinea,Pacific
Yagnobi,Indo-European,yai,TJ,L,Tajikistan,Asia
Yagua,Yaguan,yad,PE,L,Peru,Americas
Yagwoia,Trans-New Guinea,ygw,PG,L,Papua New Guinea,Pacific
Yahadian,Trans-New Guinea,ner,ID,L,Indonesia,Asia
Yahang,Torricelli,rhp,PG,L,Papua New Guinea,Pacific
Yahuna,Tucanoan,ynu,CO,L,Colombia,Americas
Yaka,Niger-Congo,,,,Namibia,Africa
Yaka,Niger-Congo,,,,Namibia,Africa
Yaka,Niger-Congo,,,,Namibia,Africa
Yakaikeke,Austronesian,ykk,PG,L,Papua New Guinea,Pacific
Yakama,Sahaptian,yak,US,L,United States,Americas
Yakan,Austronesian,yka,PH,L,Philippines,Asia
Yakkha,Sino-Tibetan,ybh,NP,L,Nepal,Asia
"Yakkha, Chhathare",Sino-Tibetan,luu,NP,L,Nepal,Asia
Yakoma,Niger-Congo,yky,CF,L,Central African Republic,Africa
Yakut,Turkic,sah,RU,L,Russian Federation,Europe
Yala,Niger-Congo,yba,NG,L,Nigeria,Africa
Yalahatan,Austronesian,jal,ID,L,Indonesia,Asia
Yalakalore,Nambikwara,xyl,BR,X,Brazil,Americas
Yalaku,Sepik,ylg,PG,L,Papua New Guinea,Pacific
Yalarnnga,Australian,ylr,AU,X,Australia,Pacific
Yale,Language isolate,nce,PG,L,Papua New Guinea,Pacific
"Yale, Kosarek",Trans-New Guinea,kkl,ID,L,Indonesia,Asia
Yaleba,Austronesian,ylb,PG,L,Papua New Guinea,Pacific
"Yali, Angguruk",Trans-New Guinea,yli,ID,L,Indonesia,Asia
"Yali, Ninia",Trans-New Guinea,nlk,ID,L,Indonesia,Asia
"Yali, Pass Valley",Trans-New Guinea,yac,ID,L,Indonesia,Asia
Yalunka,Niger-Congo,yal,GN,L,Guinea,Africa
Yámana,Language isolate,yag,CL,L,Chile,Americas
Yamap,Austronesian,ymp,PG,L,Papua New Guinea,Pacific
Yamba,Niger-Congo,yam,CM,L,Cameroon,Africa
Yamben,Trans-New Guinea,ynb,PG,L,Papua New Guinea,Pacific
Yambes,Torricelli,ymb,PG,L,Papua New Guinea,Pacific
Yambeta,Niger-Congo,yat,CM,L,Cameroon,Africa
Yamdena,Austronesian,jmd,ID,L,Indonesia,Asia
Yameo,Yaguan,yme,PE,X,Peru,Americas
Yami,Austronesian,tao,TW,L,Taiwan,Asia
Yaminahua,Panoan,yaa,PE,L,Peru,Americas
Yamongeri,Niger-Congo,ymg,CD,L,Democratic Republic of the Congo,Africa
Yamphu,Sino-Tibetan,ybi,NP,L,Nepal,Asia
"Yamphu, Southern",Sino-Tibetan,lrr,NP,L,Nepal,Asia
Yan-nhangu,Australian,jay,AU,X,Australia,Pacific
Yana,Language isolate,ynn,US,X,United States,Americas
Yanda,Australian,yda,AU,X,Australia,Pacific
Yandjibara,Australian,xyb,AU,X,Australia,Pacific
Yandruwandha,Australian,ynd,AU,X,Australia,Pacific
Yanesha’,Maipurean,ame,PE,L,Peru,Americas
Yangben,Niger-Congo,yav,CM,L,Cameroon,Africa
Yangkam,Niger-Congo,bsx,NG,L,Nigeria,Africa
Yangman,Australian,jng,AU,L,Australia,Pacific
Yango,Niger-Congo,yng,CD,L,Democratic Republic of the Congo,Africa
Yangum Dey,Torricelli,yde,PG,L,Papua New Guinea,Pacific
Yangum Gel,Torricelli,ygl,PG,L,Papua New Guinea,Pacific
Yangum Mon,Torricelli,ymo,PG,L,Papua New Guinea,Pacific
Yankunytjatjara,Australian,kdd,AU,L,Australia,Pacific
Yanomámi,Yanomaman,wca,BR,L,Brazil,Americas
Yanomamö,Yanomaman,guu,VE,L,Venezuela,Americas
Yanyuwa,Australian,jao,AU,L,Australia,Pacific
Yao,Niger-Congo,yao,MW,L,Malawi,Africa
Yaouré,Niger-Congo,yre,CI,L,Côte d’Ivoire,Africa
Yapese,Austronesian,yap,FM,L,Micronesia,Pacific
Yaqay,Trans-New Guinea,jaq,ID,L,Indonesia,Asia
Yaqui,Uto-Aztecan,yaq,MX,L,Mexico,Americas
Yarawata,Trans-New Guinea,yrw,PG,L,Papua New Guinea,Pacific
Yardliyawarra,Australian,yxl,AU,X,Australia,Pacific
Yareba,Trans-New Guinea,yrb,PG,L,Papua New Guinea,Pacific
Yarluyandi,Australian,yry,AU,L,Australia,Pacific
Yaroamë,Yanomaman,yro,BR,L,Brazil,Americas
Yarsun,Austronesian,yrs,ID,L,Indonesia,Asia
Yassic,Indo-European,ysc,HU,X,Hungary,Europe
Yatay,Australian,yty,AU,X,Australia,Pacific
Yau,Trans-New Guinea,,,,Namibia,Africa
Yau,Torricelli,,,,Namibia,Africa
Yauma,Niger-Congo,yax,AO,L,Angola,Africa
Yaur,Austronesian,jau,ID,L,Indonesia,Asia
Yavitero,Maipurean,yvt,VE,X,Venezuela,Americas
Yawa,West Papuan,yva,ID,L,Indonesia,Asia
Yawalapití,Maipurean,yaw,BR,L,Brazil,Americas
Yawanawa,Panoan,ywn,BR,L,Brazil,Americas
Yawarawarga,Australian,yww,AU,X,Australia,Pacific
Yaweyuha,Trans-New Guinea,yby,PG,L,Papua New Guinea,Pacific
Yawijibaya,Australian,jbw,AU,L,Australia,Pacific
Yawiyo,Sepik,ybx,PG,L,Papua New Guinea,Pacific
Yawuno Teneyo,Arai (Left May),itr,PG,L,Papua New Guinea,Pacific
Yawuru,Australian,ywr,AU,L,Australia,Pacific
Yaygir,Australian,xya,AU,X,Australia,Pacific
Yazghulami,Indo-European,yah,TJ,L,Tajikistan,Asia
Yei,South-Central Papuan,jei,ID,L,Indonesia,Asia
Yekora,Trans-New Guinea,ykr,PG,L,Papua New Guinea,Pacific
Yela,Yele-West New Britain,,,,Namibia,Africa
Yélî Dnye,Yele-West New Britain,yle,PG,L,Papua New Guinea,Pacific
Yelmek,South-Central Papuan,jel,ID,L,Indonesia,Asia
Yemba,Niger-Congo,ybb,CM,L,Cameroon,Africa
Yemsa,Afro-Asiatic,jnj,ET,L,Ethiopia,Africa
Yendang,Niger-Congo,ynq,NG,L,Nigeria,Africa
Yeni,Unclassified,yei,CM,X,Cameroon,Africa
Yeniche,Mixed language,yec,DE,L,Germany,Europe
Yerakai,Sepik,yra,PG,L,Papua New Guinea,Pacific
Yeresiam,Austronesian,ire,ID,L,Indonesia,Asia
Yeretuar,Austronesian,gop,ID,L,Indonesia,Asia
Yeri,Torricelli,yev,PG,L,Papua New Guinea,Pacific
Yerong,Kra-Dai,yrn,CN,L,China,Asia
Yerukula,Dravidian,yeu,IN,L,India,Asia
Yessan-Mayo,Sepik,yss,PG,L,Papua New Guinea,Pacific
Yetfa,Unclassified,yet,ID,L,Indonesia,Asia
Yevanic,Indo-European,yej,GR,L,Greece,Europe
Yeyi,Niger-Congo,yey,BW,L,Botswana,Africa
"Yi, Wuding-Luquan",Sino-Tibetan,ywq,CN,L,China,Asia
"Yiddish, Eastern",Indo-European,ydd,UA,L,Ukraine,Europe
"Yiddish, Western",Indo-European,yih,DE,L,Germany,Europe
Yidiny,Australian,yii,AU,L,Australia,Pacific
Yil,Torricelli,yll,PG,L,Papua New Guinea,Pacific
Yilan Creole,Creole,ycr,TW,L,Taiwan,Asia
Yimas,Ramu-Lower Sepik,yee,PG,L,Papua New Guinea,Pacific
Yinbaw,Sino-Tibetan,kvu,MM,L,Myanmar,Asia
Yindjibarndi,Australian,yij,AU,L,Australia,Pacific
Yindjilandji,Australian,yil,AU,X,Australia,Pacific
Yine,Maipurean,pib,PE,L,Peru,Americas
Yinggarda,Australian,yia,AU,L,Australia,Pacific
Yinhawangka,Australian,ywg,AU,L,Australia,Pacific
Yiningayi,Australian,ygi,AU,X,Australia,Pacific
Yintale,Sino-Tibetan,kvy,MM,L,Myanmar,Asia
Yinwum,Australian,yxm,AU,X,Australia,Pacific
Yipma,Trans-New Guinea,byr,PG,L,Papua New Guinea,Pacific
Yir-Yoront,Australian,yyr,AU,L,Australia,Pacific
Yirandali,Australian,ljw,AU,X,Australia,Pacific
Yirrk-Mel,Australian,yrm,AU,L,Australia,Pacific
Yis,Torricelli,yis,PG,L,Papua New Guinea,Pacific
Yitha Yitha,Unclassified,xth,AU,L,Australia,Pacific
Yoba,Austronesian,yob,PG,X,Papua New Guinea,Pacific
Yogad,Austronesian,yog,PH,L,Philippines,Asia
Yoidik,Trans-New Guinea,ydk,PG,L,Papua New Guinea,Pacific
Yoke,Lower Mamberamo,yki,ID,L,Indonesia,Asia
Yokuts,Yokutsan,yok,US,L,United States,Americas
Yola,Indo-European,yol,IE,L,Ireland,Europe
Yom,Niger-Congo,pil,BJ,L,Benin,Africa
Yonaguni,Japonic,yoi,JP,L,Japan,Asia
Yong,Kra-Dai,yno,TH,L,Thailand,Asia
Yongkom,Trans-New Guinea,yon,PG,L,Papua New Guinea,Pacific
Yopno,Trans-New Guinea,yut,PG,L,Papua New Guinea,Pacific
Yoron,Japonic,yox,JP,L,Japan,Asia
Yorta Yorta,Australian,xyy,AU,X,Australia,Pacific
Yoruba,Niger-Congo,yor,NG,L,Nigeria,Africa
Yote,Austronesian,wab,PG,L,Papua New Guinea,Pacific
Yotti,Niger-Congo,yot,NG,L,Nigeria,Africa
Yout Wam,Trans-New Guinea,ytw,PG,L,Papua New Guinea,Pacific
Yoy,Kra-Dai,yoy,TH,L,Thailand,Asia
Yuanga,Austronesian,nua,NC,L,New Caledonia,Pacific
Yuchi,Language isolate,yuc,US,L,United States,Americas
Yucuna,Maipurean,ycn,CO,L,Colombia,Americas
Yug,Yeniseian,yug,RU,X,Russian Federation,Europe
Yugambal,Australian,yub,AU,X,Australia,Pacific
Yugul,Australian,ygu,AU,X,Australia,Pacific
"Yugur, East",Mongolic,yuy,CN,L,China,Asia
"Yugur, West",Turkic,ybe,CN,L,China,Asia
Yuhup,Puinavean,yab,BR,L,Brazil,Americas
Yui,Trans-New Guinea,sll,PG,L,Papua New Guinea,Pacific
"Yukaghir, Northern",Yukaghir,ykg,RU,L,Russian Federation,Europe
"Yukaghir, Southern",Yukaghir,yux,RU,L,Russian Federation,Europe
Yuki,Yukian,yuk,US,L,United States,Americas
Yukpa,Cariban,yup,CO,L,Colombia,Americas
Yukuben,Niger-Congo,ybl,NG,L,Nigeria,Africa
Yulu,Nilo-Saharan,yul,CF,L,Central African Republic,Africa
"Yupik, Central",Eskimo-Aleut,esu,US,L,United States,Americas
"Yupik, Naukan",Eskimo-Aleut,ynk,RU,L,Russian Federation,Europe
"Yupik, Pacific Gulf",Eskimo-Aleut,ems,US,L,United States,Americas
"Yupik, Saint Lawrence Island",Eskimo-Aleut,ess,US,L,United States,Americas
"Yupik, Sirenik",Eskimo-Aleut,ysr,RU,X,Russian Federation,Europe
Yuqui,Tupian,yuq,BO,L,Bolivia,Americas
Yura,Panoan,mts,PE,L,Peru,Americas
Yuracare,Language isolate,yuz,BO,L,Bolivia,Americas
Yurats,Uralic,rts,RU,X,Russian Federation,Europe
Yurok,Algic,yur,US,L,United States,Americas
Yuru,Australian,ljx,AU,X,Australia,Pacific
Yuwei,Trans-New Guinea,whg,PG,L,Papua New Guinea,Pacific
Yuyu,Australian,yxu,AU,L,Australia,Pacific
Ywom,Afro-Asiatic,gek,NG,L,Nigeria,Africa
Zabana,Austronesian,kji,SB,L,Solomon Islands,Pacific
Zaghawa,Nilo-Saharan,zag,SD,L,Sudan,Africa
Zaiwa,Sino-Tibetan,atb,CN,L,China,Asia
Zakhring,Sino-Tibetan,zkr,CN,L,China,Asia
Zamwal,Afro-Asiatic,zah,NG,L,Nigeria,Africa
Zan Gula,Niger-Congo,zna,TD,L,Chad,Africa
Zanaki,Niger-Congo,zak,TZ,L,Tanzania,Africa
Zande,Niger-Congo,zne,CD,L,Democratic Republic of the Congo,Africa
Zangskari,Sino-Tibetan,zau,IN,L,India,Asia
Záparo,Zaparoan,zro,EC,L,Ecuador,Americas
"Zapotec, Aloápam",Otomanguean,zaq,MX,L,Mexico,Americas
"Zapotec, Amatlán",Otomanguean,zpo,MX,L,Mexico,Americas
"Zapotec, Asunción Mixtepec",Otomanguean,zoo,MX,L,Mexico,Americas
"Zapotec, Ayoquesco",Otomanguean,zaf,MX,L,Mexico,Americas
"Zapotec, Cajonos",Otomanguean,zad,MX,L,Mexico,Americas
"Zapotec, Chichicapan",Otomanguean,zpv,MX,L,Mexico,Americas
"Zapotec, Choapan",Otomanguean,zpc,MX,L,Mexico,Americas
"Zapotec, Coatecas Altas",Otomanguean,zca,MX,L,Mexico,Americas
"Zapotec, Coatlán",Otomanguean,zps,MX,L,Mexico,Americas
"Zapotec, El Alto",Otomanguean,zpp,MX,L,Mexico,Americas
"Zapotec, Elotepec",Otomanguean,zte,MX,L,Mexico,Americas
"Zapotec, Guevea de Humboldt",Otomanguean,zpg,MX,L,Mexico,Americas
"Zapotec, Güilá",Otomanguean,ztu,MX,L,Mexico,Americas
"Zapotec, Isthmus",Otomanguean,zai,MX,L,Mexico,Americas
"Zapotec, Lachiguiri",Otomanguean,zpa,MX,L,Mexico,Americas
"Zapotec, Lachixío",Otomanguean,zpl,MX,L,Mexico,Americas
"Zapotec, Lapaguía-Guivini",Otomanguean,ztl,MX,L,Mexico,Americas
"Zapotec, Las Delicias",Otomanguean,zcd,MX,L,Mexico,Americas
"Zapotec, Loxicha",Otomanguean,ztp,MX,L,Mexico,Americas
"Zapotec, Mazaltepec",Otomanguean,zpy,MX,L,Mexico,Americas
"Zapotec, Miahuatlán",Otomanguean,zam,MX,L,Mexico,Americas
"Zapotec, Mitla",Otomanguean,zaw,MX,L,Mexico,Americas
"Zapotec, Mixtepec",Otomanguean,zpm,MX,L,Mexico,Americas
"Zapotec, Ocotlán",Otomanguean,zac,MX,L,Mexico,Americas
"Zapotec, Ozolotepec",Otomanguean,zao,MX,L,Mexico,Americas
"Zapotec, Petapa",Otomanguean,zpe,MX,L,Mexico,Americas
"Zapotec, Quiavicuzas",Otomanguean,zpj,MX,L,Mexico,Americas
"Zapotec, Quioquitani-Quierí",Otomanguean,ztq,MX,L,Mexico,Americas
"Zapotec, Rincón",Otomanguean,zar,MX,L,Mexico,Americas
"Zapotec, San Agustín Mixtepec",Otomanguean,ztm,MX,L,Mexico,Americas
"Zapotec, San Baltazar Loxicha",Otomanguean,zpx,MX,L,Mexico,Americas
"Zapotec, San Pedro Quiatoni",Otomanguean,zpf,MX,L,Mexico,Americas
"Zapotec, San Vicente Coatlán",Otomanguean,zpt,MX,L,Mexico,Americas
"Zapotec, Santa Catarina Albarradas",Otomanguean,ztn,MX,L,Mexico,Americas
"Zapotec, Santa Inés Yatzechi",Otomanguean,zpn,MX,L,Mexico,Americas
"Zapotec, Santa María Quiegolani",Otomanguean,zpi,MX,L,Mexico,Americas
"Zapotec, Santiago Xanica",Otomanguean,zpr,MX,L,Mexico,Americas
"Zapotec, Santo Domingo Albarradas",Otomanguean,zas,MX,L,Mexico,Americas
"Zapotec, Sierra de Juárez",Otomanguean,zaa,MX,L,Mexico,Americas
"Zapotec, Southeastern Ixtlán",Otomanguean,zpd,MX,L,Mexico,Americas
"Zapotec, Southern Rincon",Otomanguean,zsr,MX,L,Mexico,Americas
"Zapotec, Tabaa",Otomanguean,zat,MX,L,Mexico,Americas
"Zapotec, Tejalapan",Otomanguean,ztt,MX,L,Mexico,Americas
"Zapotec, Texmelucan",Otomanguean,zpz,MX,L,Mexico,Americas
"Zapotec, Tilquiapan",Otomanguean,zts,MX,L,Mexico,Americas
"Zapotec, Tlacolulita",Otomanguean,zpk,MX,L,Mexico,Americas
"Zapotec, Totomachapan",Otomanguean,zph,MX,L,Mexico,Americas
"Zapotec, Western Tlacolula Valley",Otomanguean,zab,MX,L,Mexico,Americas
"Zapotec, Xadani",Otomanguean,zax,MX,L,Mexico,Americas
"Zapotec, Xanaguía",Otomanguean,ztg,MX,L,Mexico,Americas
"Zapotec, Yalálag",Otomanguean,zpu,MX,L,Mexico,Americas
"Zapotec, Yareni",Otomanguean,zae,MX,L,Mexico,Americas
"Zapotec, Yatee",Otomanguean,zty,MX,L,Mexico,Americas
"Zapotec, Yatzachi",Otomanguean,zav,MX,L,Mexico,Americas
"Zapotec, Yautepec",Otomanguean,zpb,MX,L,Mexico,Americas
"Zapotec, Zaachila",Otomanguean,ztx,MX,L,Mexico,Americas
"Zapotec, Zaniza",Otomanguean,zpw,MX,L,Mexico,Americas
"Zapotec, Zoogocho",Otomanguean,zpq,MX,L,Mexico,Americas
Zaramo,Niger-Congo,zaj,TZ,L,Tanzania,Africa
Zari,Afro-Asiatic,zaz,NG,L,Nigeria,Africa
Zarma,Nilo-Saharan,dje,NE,L,Niger,Africa
Zauzou,Sino-Tibetan,zal,CN,L,China,Asia
Zay,Afro-Asiatic,zwa,ET,L,Ethiopia,Africa
Zayein,Sino-Tibetan,kxk,MM,L,Myanmar,Asia
Zayse,Afro-Asiatic,zay,ET,L,Ethiopia,Africa
"Zazaki, Northern",Indo-European,kiu,TR,L,Turkey,Asia
"Zazaki, Southern",Indo-European,diq,TR,L,Turkey,Asia
Zazao,Austronesian,jaj,SB,L,Solomon Islands,Pacific
Zeem,Afro-Asiatic,zem,NG,L,Nigeria,Africa
Zeeuws,Indo-European,zea,NL,L,Netherlands,Europe
Zemgalian,Indo-European,xzm,LV,X,Latvia,Europe
Zenag,Austronesian,zeg,PG,L,Papua New Guinea,Pacific
Zenaga,Afro-Asiatic,zen,MR,L,Mauritania,Africa
Zerenkel,Afro-Asiatic,zrn,TD,L,Chad,Africa
Zhaba,Sino-Tibetan,zhb,CN,L,China,Asia
Zhire,Niger-Congo,zhi,NG,L,Nigeria,Africa
Zhoa,Niger-Congo,zhw,CM,L,Cameroon,Africa
"Zhuang, Central Hongshuihe",Kra-Dai,zch,CN,L,China,Asia
"Zhuang, Dai",Kra-Dai,zhd,CN,L,China,Asia
"Zhuang, Eastern Hongshuihe",Kra-Dai,zeh,CN,L,China,Asia
"Zhuang, Guibei",Kra-Dai,zgb,CN,L,China,Asia
"Zhuang, Guibian",Kra-Dai,zgn,CN,L,China,Asia
"Zhuang, Lianshan",Kra-Dai,zln,CN,L,China,Asia
"Zhuang, Liujiang",Kra-Dai,zlj,CN,L,China,Asia
"Zhuang, Liuqian",Kra-Dai,zlq,CN,L,China,Asia
"Zhuang, Minz",Kra-Dai,zgm,CN,L,China,Asia
"Zhuang, Nong",Kra-Dai,zhn,CN,L,China,Asia
"Zhuang, Qiubei",Kra-Dai,zqe,CN,L,China,Asia
"Zhuang, Yang",Kra-Dai,zyg,CN,L,China,Asia
"Zhuang, Yongbei",Kra-Dai,zyb,CN,L,China,Asia
"Zhuang, Yongnan",Kra-Dai,zyn,CN,L,China,Asia
"Zhuang, Youjiang",Kra-Dai,zyj,CN,L,China,Asia
"Zhuang, Zuojiang",Kra-Dai,zzj,CN,L,China,Asia
Zia,Trans-New Guinea,zia,PG,L,Papua New Guinea,Pacific
Zialo,Niger-Congo,zil,GN,L,Guinea,Africa
Zibinju,Afro-Asiatic,jmb,NG,L,Nigeria,Africa
Zigula,Niger-Congo,ziw,TZ,L,Tanzania,Africa
Zimakani,Trans-New Guinea,zik,PG,L,Papua New Guinea,Pacific
Zimba,Niger-Congo,zmb,CD,L,Democratic Republic of the Congo,Africa
Zinza,Niger-Congo,zin,TZ,L,Tanzania,Africa
Zizilivakan,Afro-Asiatic,ziz,NG,L,Nigeria,Africa
Zo,Sino-Tibetan,zom,MM,L,Myanmar,Asia
Zo’é,Tupian,pto,BR,L,Brazil,Americas
Zokhuo,Sino-Tibetan,yzk,CN,L,China,Asia
"Zoque, Chimalapa",Mixe-Zoquean,zoh,MX,L,Mexico,Americas
"Zoque, Copainalá",Mixe-Zoquean,zoc,MX,L,Mexico,Americas
"Zoque, Francisco León",Mixe-Zoquean,zos,MX,L,Mexico,Americas
"Zoque, Rayón",Mixe-Zoquean,zor,MX,L,Mexico,Americas
"Zoque, Tabasco",Mixe-Zoquean,zoq,MX,L,Mexico,Americas
Zorop,Pauwasi,wfg,ID,L,Indonesia,Asia
Zul,Afro-Asiatic,zlu,NG,L,Nigeria,Africa
Zula,Niger-Congo,zla,CD,L,Democratic Republic of the Congo,Africa
Zulgo-Gemzek,Afro-Asiatic,gnd,CM,L,Cameroon,Africa
Zulu,Niger-Congo,zul,ZA,L,South Africa,Africa
Zumaya,Afro-Asiatic,zuy,CM,X,Cameroon,Africa
Zuni,Language isolate,zun,US,L,United States,Americas
