Name;Families;;
’Auhelawa;Austronesian;;
A-Pucikwar;Andamanese;;
A’ou;Kra-Dai;;
Aari;Afro-Asiatic;;
Aasáx;Afro-Asiatic;;
Abadi;Austronesian;;
Abai Sungai;Austronesian;;
Abanglekuo;Niger-Congo;;
Abanyom;Niger-Congo;;
Abau;Sepik;;
Abaza;Abkhaz-Adyghe;;
Abé;Niger-Congo;;
Abenaki, Eastern;Algic;;
Abenaki, Western;Algic;;
Abidji;Niger-Congo;;
Abinomn;Language isolate;;
Abipon;Guaykuruan;;
Abishi;Niger-Congo;;
Abkhaz;Abkhaz-Adyghe;;
Abom;Trans-New Guinea;;
Abon;Niger-Congo;;
Abron;Niger-Congo;;
Abu;Ramu-Lower Sepik;;
Abu’;Torricelli;;
Abua;Niger-Congo;;
Abui;Trans-New Guinea;;
Abun;Language isolate;;
Abure;Niger-Congo;;
Abureni;Niger-Congo;;
Aceh;Austronesian;;
Achagua;Maipurean;;
Achang;Sino-Tibetan;;
Ache;Sino-Tibetan;;
Aché;Tupian;;
Acheron;Niger-Congo;;
Achi;Mayan;;
Acholi;Nilo-Saharan;;
Achterhoeks;Indo-European;;
Achuar-Shiwiar;Jivaroan;;
Achumawi;Palaihnihan;;
Acipa, Eastern;Niger-Congo;;
Acroá;Jean;;
Adai;Unclassified;;
Adang;Trans-New Guinea;;
Adangbe;Niger-Congo;;
Adara;Niger-Congo;;
Adasen;Austronesian;;
Adele;Niger-Congo;;
Adi;Sino-Tibetan;;
Adi, Galo;Sino-Tibetan;;
Adioukrou;Niger-Congo;;
Adithinngithigh;Australian;;
Adnyamathanha;Australian;;
Adonara;Austronesian;;
Aduge;Niger-Congo;;
Adyghe;Abkhaz-Adyghe;;
Adzera;Austronesian;;
Aeka;Trans-New Guinea;;
Aekyom;Trans-New Guinea;;
Aer;Indo-European;;
Afade;Afro-Asiatic;;
Afar;Afro-Asiatic;;
Afitti;Nilo-Saharan;;
Afrikaans;Indo-European;;
Afro-Seminole Creole;Creole;;
Agarabi;Trans-New Guinea;;
Agariya;Austro-Asiatic;;
Agatu;Niger-Congo;;
Agavotaguerra;Unclassified;;
Aghem;Niger-Congo;;
Aghu;Trans-New Guinea;;
Aghu-Tharnggala;Australian;;
Aghul;Nakh-Daghestanian;;
Agi;Torricelli;;
Agob;South-Central Papuan;;
Agta, Casiguran Dumagat;Austronesian;;
Agta, Central Cagayan;Austronesian;;
Agta, Dicamay;Austronesian;;
Agta, Dupaninan;Austronesian;;
Agta, Katubung;Austronesian;;
Agta, Mt. Iraya;Austronesian;;
Agta, Mt. Iriga;Austronesian;;
Agta, Pahanan;Austronesian;;
Agta, Umiray Dumaget;Austronesian;;
Agta, Villa Viciosa;Austronesian;;
Aguano;Unclassified;;
Aguna;Niger-Congo;;
Agutaynen;Austronesian;;
Agwagwune;Niger-Congo;;
Ahan;Niger-Congo;;
Ahanta;Niger-Congo;;
Aheu;Austro-Asiatic;;
Ahirani;Indo-European;;
Ahom;Kra-Dai;;
Ahtena;Eyak-Athabaskan;;
Ahwai;Niger-Congo;;
Ai-Cham;Kra-Dai;;
Aighon;Austronesian;;
Aikanã;Language isolate;;
Aiklep;Austronesian;;
Aimaq;Indo-European;;
Aimol;Sino-Tibetan;;
Ainbai;Border;;
Ainu;Language isolate;;
Ainu;Turkic;;
Aiome;Ramu-Lower Sepik;;
Airoran;Tor-Kwerba;;
Aisi;Trans-New Guinea;;
Aiton;Kra-Dai;;
Äiwoo;Austronesian;;
Aizi, Aproumu;Niger-Congo;;
Aizi, Mobumrin;Niger-Congo;;
Aizi, Tiagbamrin;Niger-Congo;;
Aja;Niger-Congo;;
Aja;Nilo-Saharan;;
Ajawa;Afro-Asiatic;;
Ajië;Austronesian;;
Ajiri;Niger-Congo;;
Ajiya;Niger-Congo;;
Ajumbu;Niger-Congo;;
Ajyíninka Apurucayali;Maipurean;;
Ak;Sepik;;
Aka;Nilo-Saharan;;
Aka-Bea;Andamanese;;
Aka-Bo;Andamanese;;
Aka-Cari;Andamanese;;
Aka-Jeru;Andamanese;;
Aka-Kede;Andamanese;;
Aka-Kol;Andamanese;;
Aka-Kora;Andamanese;;
Akan;Niger-Congo;;
Akar-Bale;Andamanese;;
Akaselem;Niger-Congo;;
Akateko;Mayan;;
Akawaio;Cariban;;
Akebu;Niger-Congo;;
Akei;Austronesian;;
Akeu;Sino-Tibetan;;
Akha;Sino-Tibetan;;
Akhvakh;Nakh-Daghestanian;;
Aklanon;Austronesian;;
Akolet;Austronesian;;
Akoose;Niger-Congo;;
Akoye;Trans-New Guinea;;
Akpes;Niger-Congo;;
Akukem;Ramu-Lower Sepik;;
Akuku;Niger-Congo;;
Akum;Niger-Congo;;
Akuntsu;Tupian;;
Akurio;Cariban;;
Akwa;Niger-Congo;;
Akweya;Niger-Congo;;
Akye;Niger-Congo;;
Alaba-K’abeena;Afro-Asiatic;;
Alabama;Muskogean;;
Alago;Niger-Congo;;
Alagwa;Afro-Asiatic;;
Alak;Austro-Asiatic;;
Alamblak;Sepik;;
Alangan;Austronesian;;
Alapmunte;Nambikwara;;
Alawa;Australian;;
Albanian, Arbëreshë;Indo-European;;
Albanian, Arvanitika;Indo-European;;
Albanian, Gheg;Indo-European;;
Albanian, Tosk;Indo-European;;
Ale;Afro-Asiatic;;
Alekano;Trans-New Guinea;;
Aleut;Eskimo-Aleut;;
Aleut, Mednyj;Mixed language;;
Algonquin;Algic;;
Ali;Niger-Congo;;
Alladian;Niger-Congo;;
Allar;Dravidian;;
Alngith;Australian;;
Alor;Austronesian;;
Alsea;Unclassified;;
Alta, Northern;Austronesian;;
Alta, Southern;Austronesian;;
Altai, Northern;Turkic;;
Altai, Southern;Turkic;;
Alugu;Sino-Tibetan;;
Alune;Austronesian;;
Aluo;Sino-Tibetan;;
Alur;Nilo-Saharan;;
Alutor;Chukotko-Kamchatkan;;
Alviri-Vidari;Indo-European;;
Alyawarr;Australian;;
Ama;Nilo-Saharan;;
Amahai;Austronesian;;
Amahuaca;Panoan;;
Amaimon;Trans-New Guinea;;
Amako;Trans-New Guinea;;
Amal;Sepik;;
Amalah;Niger-Congo;;
Amam;Trans-New Guinea;;
Amami-Oshima, Northern;Japonic;;
Amami-Oshima, Southern;Japonic;;
Amanab;Border;;
Amanayé;Tupian;;
Amara;Austronesian;;
Amarakaeri;Harákmbut;;
Amarasi;Austronesian;;
Amba;Austronesian;;
Amba;Niger-Congo;;
Ambae, East;Austronesian;;
Ambae, West;Austronesian;;
Ambai;Austronesian;;
Ambakich;Ramu-Lower Sepik;;
Ambel;Austronesian;;
Ambelau;Austronesian;;
Ambele;Niger-Congo;;
Amblong;Austronesian;;
Ambo;Niger-Congo;;
Ambrak;Torricelli;;
Ambrym, North;Austronesian;;
Ambrym, Southeast;Austronesian;;
Ambul;Austronesian;;
Ambulas;Sepik;;
Amdang;Nilo-Saharan;;
Amele;Trans-New Guinea;;
Amharic;Afro-Asiatic;;
Ami;Australian;;
Amio-Gelimi;Austronesian;;
Amis;Austronesian;;
Amo;Niger-Congo;;
Amon;Niger-Congo;;
Ampanang;Austronesian;;
Amri Karbi;Sino-Tibetan;;
Amto;Amto-Musan;;
Amundava;Tupian;;
Amurdak;Australian;;
Amuzgo, Guerrero;Otomanguean;;
Amuzgo, Ipalapa;Otomanguean;;
Amuzgo, San Pedro Amuzgos;Otomanguean;;
Anaang;Niger-Congo;;
Anakalangu;Austronesian;;
Anal;Sino-Tibetan;;
Anam;Trans-New Guinea;;
Anambé;Tupian;;
Anamuxra;Trans-New Guinea;;
Anasi;East Geelvink Bay;;
Áncá;Niger-Congo;;
Andaandi;Nilo-Saharan;;
Andai;Arafundi;;
Andajin;Australian;;
Andaman Hindi Creole;Creole;;
Andaqui;Paezan;;
Andarum;Ramu-Lower Sepik;;
Andegerebinha;Australian;;
Andh;Indo-European;;
Andi;Nakh-Daghestanian;;
Andio;Austronesian;;
Andoa;Zaparoan;;
Andoque;Language isolate;;
Andra-Hus;Austronesian;;
Aneityum;Austronesian;;
Anem;Yele-West New Britain;;
Aneme Wake;Trans-New Guinea;;
Anfillo;Afro-Asiatic;;
Angaataha;Trans-New Guinea;;
Angaité;Mascoyan;;
Angal;Trans-New Guinea;;
Angal Enen;Trans-New Guinea;;
Angal Heneng;Trans-New Guinea;;
Angika;Indo-European;;
Angkamuthi;Australian;;
Angloromani;Mixed language;;
Angolar;Creole;;
Angor;Senagi;;
Angoram;Ramu-Lower Sepik;;
Anguthimri;Australian;;
Anii;Niger-Congo;;
Animere;Niger-Congo;;
Anindilyakwa;Australian;;
Aninka;Niger-Congo;;
Anjam;Trans-New Guinea;;
Ankave;Trans-New Guinea;;
Anmatyerr;Australian;;
Anong;Sino-Tibetan;;
Anor;Ramu-Lower Sepik;;
Anserma;Paezan;;
Ansus;Austronesian;;
Antikarinya;Australian;;
Anuak;Nilo-Saharan;;
Anufo;Niger-Congo;;
Anuki;Austronesian;;
Anus;Austronesian;;
Anuta;Austronesian;;
Anyin;Niger-Congo;;
Anyin Morofo;Niger-Congo;;
Aoheng;Austronesian;;
Aore;Austronesian;;
Ap Ma;Ramu-Lower Sepik;;
Apache, Jicarilla;Eyak-Athabaskan;;
Apache, Kiowa;Eyak-Athabaskan;;
Apache, Lipan;Eyak-Athabaskan;;
Apache, Mescalero-Chiricahua;Eyak-Athabaskan;;
Apache, Western;Eyak-Athabaskan;;
Apal;Trans-New Guinea;;
Apalachee;Muskogean;;
Apalaí;Cariban;;
Apatani;Sino-Tibetan;;
Apiaká;Tupian;;
Apinagé;Jean;;
Apma;Austronesian;;
Apurinã;Maipurean;;
Aputai;Austronesian;;
Arabana;Australian;;
Arabela;Zaparoan;;
Arabic, Algerian;Afro-Asiatic;;
Arabic, Algerian Saharan;Afro-Asiatic;;
Arabic, Baharna;Afro-Asiatic;;
Arabic, Chadian;Afro-Asiatic;;
Arabic, Cypriot;Afro-Asiatic;;
Arabic, Dhofari;Afro-Asiatic;;
Arabic, Eastern Egyptian Bedawi;Afro-Asiatic;;
Arabic, Egyptian;Afro-Asiatic;;
Arabic, Gulf;Afro-Asiatic;;
Arabic, Hadrami;Afro-Asiatic;;
Arabic, Hijazi;Afro-Asiatic;;
Arabic, Juba;Creole;;
Arabic, Judeo-Iraqi;Afro-Asiatic;;
Arabic, Judeo-Moroccan;Afro-Asiatic;;
Arabic, Judeo-Tripolitanian;Afro-Asiatic;;
Arabic, Judeo-Yemeni;Afro-Asiatic;;
Arabic, Levantine;Afro-Asiatic;;
Arabic, Libyan;Afro-Asiatic;;
Arabic, Mesopotamian;Afro-Asiatic;;
Arabic, Moroccan;Afro-Asiatic;;
Arabic, Najdi;Afro-Asiatic;;
Arabic, North Mesopotamian;Afro-Asiatic;;
Arabic, Omani;Afro-Asiatic;;
Arabic, Sa’idi;Afro-Asiatic;;
Arabic, Sanaani;Afro-Asiatic;;
Arabic, Shihhi;Afro-Asiatic;;
Arabic, Standard;Afro-Asiatic;;
Arabic, Sudanese;Afro-Asiatic;;
Arabic, Ta’izzi-Adeni;Afro-Asiatic;;
Arabic, Tajiki;Afro-Asiatic;;
Arabic, Tunisian;Afro-Asiatic;;
Arabic, Uzbeki;Afro-Asiatic;;
Aragonese;Indo-European;;
Arakwal;Australian;;
Aralle-Tabulahan;Austronesian;;
Aramba;South-Central Papuan;;
Aranadan;Dravidian;;
Aranama-Tamique;Unclassified;;
Aranda, Lower Southern;Australian;;
Arandai;Trans-New Guinea;;
Araona;Tacanan;;
Arapaho;Algic;;
Arapaso;Tucanoan;;
Arára, Mato Grosso;Unclassified;;
Arara, Pará;Cariban;;
Ararandewára;Tupian;;
Arawak;Maipurean;;
Araweté;Tupian;;
Arbore;Afro-Asiatic;;
Archi;Nakh-Daghestanian;;
Are;Austronesian;;
Areare;Austronesian;;
Areba;Australian;;
Arem;Austro-Asiatic;;
Argobba;Afro-Asiatic;;
Arguni;Austronesian;;
Arhâ;Austronesian;;
Arhö;Austronesian;;
Arhuaco;Chibchan;;
Ari;Trans-New Guinea;;
Aribwatsa;Austronesian;;
Aribwaung;Austronesian;;
Arigidi;Niger-Congo;;
Arikapú;Jabutian;;
Arikara;Caddoan;;
Arikem;Tupian;;
Arin;Yeniseian;;
Aringa;Nilo-Saharan;;
Armenian;Indo-European;;
Armenian, Western;Indo-European;;
Aro;Torricelli;;
Aromanian;Indo-European;;
Arop-Lokep;Austronesian;;
Arosi;Austronesian;;
Arpitan;Indo-European;;
Arrarnta, Western;Australian;;
Arrernte, Eastern;Australian;;
Arritinngithigh;Australian;;
Arta;Austronesian;;
Aruá;Arauan;;
Aruá;Tupian;;
Aruamu;Ramu-Lower Sepik;;
Aruek;Torricelli;;
Arum;Niger-Congo;;
Aruop;Torricelli;;
Arutani;Language isolate;;
As;Austronesian;;
Asa’a;Trans-New Guinea;;
Asaba;Sepik;;
Asaro’o;Trans-New Guinea;;
Asháninka;Maipurean;;
Ashe;Niger-Congo;;
Ashéninka, Pajonal;Maipurean;;
Ashéninka, Perené;Maipurean;;
Ashéninka, Pichis;Maipurean;;
Ashéninka, South Ucayali;Maipurean;;
Ashéninka, Ucayali-Yurúa;Maipurean;;
Ashkun;Indo-European;;
Ashtiani;Indo-European;;
Asilulu;Austronesian;;
Askopan;North Bougainville;;
Asmat, Casuarina Coast;Trans-New Guinea;;
Asmat, Central;Trans-New Guinea;;
Asmat, North;Trans-New Guinea;;
Asmat, Yaosakor;Trans-New Guinea;;
Asoa;Nilo-Saharan;;
Assamese;Indo-European;;
Assangori;Nilo-Saharan;;
Assiniboine;Siouan-Catawban;;
Assyrian Neo-Aramaic;Afro-Asiatic;;
Asturian;Indo-European;;
Asu;Niger-Congo;;
Asu;Niger-Congo;;
Asumboa;Austronesian;;
Asuri;Austro-Asiatic;;
Asurini of Xingú;Tupian;;
Asurini, Tocantins;Tupian;;
Ata;Austronesian;;
Atakapa;Language isolate;;
Atampaya;Australian;;
Atauran;Austronesian;;
Atayal;Austronesian;;
Ateso;Nilo-Saharan;;
Athpariya;Sino-Tibetan;;
Ati;Austronesian;;
Atikamekw;Algic;;
Atin;Austronesian;;
Atohwaim;Trans-New Guinea;;
Atong;Niger-Congo;;
Atong;Sino-Tibetan;;
Atorada;Maipurean;;
Atoro;Niger-Congo;;
Atsahuaca;Panoan;;
Atsam;Niger-Congo;;
Atsugewi;Palaihnihan;;
Atta, Faire;Austronesian;;
Atta, Pamplona;Austronesian;;
Atta, Pudtol;Austronesian;;
Attié;Niger-Congo;;
Au;Torricelli;;
Aukan;Creole;;
Aulua;Austronesian;;
Aurá;Tupian;;
Aushi;Niger-Congo;;
Aushiri;Language isolate;;
Austral;Austronesian;;
Auwe;Border;;
Auye;Trans-New Guinea;;
Auyokawa;Afro-Asiatic;;
Auyu, Central;Trans-New Guinea;;
Avá-Canoeiro;Tupian;;
Avar;Nakh-Daghestanian;;
Avatime;Niger-Congo;;
Avau;Austronesian;;
Avava;Austronesian;;
Avestan;Indo-European;;
Avikam;Niger-Congo;;
Avokaya;Nilo-Saharan;;
Avonnoh;Niger-Congo;;
Awa;Austro-Asiatic;;
Awa;Trans-New Guinea;;
Awa-Cuaiquer;Barbacoan;;
Awabakal;Australian;;
Awad Bing;Austronesian;;
Awadhi;Indo-European;;
Awajún;Jivaroan;;
Awak;Niger-Congo;;
Awakateko;Mayan;;
Awar;Ramu-Lower Sepik;;
Awara;Trans-New Guinea;;
Awbono;Bayono-Awbono;;
Aweer;Afro-Asiatic;;
Awera;Lakes Plain;;
Awetí;Tupian;;
Awing;Niger-Congo;;
Awishira;Unclassified;;
Awiyaana;Trans-New Guinea;;
Awjilah;Afro-Asiatic;;
Awngi;Afro-Asiatic;;
Awngthim;Australian;;
Awtuw;Sepik;;
Awu;Sino-Tibetan;;
Awun;Sepik;;
Awutu;Niger-Congo;;
Awyi;Border;;
Awyu, Asue;Trans-New Guinea;;
Awyu, Edera;Trans-New Guinea;;
Awyu, Jair;Trans-New Guinea;;
Awyu, North;Trans-New Guinea;;
Awyu, South;Trans-New Guinea;;
Axamb;Austronesian;;
Axi;Sino-Tibetan;;
Ayabadhu;Australian;;
Ayerrerenge;Australian;;
Ayi;Sepik;;
Ayizi;Sino-Tibetan;;
Aymara, Central;Aymaran;;
Aymara, Southern;Aymaran;;
Ayoreo;Zamucoan;;
Ayta, Abellen;Austronesian;;
Ayta, Ambala;Austronesian;;
Ayta, Mag-antsi;Austronesian;;
Ayta, Mag-Indi;Austronesian;;
Ayta, Magbukun;Austronesian;;
Ayta, Sorsogon;Austronesian;;
Ayu;Niger-Congo;;
Azerbaijani, North;Turkic;;
Azerbaijani, South;Turkic;;
Azha;Sino-Tibetan;;
Azhe;Sino-Tibetan;;
Aziana;Trans-New Guinea;;
ǁAni;Khoe-Kwadi;;
ǂ’Amkhoe;Kx’a;;
Baan;Niger-Congo;;
Baangi;Niger-Congo;;
Baatonum;Niger-Congo;;
Babango;Niger-Congo;;
Babanki;Niger-Congo;;
Babar, North;Austronesian;;
Babar, Southeast;Austronesian;;
Babatana;Austronesian;;
Babine;Eyak-Athabaskan;;
Babuza;Austronesian;;
Bacama;Afro-Asiatic;;
Bada;Austronesian;;
Badaga;Dravidian;;
Bade;Afro-Asiatic;;
Badeshi;Indo-European;;
Badimaya;Australian;;
Badjiri;Australian;;
Baduy;Austronesian;;
Badyara;Niger-Congo;;
Baeggu;Austronesian;;
Baelelea;Austronesian;;
Baetora;Austronesian;;
Bafaw-Balong;Niger-Congo;;
Bafia;Niger-Congo;;
Bafut;Niger-Congo;;
Baga Kaloum;Niger-Congo;;
Baga Koga;Niger-Congo;;
Baga Manduri;Niger-Congo;;
Baga Pokur;Niger-Congo;;
Baga Sitemu;Niger-Congo;;
Baga Sobané;Niger-Congo;;
Bagheli;Indo-European;;
Bagirmi;Nilo-Saharan;;
Bago-Kusuntu;Niger-Congo;;
Bagobo-Klata;Austronesian;;
Bagri;Indo-European;;
Bagupi;Trans-New Guinea;;
Bagusa;Tor-Kwerba;;
Bagvalal;Nakh-Daghestanian;;
Baham;Trans-New Guinea;;
Bahamas English Creole;Creole;;
Bahau;Austronesian;;
Bahinemo;Sepik;;
Bahing;Sino-Tibetan;;
Bahnar;Austro-Asiatic;;
Bahonsuai;Austronesian;;
Bai;Niger-Congo;;
Bai, Central;Sino-Tibetan;;
Bai, Lama;Sino-Tibetan;;
Bai, Panyi;Sino-Tibetan;;
Bai, Southern;Sino-Tibetan;;
Baibai;Fas;;
Baikeno;Austronesian;;
Baima;Sino-Tibetan;;
Baimak;Trans-New Guinea;;
Bainouk-Gunyaamolo;Niger-Congo;;
Bainouk-Gunyuño;Niger-Congo;;
Bainouk-Samik;Niger-Congo;;
Baiso;Afro-Asiatic;;
Baiyamo;Sepik;;
Bajan;Creole;;
Bajau, Indonesian;Austronesian;;
Bajau, West Coast;Austronesian;;
Bajelani;Indo-European;;
Bajjika;Indo-European;;
Baka;Niger-Congo;;
Baka;Nilo-Saharan;;
Bakairí;Cariban;;
Bakaka;Niger-Congo;;
Bakati’;Austronesian;;
Bakati’, Rara;Austronesian;;
Bakati’, Sara;Austronesian;;
Bakhtiâri;Indo-European;;
Baki;Austronesian;;
Bakoko;Niger-Congo;;
Bakole;Niger-Congo;;
Bakumpai;Austronesian;;
Bakwé;Niger-Congo;;
Balaesang;Austronesian;;
Balangao;Austronesian;;
Balanta;Niger-Congo;;
Balanta-Ganja;Niger-Congo;;
Balantak;Austronesian;;
Baldemu;Afro-Asiatic;;
Balen;Austronesian;;
Bali;Austronesian;;
Bali;Niger-Congo;;
Bali;Niger-Congo;;
Balkan Gagauz Turkish;Turkic;;
Balo;Niger-Congo;;
Balochi, Eastern;Indo-European;;
Balochi, Southern;Indo-European;;
Balochi, Western;Indo-European;;
Baloi;Niger-Congo;;
Balti;Sino-Tibetan;;
Bamanankan;Niger-Congo;;
Bambam;Austronesian;;
Bambili-Bambui;Niger-Congo;;
Bamu;Trans-New Guinea;;
Bamun;Niger-Congo;;
Bana;Afro-Asiatic;;
Banam Bay;Austronesian;;
Banda;Austronesian;;
Banda-Bambari;Niger-Congo;;
Banda-Banda;Niger-Congo;;
Banda-Mbrès;Niger-Congo;;
Banda-Ndélé;Niger-Congo;;
Banda-Yangere;Niger-Congo;;
Banda, Mid-Southern;Niger-Congo;;
Banda, South Central;Niger-Congo;;
Banda, Togbo-Vara;Niger-Congo;;
Banda, West Central;Niger-Congo;;
Bandi;Niger-Congo;;
Bandial;Niger-Congo;;
Bandjalang;Australian;;
Bangala;Niger-Congo;;
Bangandu;Niger-Congo;;
Bangba;Niger-Congo;;
Banggai;Austronesian;;
Bangi;Niger-Congo;;
Bangime;Language isolate;;
Bangka;Austronesian;;
Bangon;Austronesian;;
Bangubangu;Niger-Congo;;
Bangwinji;Niger-Congo;;
Baniva;Maipurean;;
Baniwa;Maipurean;;
Banjar;Austronesian;;
Bankagooma;Niger-Congo;;
Bankal;Niger-Congo;;
Bankon;Niger-Congo;;
Bannoni;Austronesian;;
Bantawa;Sino-Tibetan;;
Bantayanon;Austronesian;;
Bantik;Austronesian;;
Bantoanon;Austronesian;;
Banyjima;Australian;;
Baoulé;Niger-Congo;;
Barababaraba;Australian;;
Barai;Trans-New Guinea;;
Barakai;Austronesian;;
Baram;Sino-Tibetan;;
Barama;Niger-Congo;;
Barambu;Niger-Congo;;
Baramu;Trans-New Guinea;;
Barapasi;East Geelvink Bay;;
Baras;Austronesian;;
Barasana-Eduria;Tucanoan;;
Barbaram;Australian;;
Barbareño;Chumashan;;
Bardi;Australian;;
Baré;Maipurean;;
Barein;Afro-Asiatic;;
Bareli, Palya;Indo-European;;
Bareli, Pauri;Indo-European;;
Bareli, Rathwi;Indo-European;;
Bargam;Trans-New Guinea;;
Bari;Nilo-Saharan;;
Barí;Chibchan;;
Bariai;Austronesian;;
Bariji;Trans-New Guinea;;
Barikanchi;Pidgin;;
Barikewa;Trans-New Guinea;;
Barngarla;Australian;;
Barok;Austronesian;;
Barombi;Niger-Congo;;
Barrow Point;Australian;;
Baruga;Trans-New Guinea;;
Barwe;Niger-Congo;;
Barzani-Sandu Jewish Neo-Aramaic;Afro-Asiatic;;
Basa;Niger-Congo;;
Basa-Gumna;Niger-Congo;;
Basa-Gurmana;Niger-Congo;;
Basaa;Niger-Congo;;
Basap;Austronesian;;
Basay;Austronesian;;
Bashkardi;Indo-European;;
Bashkort;Turkic;;
Basketo;Afro-Asiatic;;
Basque;Language isolate;;
Bassa;Niger-Congo;;
Bassa-Kontagora;Niger-Congo;;
Bassossi;Niger-Congo;;
Bata;Afro-Asiatic;;
Batak;Austronesian;;
Batak Alas-Kluet;Austronesian;;
Batak Angkola;Austronesian;;
Batak Dairi;Austronesian;;
Batak Karo;Austronesian;;
Batak Mandailing;Austronesian;;
Batak Simalungun;Austronesian;;
Batak Toba;Austronesian;;
Batanga;Niger-Congo;;
Batek;Austro-Asiatic;;
Bateri;Indo-European;;
Bathari;Afro-Asiatic;;
Bati;Austronesian;;
Bati;Niger-Congo;;
Bats;Nakh-Daghestanian;;
Batu;Niger-Congo;;
Batui;Austronesian;;
Bauchi;Niger-Congo;;
Bauni;Skou;;
Baure;Maipurean;;
Bauria;Indo-European;;
Bauro;Austronesian;;
Bauwaki;Trans-New Guinea;;
Bauzi;East Geelvink Bay;;
Bavarian;Indo-European;;
Bay Miwok;Miwok-Costanoan;;
Bayali;Australian;;
Baybayanon;Austronesian;;
Baygo;Nilo-Saharan;;
Bayono;Bayono-Awbono;;
Bayot;Niger-Congo;;
Bayungu;Australian;;
Bazigar;Indo-European;;
Beaver;Eyak-Athabaskan;;
Beba;Niger-Congo;;
Bebele;Niger-Congo;;
Bebeli;Austronesian;;
Bebil;Niger-Congo;;
Bedamuni;Trans-New Guinea;;
Bedawiyet;Afro-Asiatic;;
Bedjond;Nilo-Saharan;;
Bedoanas;Austronesian;;
Beeke;Niger-Congo;;
Beele;Afro-Asiatic;;
Beembe;Niger-Congo;;
Beezen;Niger-Congo;;
Befang;Niger-Congo;;
Beginci;Austronesian;;
Behoa;Austronesian;;
Bekwarra;Niger-Congo;;
Bekwel;Niger-Congo;;
Belait;Austronesian;;
Belanda Bor;Nilo-Saharan;;
Belanda Viri;Niger-Congo;;
Belarusian;Indo-European;;
Belhariya;Sino-Tibetan;;
Beli;Nilo-Saharan;;
Beli;Torricelli;;
Belize English Creole;Creole;;
Bella Coola;Salish;;
Bellari;Dravidian;;
Belning;Afro-Asiatic;;
Bemba;Niger-Congo;;
Bembe;Niger-Congo;;
Bena;Niger-Congo;;
Bena;Niger-Congo;;
Benabena;Trans-New Guinea;;
Benamanga;Niger-Congo;;
Bench;Afro-Asiatic;;
Bende;Niger-Congo;;
Bendi;Nilo-Saharan;;
Beneraf;Tor-Kwerba;;
Beng;Niger-Congo;;
Benga;Niger-Congo;;
Bengali;Indo-European;;
Benggoi;Austronesian;;
Bentong;Austronesian;;
Benyadu’;Austronesian;;
Beothuk;Unclassified;;
Bepour;Trans-New Guinea;;
Berakou;Nilo-Saharan;;
Berawan, Central;Austronesian;;
Berawan, East;Austronesian;;
Berawan, West;Austronesian;;
Berbice Dutch Creole;Creole;;
Berik;Tor-Kwerba;;
Berinomo;Sepik;;
Bermejo Wichí;Matacoan;;
Berom;Niger-Congo;;
Berta;Nilo-Saharan;;
Berti;Nilo-Saharan;;
Besme;Niger-Congo;;
Betaf;Tor-Kwerba;;
Betawi;Creole;;
Bete;Niger-Congo;;
Bete-Bendi;Niger-Congo;;
Bété, Daloa;Niger-Congo;;
Bété, Gagnoa;Niger-Congo;;
Bété, Guiberoua;Niger-Congo;;
Beti;Niger-Congo;;
Bezhta;Nakh-Daghestanian;;
Bhadrawahi;Indo-European;;
Bhalay;Indo-European;;
Bharia;Dravidian;;
Bhatri;Indo-European;;
Bhattiyali;Indo-European;;
Bhaya;Indo-European;;
Bhele;Niger-Congo;;
Bhilali;Indo-European;;
Bhili;Indo-European;;
Bhogoto;Niger-Congo;;
Bhojpuri;Indo-European;;
Bhujel;Sino-Tibetan;;
Bhunjia;Indo-European;;
Biafada;Niger-Congo;;
Biage;Trans-New Guinea;;
Biak;Austronesian;;
Biali;Niger-Congo;;
Biangai;Trans-New Guinea;;
Biao;Kra-Dai;;
Biao Mon;Hmong-Mien;;
Biao-Jiao Mien;Hmong-Mien;;
Biate;Sino-Tibetan;;
Bibbulman;Australian;;
Bidayuh Serian;Austronesian;;
Bidayuh, Bau;Austronesian;;
Bidayuh, Biatah;Austronesian;;
Bidayuh, Tringgus-Sembaan;Austronesian;;
Bidhawal;Australian;;
Bidiyo;Afro-Asiatic;;
Bidjara;Australian;;
Biem;Austronesian;;
Bierebo;Austronesian;;
Bieria;Austronesian;;
Biga;Austronesian;;
Bigambal;Australian;;
Bih;Austronesian;;
Bijagó;Niger-Congo;;
Bijim;Niger-Congo;;
Bijori;Austro-Asiatic;;
Bikol, Buhi’non;Austronesian;;
Bikol, Central;Austronesian;;
Bikol, Libon;Austronesian;;
Bikol, Miraya;Austronesian;;
Bikol, Northern Catanduanes;Austronesian;;
Bikol, Rinconada;Austronesian;;
Bikol, Southern Catanduanes;Austronesian;;
Bikol, West Albay;Austronesian;;
Bikya;Niger-Congo;;
Bila;Niger-Congo;;
Bilaspuri;Indo-European;;
Bilba;Austronesian;;
Bilbil;Austronesian;;
Bilen;Afro-Asiatic;;
Bille;Niger-Congo;;
Biloxi;Siouan-Catawban;;
Bilua;Central Solomons;;
Bima;Austronesian;;
Bimin;Trans-New Guinea;;
Bimoba;Niger-Congo;;
Bina;Austronesian;;
Bina;Niger-Congo;;
Binahari;Trans-New Guinea;;
Binandere;Trans-New Guinea;;
Bindal;Australian;;
Bindji;Niger-Congo;;
Bine;Eastern Trans-Fly;;
Bintauna;Austronesian;;
Binukid;Austronesian;;
Binukidnon, Northern;Austronesian;;
Binukidnon, Southern;Austronesian;;
Binumarien;Trans-New Guinea;;
Bipi;Austronesian;;
Bira;Niger-Congo;;
Birao;Austronesian;;
Birgit;Afro-Asiatic;;
Birhor;Austro-Asiatic;;
Biri;Australian;;
Birifor, Malba;Niger-Congo;;
Birifor, Southern;Niger-Congo;;
Biritai;Lakes Plain;;
Birked;Nilo-Saharan;;
Birri;Nilo-Saharan;;
Birrpayi;Australian;;
Birwa;Niger-Congo;;
Bisa;Niger-Congo;;
Bisã;Niger-Congo;;
Bisaya, Brunei;Austronesian;;
Bisaya, Sabah;Austronesian;;
Biseni;Niger-Congo;;
Bishnupuriya;Indo-European;;
Bishuo;Niger-Congo;;
Bisis;Sepik;;
Bislama;Creole;;
Bisorio;Trans-New Guinea;;
Bisu;Sino-Tibetan;;
Bit;Austro-Asiatic;;
Bitare;Niger-Congo;;
Bitur;Trans-New Guinea;;
Biwat;Yuat;;
Biyo;Sino-Tibetan;;
Biyom;Trans-New Guinea;;
Blaan, Koronadal;Austronesian;;
Blaan, Sarangani;Austronesian;;
Blablanga;Austronesian;;
Blackfoot;Algic;;
Blafe;South-Central Papuan;;
Blagar;Trans-New Guinea;;
Blang;Austro-Asiatic;;
Bo;Arai (Left May);;
Bo;Austro-Asiatic;;
Bo-Rukul;Niger-Congo;;
Bo-Ung;Trans-New Guinea;;
Boano;Austronesian;;
Bobo Madaré, Southern;Niger-Congo;;
Bobongko;Austronesian;;
Bobot;Austronesian;;
Bodo;Niger-Congo;;
Bodo Parja;Indo-European;;
Bofi;Niger-Congo;;
Boga;Afro-Asiatic;;
Bogaya;Trans-New Guinea;;
Boghom;Afro-Asiatic;;
Bogkalot;Austronesian;;
Boguru;Niger-Congo;;
Bohtan Neo-Aramaic;Afro-Asiatic;;
Boikin;Sepik;;
Bokha;Sino-Tibetan;;
Boko;Niger-Congo;;
Boko;Niger-Congo;;
Bokobaru;Niger-Congo;;
Bokyi;Niger-Congo;;
Bola;Austronesian;;
Bolango;Austronesian;;
Bole;Afro-Asiatic;;
Bolgo;Niger-Congo;;
Bolia;Niger-Congo;;
Bolinao;Austronesian;;
Boloki;Niger-Congo;;
Bolon;Niger-Congo;;
Bolondo;Niger-Congo;;
Bolyu;Austro-Asiatic;;
Bom-Kim;Niger-Congo;;
Boma;Niger-Congo;;
Bomboli;Niger-Congo;;
Bomboma;Niger-Congo;;
Bomitaba;Niger-Congo;;
Bomu;Niger-Congo;;
Bomwali;Niger-Congo;;
Bon Gula;Niger-Congo;;
Bonan;Mongolic;;
Bondei;Niger-Congo;;
Bondo;Austro-Asiatic;;
Bonerate;Austronesian;;
Bonggi;Austronesian;;
Bonggo;Austronesian;;
Bongili;Niger-Congo;;
Bongo;Nilo-Saharan;;
Bongu;Trans-New Guinea;;
Bonjo;Niger-Congo;;
Bonkeng;Niger-Congo;;
Bonkiman;Trans-New Guinea;;
Bontok, Central;Austronesian;;
Bontok, Eastern;Austronesian;;
Bontok, Northern;Austronesian;;
Bontok, Southern;Austronesian;;
Bontok, Southwestern;Austronesian;;
Boon;Afro-Asiatic;;
Boor;Afro-Asiatic;;
Bora;Witotoan;;
Borna;Afro-Asiatic;;
Boro;Niger-Congo;;
Boro;Sino-Tibetan;;
Borong;Trans-New Guinea;;
Borôro;Bororoan;;
Boruca;Chibchan;;
Boselewa;Austronesian;;
Bosmun;Ramu-Lower Sepik;;
Bosnian;Indo-European;;
Bote;Indo-European;;
Botlikh;Nakh-Daghestanian;;
Bouni;Skou;;
Bouyei;Kra-Dai;;
Bozaba;Niger-Congo;;
Bozo, Jenaama;Niger-Congo;;
Bozo, Kelengaxo;Niger-Congo;;
Bozo, Tiemacèwè;Niger-Congo;;
Bozo, Tieyaxo;Niger-Congo;;
Bragat;Torricelli;;
Brahui;Dravidian;;
Braj Bhasha;Indo-European;;
Brao;Austro-Asiatic;;
Brem;Trans-New Guinea;;
Breri;Ramu-Lower Sepik;;
Breton;Indo-European;;
Bribri;Chibchan;;
Brokkat;Sino-Tibetan;;
Brokpake;Sino-Tibetan;;
Brokskat;Indo-European;;
Broome Pearling Lugger Pidgin;Pidgin;;
Bru, Eastern;Austro-Asiatic;;
Bru, Western;Austro-Asiatic;;
Brunei;Austronesian;;
Bu;Afro-Asiatic;;
Bu;Niger-Congo;;
Bua;Niger-Congo;;
Buamu;Niger-Congo;;
Buang, Central;Austronesian;;
Buang, Mangga;Austronesian;;
Bube;Niger-Congo;;
Bubi;Niger-Congo;;
Bubia;Niger-Congo;;
Budibud;Austronesian;;
Budja;Niger-Congo;;
Budong-Budong;Austronesian;;
Budu;Niger-Congo;;
Budukh;Nakh-Daghestanian;;
Buduma;Afro-Asiatic;;
Bugan;Austro-Asiatic;;
Bugawac;Austronesian;;
Bughotu;Austronesian;;
Bugis;Austronesian;;
Buglere;Chibchan;;
Bugun;Sino-Tibetan;;
Buhid;Austronesian;;
Buhutu;Austronesian;;
Bukat;Austronesian;;
Bukharic;Indo-European;;
Bukitan;Austronesian;;
Bukiyip;Torricelli;;
Bukpe;Niger-Congo;;
Buksa;Indo-European;;
Bukusu;Niger-Congo;;
Bukwen;Niger-Congo;;
Bulgarian;Indo-European;;
Buli;Afro-Asiatic;;
Buli;Austronesian;;
Buli;Niger-Congo;;
Bullom So;Niger-Congo;;
Bulu;Austronesian;;
Bulu;Niger-Congo;;
Bulungan;Austronesian;;
Bum;Niger-Congo;;
Bumaji;Niger-Congo;;
Bumang;Austro-Asiatic;;
Bumthangkha;Sino-Tibetan;;
Bun;Yuat;;
Buna;Torricelli;;
Bunak;Trans-New Guinea;;
Bunama;Austronesian;;
Bundeli;Indo-European;;
Bung;Unclassified;;
Bungain;Torricelli;;
Bunganditj;Australian;;
Bungku;Austronesian;;
Bungu;Niger-Congo;;
Bunu, Bu-Nao;Hmong-Mien;;
Bunu, Jiongnai;Hmong-Mien;;
Bunu, Wunai;Hmong-Mien;;
Bunu, Younuo;Hmong-Mien;;
Bunuba;Australian;;
Bunun;Austronesian;;
Buol;Austronesian;;
Bura-Pabir;Afro-Asiatic;;
Burak;Niger-Congo;;
Buraka;Niger-Congo;;
Burarra;Australian;;
Burate;East Geelvink Bay;;
Burduna;Australian;;
Bure;Afro-Asiatic;;
Buriat, China;Mongolic;;
Buriat, Mongolia;Mongolic;;
Buriat, Russia;Mongolic;;
Burji;Afro-Asiatic;;
Burku;Afro-Asiatic;;
Burmese;Sino-Tibetan;;
Burmeso;East Bird’s Head-Sentani;;
Buru;Austronesian;;
Buru;Niger-Congo;;
Burui;Sepik;;
Burumakok;Trans-New Guinea;;
Burun;Nilo-Saharan;;
Burunge;Afro-Asiatic;;
Burushaski;Language isolate;;
Burusu;Austronesian;;
Buruwai;Trans-New Guinea;;
Busam;Niger-Congo;;
Busami;Austronesian;;
Bushi;Austronesian;;
Bushoong;Niger-Congo;;
Buso;Afro-Asiatic;;
Busoa;Austronesian;;
Busuu;Niger-Congo;;
Butchulla;Australian;;
Butuanon;Austronesian;;
Buwal;Afro-Asiatic;;
Buyang, Baha;Kra-Dai;;
Buyang, E’ma;Kra-Dai;;
Buyang, Langnian;Kra-Dai;;
Buyu;Niger-Congo;;
Bwa;Niger-Congo;;
Bwaidoka;Austronesian;;
Bwamu, Cwi;Niger-Congo;;
Bwamu, Láá Láá;Niger-Congo;;
Bwanabwana;Austronesian;;
Bwatoo;Austronesian;;
Bwela;Niger-Congo;;
Bwile;Niger-Congo;;
Bwisi;Niger-Congo;;
Byangsi;Sino-Tibetan;;
Byep;Niger-Congo;;
C’Lela;Niger-Congo;;
Caac;Austronesian;;
Cabécar;Chibchan;;
Cabiyarí;Maipurean;;
Cacaopera;Misumalpan;;
Cacua;Puinavean;;
Caddo;Caddoan;;
Cafundo Creole;Creole;;
Cahuarano;Zaparoan;;
Cahuilla;Uto-Aztecan;;
Cahungwarya;Niger-Congo;;
Caka;Niger-Congo;;
Cakfem-Mushere;Afro-Asiatic;;
Callawalla;Language isolate;;
Caló;Mixed language;;
Caluyanun;Austronesian;;
Camsá;Language isolate;;
Camtho;Mixed language;;
Canela;Jean;;
Canichana;Language isolate;;
Cao Lan;Kra-Dai;;
Cao Miao;Kra-Dai;;
Capanahua;Panoan;;
Capiznon;Austronesian;;
Cappadocian Greek;Indo-European;;
Caquinte;Maipurean;;
Cara;Niger-Congo;;
Carabayo;Unclassified;;
Caramanta;Paezan;;
Carapana;Tucanoan;;
Carib;Cariban;;
Carijona;Cariban;;
Carolina Algonquian;Algic;;
Carolinian;Austronesian;;
Carrier;Eyak-Athabaskan;;
Carrier, Southern;Eyak-Athabaskan;;
Catalan;Indo-European;;
Catawba;Siouan-Catawban;;
Cavineña;Tacanan;;
Cayubaba;Language isolate;;
Cayuga;Iroquoian;;
Cayuse;Language isolate;;
Cebuano;Austronesian;;
Cemuhî;Austronesian;;
Centúúm;Language isolate;;
Cerma;Niger-Congo;;
Ch’orti’;Mayan;;
Cha’ari;Afro-Asiatic;;
Chachi;Barbacoan;;
Chácobo;Panoan;;
Chadong;Kra-Dai;;
Chagatai;Turkic;;
Chaima;Cariban;;
Chak;Sino-Tibetan;;
Chakali;Niger-Congo;;
Chakavian;Indo-European;;
Chakma;Indo-European;;
Chala;Niger-Congo;;
Chaldean Neo-Aramaic;Afro-Asiatic;;
Chalikha;Sino-Tibetan;;
Cham;Niger-Congo;;
Cham, Eastern;Austronesian;;
Cham, Western;Austronesian;;
Chamacoco;Zamucoan;;
Chamalal;Nakh-Daghestanian;;
Chambeali;Indo-European;;
Chambri;Ramu-Lower Sepik;;
Chamicuro;Maipurean;;
Chamling;Sino-Tibetan;;
Chamorro;Austronesian;;
Chané;Maipurean;;
Changriwa;Yuat;;
Changthang;Sino-Tibetan;;
Chantyal;Sino-Tibetan;;
Chatino, Eastern Highland;Otomanguean;;
Chatino, Nopala;Otomanguean;;
Chatino, Tataltepec;Otomanguean;;
Chatino, Western Highland;Otomanguean;;
Chatino, Zacatepec;Otomanguean;;
Chatino, Zenzontepec;Otomanguean;;
Chaudangsi;Sino-Tibetan;;
Chaura;Austro-Asiatic;;
Chavacano;Creole;;
Chechen;Nakh-Daghestanian;;
Chehalis, Lower;Salish;;
Chehalis, Upper;Salish;;
Cheke Holo;Austronesian;;
Chemakum;Chimakuan;;
Chenapian;Sepik;;
Chenchu;Dravidian;;
Chenoua;Afro-Asiatic;;
Chepang;Sino-Tibetan;;
Chepya;Sino-Tibetan;;
Cheq Wong;Austro-Asiatic;;
Cherepon;Niger-Congo;;
Cherokee;Iroquoian;;
Chesu;Sino-Tibetan;;
Chetco;Eyak-Athabaskan;;
Chetti, Moundadan;Mixed language;;
Chetti, Wayanad;Dravidian;;
Cheyenne;Algic;;
Chhattisgarhi;Indo-European;;
Chhiling;Sino-Tibetan;;
Chhintang;Sino-Tibetan;;
Chiapanec;Otomanguean;;
Chibcha;Chibchan;;
Chichewa;Niger-Congo;;
Chichimeco-Jonaz;Otomanguean;;
Chichonyi-Chidzihana-Chikauma;Niger-Congo;;
Chickasaw;Muskogean;;
Chicomuceltec;Mayan;;
Chidigo;Niger-Congo;;
Chiduruma;Niger-Congo;;
Chiga;Niger-Congo;;
Chilcotin;Eyak-Athabaskan;;
Chilisso;Indo-European;;
Chimariko;Language isolate;;
Chimila;Chibchan;;
Chin, Anu-Khongso;Sino-Tibetan;;
Chin, Asho;Sino-Tibetan;;
Chin, Bawm;Sino-Tibetan;;
Chin, Bualkhaw;Sino-Tibetan;;
Chin, Daai;Sino-Tibetan;;
Chin, Eastern Khumi;Sino-Tibetan;;
Chin, Falam;Sino-Tibetan;;
Chin, Hakha;Sino-Tibetan;;
Chin, Kaang;Sino-Tibetan;;
Chin, Khumi;Sino-Tibetan;;
Chin, Laitu;Sino-Tibetan;;
Chin, Läoktü;Sino-Tibetan;;
Chin, Lautu;Sino-Tibetan;;
Chin, Matu;Sino-Tibetan;;
Chin, Müün;Sino-Tibetan;;
Chin, Ngawn;Sino-Tibetan;;
Chin, Paite;Sino-Tibetan;;
Chin, Rawngtu;Sino-Tibetan;;
Chin, Rungtu;Sino-Tibetan;;
Chin, Senthang;Sino-Tibetan;;
Chin, Siyin;Sino-Tibetan;;
Chin, Songlai;Sino-Tibetan;;
Chin, Sumtu;Sino-Tibetan;;
Chin, Tawr;Sino-Tibetan;;
Chin, Tedim;Sino-Tibetan;;
Chin, Thado;Sino-Tibetan;;
Chin, Thaiphum;Sino-Tibetan;;
Chin, Uppu;Sino-Tibetan;;
Chin, Zotung;Sino-Tibetan;;
Chin, Zyphe;Sino-Tibetan;;
Chinali;Indo-European;;
Chinantec, Chiltepec;Otomanguean;;
Chinantec, Comaltepec;Otomanguean;;
Chinantec, Lalana;Otomanguean;;
Chinantec, Lealao;Otomanguean;;
Chinantec, Ojitlán;Otomanguean;;
Chinantec, Ozumacín;Otomanguean;;
Chinantec, Palantla;Otomanguean;;
Chinantec, Quiotepec;Otomanguean;;
Chinantec, Sochiapam;Otomanguean;;
Chinantec, Tepetotutla;Otomanguean;;
Chinantec, Tepinapa;Otomanguean;;
Chinantec, Tlacoatzintepec;Otomanguean;;
Chinantec, Usila;Otomanguean;;
Chinantec, Valle Nacional;Otomanguean;;
Chinese Pidgin English;Pidgin;;
Chinese, Classical;Sino-Tibetan;;
Chinese, Gan;Sino-Tibetan;;
Chinese, Hakka;Sino-Tibetan;;
Chinese, Huizhou;Sino-Tibetan;;
Chinese, Jinyu;Sino-Tibetan;;
Chinese, Leizhou;Sino-Tibetan;;
Chinese, Mandarin;Sino-Tibetan;;
Chinese, Min Bei;Sino-Tibetan;;
Chinese, Min Dong;Sino-Tibetan;;
Chinese, Min Nan;Sino-Tibetan;;
Chinese, Min Zhong;Sino-Tibetan;;
Chinese, Pu-Xian;Sino-Tibetan;;
Chinese, Shaojiang;Sino-Tibetan;;
Chinese, Wu;Sino-Tibetan;;
Chinese, Xiang;Sino-Tibetan;;
Chinese, Yue;Sino-Tibetan;;
Chingoni;Niger-Congo;;
Chini;Ramu-Lower Sepik;;
Chinook;Chinookan;;
Chinook Wawa;Pidgin;;
Chipaya;Chipaya-Uru;;
Chippewa;Algic;;
Chiquitano;Language isolate;;
Chiru;Sino-Tibetan;;
Chitimacha;Language isolate;;
Chittagonian;Indo-European;;
Chocangacakha;Sino-Tibetan;;
Chocholtec;Otomanguean;;
Choctaw;Muskogean;;
Chodri;Indo-European;;
Chokwe;Niger-Congo;;
Chol;Mayan;;
Cholón;Cholonan;;
Chong;Austro-Asiatic;;
Choni;Sino-Tibetan;;
Chontal, Highland Oaxaca;Tequistlatecan;;
Chontal, Lowland Oaxaca;Tequistlatecan;;
Chontal, Tabasco;Mayan;;
Choogen;Afro-Asiatic;;
Chopechop;Niger-Congo;;
Chopi;Niger-Congo;;
Chorote, Iyo’wujwa;Matacoan;;
Chorote, Iyojwa’ja;Matacoan;;
Chrambo;Niger-Congo;;
Chrau;Austro-Asiatic;;
Chru;Austronesian;;
Chuave;Trans-New Guinea;;
Chufie’;Niger-Congo;;
Chug;Sino-Tibetan;;
Chuj;Mayan;;
Chukchi;Chukotko-Kamchatkan;;
Chukwa;Sino-Tibetan;;
Chulym;Turkic;;
Chumburung;Niger-Congo;;
Chung;Austro-Asiatic;;
Chung;Niger-Congo;;
Churahi;Indo-European;;
Chut;Austro-Asiatic;;
Chuukese;Austronesian;;
Chuvantsy;Yukaghir;;
Chuvash;Turkic;;
Chuwabu;Niger-Congo;;
Cia-Cia;Austronesian;;
Cicipu;Niger-Congo;;
Cimbrian;Indo-European;;
Cineni;Afro-Asiatic;;
Cinta Larga;Tupian;;
Cishingini;Niger-Congo;;
Citak;Trans-New Guinea;;
Citak, Tamnim;Trans-New Guinea;;
Clallam;Salish;;
Coahuilteco;Comecrudan;;
Cochimi;Cochimí-Yuman;;
Cocopa;Cochimí-Yuman;;
Coeur d’Alene;Salish;;
Cofán;Language isolate;;
Col;Austronesian;;
Columbia-Wenatchi;Salish;;
Comanche;Uto-Aztecan;;
Comecrudo;Comecrudan;;
Comorian, Maore;Niger-Congo;;
Comorian, Mwali;Niger-Congo;;
Comorian, Ndzwani;Niger-Congo;;
Comorian, Ngazidja;Niger-Congo;;
Comox;Salish;;
Con;Austro-Asiatic;;
Cook Islands Maori;Austronesian;;
Côông;Sino-Tibetan;;
Coos;Coosan;;
Coptic;Afro-Asiatic;;
Coquille;Eyak-Athabaskan;;
Cora, El Nayar;Uto-Aztecan;;
Cora, Santa Teresa;Uto-Aztecan;;
Cornish;Indo-European;;
Corsican;Indo-European;;
Cotoname;Comecrudan;;
Cowlitz;Salish;;
Cree, Moose;Algic;;
Cree, Northern East;Algic;;
Cree, Plains;Algic;;
Cree, Southern East;Algic;;
Cree, Swampy;Algic;;
Cree, Woods;Algic;;
Crimean Tatar;Turkic;;
Croatian;Indo-European;;
Crow;Siouan-Catawban;;
Cruzeño;Chumashan;;
Cua;Austro-Asiatic;;
Cubeo;Tucanoan;;
Cuiba;Guajiboan;;
Cuicatec, Tepeuxila;Otomanguean;;
Cuicatec, Teutila;Otomanguean;;
Cuitlatec;Language isolate;;
Cumanagoto;Cariban;;
Cun;Kra-Dai;;
Cupeño;Uto-Aztecan;;
Curripaco;Maipurean;;
Cutchi-Swahili;Creole;;
Cuvok;Afro-Asiatic;;
Cuyonon;Austronesian;;
Czech;Indo-European;;
Da’a;Afro-Asiatic;;
Daakaka;Austronesian;;
Daantanai’;South Bougainville;;
Daasanach;Afro-Asiatic;;
Daatsʼíin;Nilo-Saharan;;
Daba;Afro-Asiatic;;
Dabarre;Afro-Asiatic;;
Dabe;Tor-Kwerba;;
Dadi Dadi;Australian;;
Dadibi;Trans-New Guinea;;
Dadiya;Niger-Congo;;
Daga;Trans-New Guinea;;
Dagaare, Southern;Niger-Congo;;
Dagaari Dioula;Niger-Congo;;
Dagara, Northern;Niger-Congo;;
Dagba;Nilo-Saharan;;
Dagbani;Niger-Congo;;
Dagik;Niger-Congo;;
Dagoman;Australian;;
Dahalik;Afro-Asiatic;;
Dahalo;Afro-Asiatic;;
Daho-Doo;Niger-Congo;;
Dai;Austronesian;;
Dair;Nilo-Saharan;;
Daju, Dar Daju;Nilo-Saharan;;
Daju, Dar Fur;Nilo-Saharan;;
Daju, Dar Sila;Nilo-Saharan;;
Dakka;Austronesian;;
Dakota;Siouan-Catawban;;
Dakpakha;Sino-Tibetan;;
Dalabon;Australian;;
Dalmatian;Indo-European;;
Dama;Niger-Congo;;
Damakawa;Niger-Congo;;
Damal;Trans-New Guinea;;
Damar, East;Austronesian;;
Damar, West;Austronesian;;
Dambi;Austronesian;;
Dameli;Indo-European;;
Dampelas;Austronesian;;
Dan;Niger-Congo;;
Danaru;Trans-New Guinea;;
Danau;Austro-Asiatic;;
Dangaléat;Afro-Asiatic;;
Dangi;Indo-European;;
Dangme;Niger-Congo;;
Dani, Lower Grand Valley;Trans-New Guinea;;
Dani, Mid Grand Valley;Trans-New Guinea;;
Dani, Upper Grand Valley;Trans-New Guinea;;
Dani, Western;Trans-New Guinea;;
Danish;Indo-European;;
Dano;Trans-New Guinea;;
Danu;Sino-Tibetan;;
Danuwar;Indo-European;;
Daonda;Border;;
Darai;Indo-European;;
Dargwa;Nakh-Daghestanian;;
Dari;Indo-European;;
Dari, Zoroastrian;Indo-European;;
Darkinyung;Australian;;
Darlong;Sino-Tibetan;;
Darmiya;Sino-Tibetan;;
Dass;Afro-Asiatic;;
Datooga;Nilo-Saharan;;
Daungwurrung;Australian;;
Daur;Mongolic;;
Davawenyo;Austronesian;;
Dâw;Puinavean;;
Dawawa;Austronesian;;
Dawera-Daweloor;Austronesian;;
Dawida;Niger-Congo;;
Dawoodi;Indo-European;;
Dawro;Afro-Asiatic;;
Day;Niger-Congo;;
Dayi;Australian;;
Daza;Afro-Asiatic;;
Dazaga;Nilo-Saharan;;
Deccan;Indo-European;;
Dedua;Trans-New Guinea;;
Defaka;Niger-Congo;;
Deg;Niger-Congo;;
Deg Xinag;Eyak-Athabaskan;;
Degano;Indo-European;;
Degema;Niger-Congo;;
Degenang;Trans-New Guinea;;
Dehwari;Indo-European;;
Dek;Niger-Congo;;
Deko-Dusanga;Niger-Congo;;
Dela-Oenale;Austronesian;;
Delaware, Pidgin;Pidgin;;
Delo;Niger-Congo;;
Dem;Trans-New Guinea;;
Dema;Niger-Congo;;
Demisa;East Geelvink Bay;;
Dendi;Niger-Congo;;
Dendi;Nilo-Saharan;;
Dene;Eyak-Athabaskan;;
Dengese;Niger-Congo;;
Dengka;Austronesian;;
Dení;Arauan;;
Deno;Afro-Asiatic;;
Denya;Niger-Congo;;
Deori;Sino-Tibetan;;
Dera;Afro-Asiatic;;
Desano;Tucanoan;;
Desiya;Indo-European;;
Dewas Rai;Indo-European;;
Dewoin;Niger-Congo;;
Dezfuli;Indo-European;;
Dghwede;Afro-Asiatic;;
Dhaiso;Niger-Congo;;
Dhalandji;Australian;;
Dhangu-Djangu;Australian;;
Dhao;Austronesian;;
Dharawal;Australian;;
Dhargari;Australian;;
Dharuk;Australian;;
Dharumbal;Australian;;
Dhatki;Indo-European;;
Dhimal;Sino-Tibetan;;
Dhimba;Niger-Congo;;
Dhodia;Indo-European;;
Dholuo;Nilo-Saharan;;
Dhudhuroa;Australian;;
Dhundari;Indo-European;;
Dhungaloo;Australian;;
Dhurga;Australian;;
Dhuwal;Australian;;
Dhuwaya;Australian;;
Dia;Torricelli;;
Dibiyaso;Trans-New Guinea;;
Dibo;Niger-Congo;;
Dibole;Niger-Congo;;
Dida, Lakota;Niger-Congo;;
Dida, Yocoboué;Niger-Congo;;
Didinga;Nilo-Saharan;;
Dido;Nakh-Daghestanian;;
Digaro-Mishmi;Sino-Tibetan;;
Dii;Niger-Congo;;
Dilling;Nilo-Saharan;;
Dima;Trans-New Guinea;;
Dimasa;Sino-Tibetan;;
Dimbong;Niger-Congo;;
Dime;Afro-Asiatic;;
Dineor;Tor-Kwerba;;
Ding;Niger-Congo;;
Dinka, Northeastern;Nilo-Saharan;;
Dinka, Northwestern;Nilo-Saharan;;
Dinka, South Central;Nilo-Saharan;;
Dinka, Southeastern;Nilo-Saharan;;
Dinka, Southwestern;Nilo-Saharan;;
Dir-Nyamzak-Mbarimi;Afro-Asiatic;;
Dirasha;Afro-Asiatic;;
Dirim;Niger-Congo;;
Dirya;Afro-Asiatic;;
Disa;Nilo-Saharan;;
Ditammari;Niger-Congo;;
Ditidaht;Wakashan;;
Diuwe;Trans-New Guinea;;
Dixon Reef;Austronesian;;
Diyari;Australian;;
Dizin;Afro-Asiatic;;
Djabugay;Australian;;
Djabwurrung;Australian;;
Djadjawurrung;Australian;;
Djambarrpuyngu;Australian;;
Djamindjung;Australian;;
Djangun;Australian;;
Djauan;Australian;;
Djawi;Australian;;
Djeebbana;Australian;;
Djinang;Australian;;
Djinba;Australian;;
Djiwarli;Australian;;
Dla;Senagi;;
Dobel;Austronesian;;
Dobu;Austronesian;;
Doe;Niger-Congo;;
Doga;Austronesian;;
Doghoro;Trans-New Guinea;;
Dogon, Ampari;Niger-Congo;;
Dogon, Ana Tinga;Niger-Congo;;
Dogon, Bankan Tey;Niger-Congo;;
Dogon, Ben Tey;Niger-Congo;;
Dogon, Bondum Dom;Niger-Congo;;
Dogon, Bunoge;Niger-Congo;;
Dogon, Dogul Dom;Niger-Congo;;
Dogon, Donno So;Niger-Congo;;
Dogon, Jamsay;Niger-Congo;;
Dogon, Mombo;Niger-Congo;;
Dogon, Nanga Dama;Niger-Congo;;
Dogon, Tebul Ure;Niger-Congo;;
Dogon, Tiranige Diga;Niger-Congo;;
Dogon, Togo Kan;Niger-Congo;;
Dogon, Tommo So;Niger-Congo;;
Dogon, Tomo Kan;Niger-Congo;;
Dogon, Toro So;Niger-Congo;;
Dogon, Toro Tegu;Niger-Congo;;
Dogon, Yanda Dom;Niger-Congo;;
Dogosé;Niger-Congo;;
Dogoso;Niger-Congo;;
Dogri;Indo-European;;
Dokshi;Afro-Asiatic;;
Dolgan;Turkic;;
Doloman;Trans-New Guinea;;
Dolpo;Sino-Tibetan;;
Dom;Trans-New Guinea;;
Domari;Indo-European;;
Dombe;Niger-Congo;;
Dompo;Niger-Congo;;
Domu;Trans-New Guinea;;
Domung;Trans-New Guinea;;
Dondo;Austronesian;;
Dong;Niger-Congo;;
Dong, Northern;Kra-Dai;;
Dong, Southern;Kra-Dai;;
Dongo;Niger-Congo;;
Dongotono;Nilo-Saharan;;
Dongxiang;Mongolic;;
Doondo;Niger-Congo;;
Dori’o;Austronesian;;
Dorig;Austronesian;;
Doromu-Koki;Trans-New Guinea;;
Dorze;Afro-Asiatic;;
Doso;Unclassified;;
Dotyali;Indo-European;;
Doutai;Lakes Plain;;
Doyayo;Niger-Congo;;
Drehu;Austronesian;;
Drents;Indo-European;;
Drubea;Austronesian;;
Drung;Sino-Tibetan;;
Duala;Niger-Congo;;
Duano;Austronesian;;
Duau;Austronesian;;
Dubli;Indo-European;;
Dubuporo;Trans-New Guinea;;
Dughore;Austronesian;;
Dugun;Niger-Congo;;
Duguri;Niger-Congo;;
Dugwor;Afro-Asiatic;;
Duhwa;Afro-Asiatic;;
Duli-Gey;Niger-Congo;;
Dulubu;Niger-Congo;;
Duma;Niger-Congo;;
Dumagat, Remontado;Austronesian;;
Dumi;Sino-Tibetan;;
Dumo;Skou;;
Dumpas;Austronesian;;
Dumun;Trans-New Guinea;;
Duna;Trans-New Guinea;;
Dungan;Sino-Tibetan;;
Dungmali;Sino-Tibetan;;
Dungra Bhil;Indo-European;;
Dungu;Niger-Congo;;
Duoluo;Kra-Dai;;
Dura;Sino-Tibetan;;
Duri;Austronesian;;
Duriankere;Trans-New Guinea;;
Durop;Niger-Congo;;
Duruwa;Dravidian;;
Dusner;Austronesian;;
Dusun Deyah;Austronesian;;
Dusun Malang;Austronesian;;
Dusun Witu;Austronesian;;
Dutch;Indo-European;;
Duungooma;Niger-Congo;;
Duupa;Niger-Congo;;
Duvle;Lakes Plain;;
Duwai;Afro-Asiatic;;
Duwet;Austronesian;;
Duya;Niger-Congo;;
Dwang;Niger-Congo;;
Dyaberdyaber;Australian;;
Dyan;Niger-Congo;;
Dyangadi;Australian;;
Dyarim;Afro-Asiatic;;
Dyirbal;Australian;;
Dyugun;Australian;;
Dza;Niger-Congo;;
Dzalakha;Sino-Tibetan;;
Dzando;Niger-Congo;;
Dzao Min;Hmong-Mien;;
Dzongkha;Sino-Tibetan;;
Dzùùngoo;Niger-Congo;;
E;Mixed language;;
E’ñapa Woromaipu;Cariban;;
Eastern Franconian;Indo-European;;
Ebira;Niger-Congo;;
Ebughu;Niger-Congo;;
Ede Cabe;Niger-Congo;;
Ede Ica;Niger-Congo;;
Ede Idaca;Niger-Congo;;
Ede Ije;Niger-Congo;;
Ede Nago, Kura;Niger-Congo;;
Edo;Niger-Congo;;
Edolo;Trans-New Guinea;;
Edopi;Lakes Plain;;
Efai;Niger-Congo;;
Efate, North;Austronesian;;
Efate, South;Austronesian;;
Efe;Nilo-Saharan;;
Efik;Niger-Congo;;
Efutop;Niger-Congo;;
Ega;Niger-Congo;;
Eggon;Niger-Congo;;
Ehueun;Niger-Congo;;
Eibela;Trans-New Guinea;;
Eitiep;Torricelli;;
Ejagham;Niger-Congo;;
Ejuele;Niger-Congo;;
Ekajuk;Niger-Congo;;
Ekari;Trans-New Guinea;;
Ekegusii;Niger-Congo;;
Eki;Niger-Congo;;
Ekit;Niger-Congo;;
Ekpeye;Niger-Congo;;
El Hugeirat;Nilo-Saharan;;
El Molo;Afro-Asiatic;;
Elege;Niger-Congo;;
Eleme;Niger-Congo;;
Elepi;Torricelli;;
Elkei;Torricelli;;
Elseng;Language isolate;;
Elu;Austronesian;;
Emae;Austronesian;;
Emai-Iuleha-Ora;Niger-Congo;;
Eman;Niger-Congo;;
Embaloh;Austronesian;;
Embera Baudó;Chocoan;;
Embera Catío;Chocoan;;
Embera Chamí;Chocoan;;
Embera Tadó;Chocoan;;
Emberá, Northern;Chocoan;;
Emem;Pauwasi;;
Emilian;Indo-European;;
Emplawas;Austronesian;;
En;Kra-Dai;;
Enawené-Nawé;Maipurean;;
Ende;Austronesian;;
Enets, Forest;Uralic;;
Enets, Tundra;Uralic;;
Enga;Trans-New Guinea;;
Engdewu;Austronesian;;
Engenni;Niger-Congo;;
Enggano;Austronesian;;
English;Indo-European;;
Enlhet;Mascoyan;;
Enrekang;Austronesian;;
Enu;Sino-Tibetan;;
Enwan;Niger-Congo;;
Enwan;Niger-Congo;;
Enxet;Mascoyan;;
Enya;Niger-Congo;;
Epena;Chocoan;;
Epie;Niger-Congo;;
Equatorial Guinean Pidgin;Creole;;
Eravallan;Dravidian;;
Ere;Austronesian;;
Erokwanas;Austronesian;;
Erre;Australian;;
Erromintxela;Mixed language;;
Ersu;Sino-Tibetan;;
Eruwa;Niger-Congo;;
Erzya;Uralic;;
Esahie;Niger-Congo;;
Esan;Niger-Congo;;
Ese;Trans-New Guinea;;
Ese Ejja;Tacanan;;
Eshtehardi;Indo-European;;
Esimbi;Niger-Congo;;
Eskayan;Mixed language;;
Esperanto;Constructed language;;
Esselen;Language isolate;;
Essono;Austronesian;;
Estonian, Standard;Uralic;;
Esuma;Niger-Congo;;
Etchemin;Algic;;
Etebi;Niger-Congo;;
Etkywan;Niger-Congo;;
Eton;Austronesian;;
Eton;Niger-Congo;;
Etsako;Niger-Congo;;
Etulo;Niger-Congo;;
Eudeve;Uto-Aztecan;;
Evant;Niger-Congo;;
Even;Tungusic;;
Evenki;Tungusic;;
Eviya;Niger-Congo;;
Ewage-Notu;Trans-New Guinea;;
Éwé;Niger-Congo;;
Ewondo;Niger-Congo;;
Extremaduran;Indo-European;;
Eyak;Eyak-Athabaskan;;
Ezaa;Niger-Congo;;
Fa d’Ambu;Creole;;
Fagani;Austronesian;;
Fagauvea;Austronesian;;
Faifi;Afro-Asiatic;;
Faiwol;Trans-New Guinea;;
Fala;Indo-European;;
Fali Muchella;Afro-Asiatic;;
Fali of Baissa;Niger-Congo;;
Fali, North;Niger-Congo;;
Fali, South;Niger-Congo;;
Fam;Niger-Congo;;
Fanamaket;Austronesian;;
Fanbak;Austronesian;;
Fang;Niger-Congo;;
Fang;Niger-Congo;;
Fania;Niger-Congo;;
Farefare;Niger-Congo;;
Faroese;Indo-European;;
Fars, Southwestern;Indo-European;;
Fasu;Trans-New Guinea;;
Fataleka;Austronesian;;
Fataluku;Trans-New Guinea;;
Fayu;Lakes Plain;;
Fe’fe’;Niger-Congo;;
Fedan;Austronesian;;
Fembe;Trans-New Guinea;;
Feroge;Niger-Congo;;
Fiji Hindi;Indo-European;;
Fijian;Austronesian;;
Fijian, Western;Austronesian;;
Filipino;Austronesian;;
Finnish;Uralic;;
Finnish, Kven;Uralic;;
Finongan;Trans-New Guinea;;
Fipa;Niger-Congo;;
Firan;Niger-Congo;;
Fiwaga;Trans-New Guinea;;
Flaaitaal;Creole;;
Flinders Island;Australian;;
Foau;Lakes Plain;;
Foi;Trans-New Guinea;;
Foia Foia;Trans-New Guinea;;
Folopa;Trans-New Guinea;;
Foma;Niger-Congo;;
Fon;Niger-Congo;;
Fongoro;Nilo-Saharan;;
Foodo;Niger-Congo;;
Forak;Trans-New Guinea;;
Fordata;Austronesian;;
Fore;Trans-New Guinea;;
French;Indo-European;;
French, Cajun;Indo-European;;
Frisian;Indo-European;;
Frisian, Northern;Indo-European;;
Friulian;Indo-European;;
Fulfulde, Adamawa;Niger-Congo;;
Fulfulde, Bagirmi;Niger-Congo;;
Fulfulde, Borgu;Niger-Congo;;
Fulfulde, Central-Eastern Niger;Niger-Congo;;
Fulfulde, Maasina;Niger-Congo;;
Fulfulde, Nigerian;Niger-Congo;;
Fulfulde, Western Niger;Niger-Congo;;
Fuliiru;Niger-Congo;;
Fulu;Nilo-Saharan;;
Fulumu;Trans-New Guinea;;
Fum;Niger-Congo;;
Fungwa;Niger-Congo;;
Fur;Nilo-Saharan;;
Futuna-Aniwa;Austronesian;;
Futuna, East;Austronesian;;
Fuyug;Trans-New Guinea;;
Fwâi;Austronesian;;
Fwe;Niger-Congo;;
Fyer;Afro-Asiatic;;
Ga;Niger-Congo;;
Ga’anda;Afro-Asiatic;;
Gaa;Niger-Congo;;
Gaam;Nilo-Saharan;;
Gabi-Gabi;Australian;;
Gabri;Afro-Asiatic;;
Gabrielino-Fernandeño;Uto-Aztecan;;
Gadaba, Bodo;Austro-Asiatic;;
Gadaba, Mudhili;Dravidian;;
Gadaba, Pottangi Ollar;Dravidian;;
Gadang;Afro-Asiatic;;
Gaddang;Austronesian;;
Gaddi;Indo-European;;
Gade;Niger-Congo;;
Gadjerawang;Australian;;
Gadsup;Trans-New Guinea;;
Gafat;Afro-Asiatic;;
Gagadu;Australian;;
Gagauz;Turkic;;
Gahri;Sino-Tibetan;;
Gaikundi;Sepik;;
Gail;Unclassified;;
Gaina;Trans-New Guinea;;
Gal;Trans-New Guinea;;
Gala;Sepik;;
Galambi;Afro-Asiatic;;
Galela;West Papuan;;
Galeya;Austronesian;;
Galice;Eyak-Athabaskan;;
Galician;Indo-European;;
Galolen;Austronesian;;
Gamane;Trans-New Guinea;;
Gambera;Australian;;
Gamilaraay;Australian;;
Gamit;Indo-European;;
Gamkonora;West Papuan;;
Gamo;Afro-Asiatic;;
Gamo-Ningi;Niger-Congo;;
Gana;Austronesian;;
Ganang;Niger-Congo;;
Ganda;Niger-Congo;;
Gane;Austronesian;;
Ganggalida;Australian;;
Ganglau;Trans-New Guinea;;
Gangte;Sino-Tibetan;;
Gangulu;Australian;;
Gants;Trans-New Guinea;;
Ganza;Afro-Asiatic;;
Ganzi;Niger-Congo;;
Gao;Austronesian;;
Gapapaiwa;Austronesian;;
Garasia, Adiwasi;Indo-European;;
Garasia, Rajput;Indo-European;;
Garhwali;Indo-European;;
Garifuna;Maipurean;;
Garig-Ilgar;Australian;;
Garingbal;Australian;;
Garlali;Australian;;
Garo;Sino-Tibetan;;
Garre;Afro-Asiatic;;
Garrwa;Australian;;
Garus;Trans-New Guinea;;
Garza;Comecrudan;;
Gata’;Austro-Asiatic;;
Gavak;Trans-New Guinea;;
Gavar;Afro-Asiatic;;
Gavião do Jiparaná;Tupian;;
Gavião, Pará;Jean;;
Gawar-Bati;Indo-European;;
Gawri;Indo-European;;
Gayil;Afro-Asiatic;;
Gayo;Austronesian;;
Gazi;Indo-European;;
Gaꞌdang;Austronesian;;
Gbagyi;Niger-Congo;;
Gban;Niger-Congo;;
Gbanu;Niger-Congo;;
Gbanziri;Niger-Congo;;
Gbari;Niger-Congo;;
Gbaya;Nilo-Saharan;;
Gbaya-Bossangoa;Niger-Congo;;
Gbaya-Bozoum;Niger-Congo;;
Gbaya-Mbodomo;Niger-Congo;;
Gbaya, Northwest;Niger-Congo;;
Gbaya, Southwest;Niger-Congo;;
Gbayi;Niger-Congo;;
Gbe, Ayizo;Niger-Congo;;
Gbe, Ci;Niger-Congo;;
Gbe, Defi;Niger-Congo;;
Gbe, Eastern Xwla;Niger-Congo;;
Gbe, Gbesi;Niger-Congo;;
Gbe, Kotafon;Niger-Congo;;
Gbe, Maxi;Niger-Congo;;
Gbe, Saxwe;Niger-Congo;;
Gbe, Tofin;Niger-Congo;;
Gbe, Waci;Niger-Congo;;
Gbe, Weme;Niger-Congo;;
Gbe, Western Xwla;Niger-Congo;;
Gbe, Xwela;Niger-Congo;;
Gbii;Niger-Congo;;
Gbin;Niger-Congo;;
Gciriku;Niger-Congo;;
Ge;Hmong-Mien;;
Gebe;Austronesian;;
Gebusi;Trans-New Guinea;;
Gedaged;Austronesian;;
Gedeo;Afro-Asiatic;;
Geez;Afro-Asiatic;;
Gela;Austronesian;;
Gelao, Green;Kra-Dai;;
Gelao, Red;Kra-Dai;;
Geme;Niger-Congo;;
Gen;Niger-Congo;;
Gende;Trans-New Guinea;;
Gengle;Niger-Congo;;
Georgian;Kartvelian;;
Gepo;Sino-Tibetan;;
Gera;Afro-Asiatic;;
Gerai;Austronesian;;
German, Colonia Tovar;Indo-European;;
German, Pennsylvania;Indo-European;;
German, Standard;Indo-European;;
German, Swiss;Indo-European;;
Geruma;Afro-Asiatic;;
Geser-Gorom;Austronesian;;
Ghadamès;Afro-Asiatic;;
Ghale, Northern;Sino-Tibetan;;
Ghale, Southern;Sino-Tibetan;;
Ghanaian Pidgin English;Creole;;
Ghanongga;Austronesian;;
Ghari;Austronesian;;
Ghayavi;Austronesian;;
Ghera;Indo-European;;
Ghodoberi;Nakh-Daghestanian;;
Ghomálá’;Niger-Congo;;
Ghomara;Afro-Asiatic;;
Ghotuo;Niger-Congo;;
Ghulfan;Nilo-Saharan;;
Gibanawa;Pidgin;;
Gichuka;Niger-Congo;;
Gidar;Afro-Asiatic;;
Giiwo;Afro-Asiatic;;
Gikuyu;Niger-Congo;;
Gikyode;Niger-Congo;;
Gilaki;Indo-European;;
Gilima;Niger-Congo;;
Gilyak;Language isolate;;
Gimi;Austronesian;;
Gimi;Trans-New Guinea;;
Gimme;Niger-Congo;;
Gimnime;Niger-Congo;;
Ginuman;Trans-New Guinea;;
Ginyanga;Niger-Congo;;
Girawa;Trans-New Guinea;;
Girirra;Afro-Asiatic;;
Githabul;Australian;;
Gitua;Austronesian;;
Gitxsan;Tsimshian;;
Giyug;Australian;;
Giziga;Afro-Asiatic;;
Giziga, North;Afro-Asiatic;;
Gizrra;Eastern Trans-Fly;;
Glaro-Twabo;Niger-Congo;;
Glavda;Afro-Asiatic;;
Glio-Oubi;Niger-Congo;;
Gnau;Torricelli;;
Goaria;Indo-European;;
Gobu;Niger-Congo;;
Godié;Niger-Congo;;
Godwari;Indo-European;;
Goemai;Afro-Asiatic;;
Gofa;Afro-Asiatic;;
Gogo;Niger-Congo;;
Gogodala;Trans-New Guinea;;
Gokana;Niger-Congo;;
Gola;Niger-Congo;;
Golin;Trans-New Guinea;;
Golpa;Australian;;
Gondi, Adilabad;Dravidian;;
Gondi, Aheri;Dravidian;;
Gondi, Northern;Dravidian;;
Gone Dau;Austronesian;;
Gongduk;Sino-Tibetan;;
Gonja;Niger-Congo;;
Goo;Niger-Congo;;
Goodenough, West;Austronesian;;
Gooniyandi;Australian;;
Gor;Nilo-Saharan;;
Gorakor;Austronesian;;
Gorap;Austronesian;;
Goreng;Australian;;
Gorontalo;Austronesian;;
Gorovu;Ramu-Lower Sepik;;
Gorwaa;Afro-Asiatic;;
Goundo;Niger-Congo;;
Gourmanchéma;Niger-Congo;;
Gowlan;Indo-European;;
Gowli;Indo-European;;
Gowro;Indo-European;;
Gozarkhani;Indo-European;;
Grangali;Indo-European;;
Great Andamanese, Mixed;Andamanese;;
Grebo, Barclayville;Niger-Congo;;
Grebo, Central;Niger-Congo;;
Grebo, Gboloo;Niger-Congo;;
Grebo, Northern;Niger-Congo;;
Grebo, Southern;Niger-Congo;;
Greek;Indo-European;;
Greek, Ancient;Indo-European;;
Greenlandic;Eskimo-Aleut;;
Grenadian English Creole;Creole;;
Gresi;Nimboran;;
Groma;Sino-Tibetan;;
Gronings;Indo-European;;
Gros Ventre;Algic;;
Gua;Niger-Congo;;
Guadeloupean French Creole;Creole;;
Guahibo;Guajiboan;;
Guajá;Tupian;;
Guajajára;Tupian;;
Guana;Maipurean;;
Guana;Mascoyan;;
Guanche;Afro-Asiatic;;
Guaraní, Ava;Tupian;;
Guaraní, Eastern Bolivian;Tupian;;
Guaraní, Mbyá;Tupian;;
Guaraní, Paraguayan;Tupian;;
Guaraní, Western Bolivian;Tupian;;
Guarayu;Tupian;;
Guarequena;Maipurean;;
Guató;Language isolate;;
Guayabero;Guajiboan;;
Gudang;Australian;;
Gudanji;Australian;;
Gude;Afro-Asiatic;;
Gudu;Afro-Asiatic;;
Guduf-Gava;Afro-Asiatic;;
Guébie;Niger-Congo;;
Guernésiais;Indo-European;;
Gugadj;Australian;;
Gugu Badhun;Australian;;
Gugu Warra;Australian;;
Guhu-Samane;Trans-New Guinea;;
Guianese French Creole;Creole;;
Guinea-Bissau Creole;Creole;;
Guiqiong;Sino-Tibetan;;
Gujarati;Indo-European;;
Gujari;Indo-European;;
Gula;Nilo-Saharan;;
Gula;Nilo-Saharan;;
Gula Iro;Niger-Congo;;
Gula’alaa;Austronesian;;
Gulay;Nilo-Saharan;;
Gule;Nilo-Saharan;;
Gumalu;Trans-New Guinea;;
Gumatj;Australian;;
Gumawana;Austronesian;;
Gumuz;Nilo-Saharan;;
Gun;Niger-Congo;;
Gundi;Niger-Congo;;
Gunditjmara;Australian;;
Gundungurra;Australian;;
Gungabula;Australian;;
Gungu;Niger-Congo;;
Gunwinggu;Australian;;
Gunya;Australian;;
Gupa-Abawa;Niger-Congo;;
Gupapuyngu;Australian;;
Guramalum;Austronesian;;
Gurani;Indo-European;;
Gurdjar;Australian;;
Gureng Gureng;Australian;;
Gurgula;Indo-European;;
Gurindji;Australian;;
Gurindji Kriol;Mixed language;;
Gurmana;Niger-Congo;;
Guro;Niger-Congo;;
Gurr-goni;Australian;;
Gurung;Sino-Tibetan;;
Guruntum-Mbaaru;Afro-Asiatic;;
Gusilay;Niger-Congo;;
Guugu Yimidhirr;Australian;;
Guwa;Australian;;
Guwamu;Australian;;
Guya;Trans-New Guinea;;
Guyanese Creole;Creole;;
Guyani;Australian;;
Gvoko;Afro-Asiatic;;
Gwa;Niger-Congo;;
Gwahatike;Trans-New Guinea;;
Gwak;Niger-Congo;;
Gwama;Nilo-Saharan;;
Gwamhi-Wuri;Niger-Congo;;
Gwandara;Afro-Asiatic;;
Gwatlelir;Austronesian;;
Gweda;Austronesian;;
Gweno;Niger-Congo;;
Gwere;Niger-Congo;;
Gwich’in;Eyak-Athabaskan;;
Gyaazi;Afro-Asiatic;;
Gyalsumdo;Sino-Tibetan;;
Gyeli;Niger-Congo;;
Gyem;Niger-Congo;;
Gyong;Niger-Congo;;
ǀGwi;Khoe-Kwadi;;
ǁGana;Khoe-Kwadi;;
Ha;Niger-Congo;;
Habun;Austronesian;;
Hadiyya;Afro-Asiatic;;
Hadza;Language isolate;;
Haeke;Austronesian;;
Hahon;Austronesian;;
Hai|ǁom;Khoe-Kwadi;;
Haida, Northern;Haida;;
Haida, Southern;Haida;;
Haigwai;Austronesian;;
Hainanese;Sino-Tibetan;;
Haisla;Wakashan;;
Haitian Creole;Creole;;
Haitian Vodoun Culture Language;Unclassified;;
Haji;Austronesian;;
Hajong;Indo-European;;
Hakö;Austronesian;;
Halang;Austro-Asiatic;;
Halang Doan;Austro-Asiatic;;
Halbi;Indo-European;;
Halia;Austronesian;;
Halkomelem;Salish;;
Hamap;Trans-New Guinea;;
Hamba;Niger-Congo;;
Hamer-Banne;Afro-Asiatic;;
Hamtai;Trans-New Guinea;;
Han;Eyak-Athabaskan;;
Hanga;Niger-Congo;;
Hanga Hundi;Sepik;;
Hangaza;Niger-Congo;;
Hani;Sino-Tibetan;;
Hano;Austronesian;;
Hanunoo;Austronesian;;
Harari;Afro-Asiatic;;
Haroi;Austronesian;;
Haroti;Indo-European;;
Harsusi;Afro-Asiatic;;
Haruai;Piawi;;
Haruku;Austronesian;;
Haryanvi;Indo-European;;
Harzani;Indo-European;;
Hasha;Niger-Congo;;
Hassaniyya;Afro-Asiatic;;
Hatam;Language isolate;;
Hausa;Afro-Asiatic;;
Havasupai-Hualapai-Yavapai;Cochimí-Yuman;;
Haveke;Austronesian;;
Havu;Niger-Congo;;
Hawaii Pidgin;Creole;;
Hawaiian;Austronesian;;
Hawu;Austronesian;;
Haya;Niger-Congo;;
Hazaragi;Indo-European;;
Hdi;Afro-Asiatic;;
Hebrew;Afro-Asiatic;;
Hebrew, Ancient;Afro-Asiatic;;
Hehe;Niger-Congo;;
Heiban;Niger-Congo;;
Heiltsuk;Wakashan;;
Heiyoho;Torricelli;;
Helong;Austronesian;;
Hema;Niger-Congo;;
Hemba;Niger-Congo;;
Hember Avu;Trans-New Guinea;;
Herdé;Afro-Asiatic;;
Herero;Niger-Congo;;
Hermit;Austronesian;;
Hértevin;Afro-Asiatic;;
Hewa;Sepik;;
Hibito;Cholonan;;
Hidatsa;Siouan-Catawban;;
Higaonon;Austronesian;;
Hijuk;Niger-Congo;;
Hiligaynon;Austronesian;;
Himarimã;Unclassified;;
Hindi;Indo-European;;
Hindko, Northern;Indo-European;;
Hindko, Southern;Indo-European;;
Hinduri;Indo-European;;
Hindustani, Sarnami;Indo-European;;
Hinukh;Nakh-Daghestanian;;
Hitu;Austronesian;;
Hiw;Austronesian;;
Hixkaryána;Cariban;;
Hlai;Kra-Dai;;
Hlersu;Sino-Tibetan;;
Hmar;Sino-Tibetan;;
Hmong Daw;Hmong-Mien;;
Hmong Dô;Hmong-Mien;;
Hmong Don;Hmong-Mien;;
Hmong Njua;Hmong-Mien;;
Hmwaveke;Austronesian;;
Ho;Austro-Asiatic;;
Ho-Chunk;Siouan-Catawban;;
Hoava;Austronesian;;
Hobyót;Afro-Asiatic;;
Hodï;Language isolate;;
Hohumono;Niger-Congo;;
Hoia Hoia;Trans-New Guinea;;
Holikachuk;Eyak-Athabaskan;;
Holiya;Dravidian;;
Holma;Afro-Asiatic;;
Holoholo;Niger-Congo;;
Holu;Niger-Congo;;
Homa;Niger-Congo;;
Hõne;Niger-Congo;;
Honi;Sino-Tibetan;;
Hopi;Uto-Aztecan;;
Horo;Nilo-Saharan;;
Horom;Niger-Congo;;
Horpa;Sino-Tibetan;;
Hoti;Austronesian;;
Hovongan;Austronesian;;
Hoyahoya;Trans-New Guinea;;
Hozo;Afro-Asiatic;;
Hpon;Sino-Tibetan;;
Hrangkhol;Sino-Tibetan;;
Hre;Austro-Asiatic;;
Hruso;Sino-Tibetan;;
Hu;Austro-Asiatic;;
Huachipaeri;Harákmbut;;
Huarijío;Uto-Aztecan;;
Huastec;Mayan;;
Huaulu;Austronesian;;
Huave, San Dionisio del Mar;Huavean;;
Huave, San Francisco del Mar;Huavean;;
Huave, San Mateo del Mar;Huavean;;
Huave, Santa María del Mar;Huavean;;
Huichol;Uto-Aztecan;;
Huilliche;Mapudungu;;
Hukumina;Austronesian;;
Hulaulá;Afro-Asiatic;;
Huli;Trans-New Guinea;;
Hulung;Austronesian;;
Humene;Trans-New Guinea;;
Humla;Sino-Tibetan;;
Hunde;Niger-Congo;;
Hung;Austro-Asiatic;;
Hungana;Niger-Congo;;
Hungarian;Uralic;;
Hungu;Niger-Congo;;
Hunjara-Kaina Ke;Trans-New Guinea;;
Hunsrik;Indo-European;;
Hunzib;Indo-European;;
Hupa;Eyak-Athabaskan;;
Hupdë;Puinavean;;
Hupla;Trans-New Guinea;;
Hutterisch;Indo-European;;
Hwana;Afro-Asiatic;;
Hya;Afro-Asiatic;;
Hyam;Niger-Congo;;
Hyolmo;Sino-Tibetan;;
I-wak;Austronesian;;
I’saka;Skou;;
Iaai;Austronesian;;
Iamalele;Austronesian;;
Iatê;Language isolate;;
Iatmul;Sepik;;
Iau;Lakes Plain;;
Ibaas;Niger-Congo;;
Ibaloi;Austronesian;;
Iban;Austronesian;;
Ibanag;Austronesian;;
Ibani;Niger-Congo;;
Ibatan;Austronesian;;
Ibibio;Niger-Congo;;
Ibino;Niger-Congo;;
Ibu;West Papuan;;
Ibuoro;Niger-Congo;;
Icelandic;Indo-European;;
Iceve-Maci;Niger-Congo;;
Ida’an;Austronesian;;
Idaté;Austronesian;;
Idere;Niger-Congo;;
Idi;South-Central Papuan;;
Idio;Austronesian;;
Idoma;Niger-Congo;;
Idu-Mishmi;Sino-Tibetan;;
Iduna;Austronesian;;
Ifè;Niger-Congo;;
Ifo;Austronesian;;
Ifugao, Amganad;Austronesian;;
Ifugao, Batad;Austronesian;;
Ifugao, Mayoyao;Austronesian;;
Ifugao, Tuwali;Austronesian;;
Igala;Niger-Congo;;
Igana;Ramu-Lower Sepik;;
Igbo;Niger-Congo;;
Igede;Niger-Congo;;
Ignaciano;Maipurean;;
Igo;Niger-Congo;;
Iguta;Niger-Congo;;
Igwe;Niger-Congo;;
Iha;Trans-New Guinea;;
Iha Based Pidgin;Pidgin;;
Ihievbe;Niger-Congo;;
Ijo, Southeast;Niger-Congo;;
Ik;Nilo-Saharan;;
Ika;Niger-Congo;;
Ikaranggal;Australian;;
Ikhin-Aokho;Niger-Congo;;
Ikizu;Niger-Congo;;
Iko;Niger-Congo;;
Ikobi;Trans-New Guinea;;
Ikoma-Nata-Isenye;Niger-Congo;;
Ikpeng;Cariban;;
Ikpeshi;Niger-Congo;;
Ikposo;Niger-Congo;;
Iku-Gora-Ankwa;Niger-Congo;;
Ikulu;Niger-Congo;;
Ikwere;Niger-Congo;;
Ikwo;Niger-Congo;;
Ila;Niger-Congo;;
Ile Ape;Austronesian;;
Ili Turki;Turkic;;
Ili’uun;Austronesian;;
Ilocano;Austronesian;;
Ilue;Niger-Congo;;
Imbongu;Trans-New Guinea;;
Imonda;Border;;
Imotong;Nilo-Saharan;;
Imroing;Austronesian;;
Inabaknon;Austronesian;;
Inagta Alabat;Austronesian;;
Inapang;Ramu-Lower Sepik;;
Iñapari;Maipurean;;
Indo-Portuguese;Creole;;
Indonesian;Austronesian;;
Indonesian, Makassar;Austronesian;;
Indonesian, Peranakan;Creole;;
Indri;Niger-Congo;;
Ineseño;Chumashan;;
Inga;Quechuan;;
Inga, Jungle;Quechuan;;
Ingrian;Uralic;;
Ingush;Nakh-Daghestanian;;
Inku;Indo-European;;
Innu;Algic;;
Inoke-Yate;Trans-New Guinea;;
Inonhan;Austronesian;;
Inor;Afro-Asiatic;;
Inter-Zab Jewish Neo-Aramaic;Afro-Asiatic;;
Intha;Sino-Tibetan;;
Inuinnaqtun;Eskimo-Aleut;;
Inuktitut, Eastern Canadian;Eskimo-Aleut;;
Inupiatun, North Alaskan;Eskimo-Aleut;;
Inupiatun, Northwest Alaska;Eskimo-Aleut;;
Iowa-Oto;Siouan-Catawban;;
Ipiko;Trans-New Guinea;;
Ipili;Trans-New Guinea;;
Ipulo;Niger-Congo;;
Iquitu;Zaparoan;;
Ir;Austro-Asiatic;;
Irántxe;Language isolate;;
Iranun;Austronesian;;
Iranun;Austronesian;;
Iraqw;Afro-Asiatic;;
Irarutu;Austronesian;;
Iraya;Austronesian;;
Irish;Indo-European;;
Irula;Dravidian;;
Isabi;Trans-New Guinea;;
Isanzu;Niger-Congo;;
Isconahua;Panoan;;
Isebe;Trans-New Guinea;;
Isekiri;Niger-Congo;;
Ishkashimi;Indo-European;;
Isinay;Austronesian;;
Isirawa;Tor-Kwerba;;
Island Carib;Maipurean;;
Islander English Creole;Creole;;
Isnag;Austronesian;;
Isoko;Niger-Congo;;
Istriot;Indo-European;;
Isu;Niger-Congo;;
Isubu;Niger-Congo;;
Italian;Indo-European;;
Itang;Niger-Congo;;
Itawit;Austronesian;;
Itelmen;Chukotko-Kamchatkan;;
Iten;Niger-Congo;;
Itene;Chapacuran;;
Itik;Tor-Kwerba;;
Itneg, Binongan;Austronesian;;
Itneg, Inlaud;Austronesian;;
Itneg, Maeng;Austronesian;;
Itneg, Masadiit;Austronesian;;
Itneg, Moyadan;Austronesian;;
Ito;Niger-Congo;;
Itonama;Language isolate;;
Itu Mbon Uzo;Niger-Congo;;
Itza’;Mayan;;
Iu Mien;Hmong-Mien;;
Ivatan;Austronesian;;
Ivbie North-Okpela-Arhe;Niger-Congo;;
Iwaidja;Australian;;
Iwal;Austronesian;;
Iwam;Sepik;;
Iwam, Sepik;Sepik;;
Ixcatec;Otomanguean;;
Ixil;Mayan;;
Iyansi;Niger-Congo;;
Iyasa;Niger-Congo;;
Iyayu;Niger-Congo;;
Iyive;Niger-Congo;;
Iyo;Trans-New Guinea;;
Iyongiyong;Niger-Congo;;
Izere;Niger-Congo;;
Izii;Niger-Congo;;
Izon;Niger-Congo;;
Izora;Niger-Congo;;
Jabutí;Jabutian;;
Jad;Sino-Tibetan;;
Jadgali;Indo-European;;
Jah Hut;Austro-Asiatic;;
Jahanka;Niger-Congo;;
Jaitmatang;Australian;;
Jakalteko;Mayan;;
Jakattoe;Afro-Asiatic;;
Jakun;Austronesian;;
Jalkunan;Niger-Congo;;
Jamaican English Creole;Creole;;
Jamamadí;Arauan;;
Jandai;Australian;;
Jandavra;Indo-European;;
Jangkang;Austronesian;;
Jangshung;Sino-Tibetan;;
Janji;Niger-Congo;;
Japanese;Japonic;;
Japreria;Cariban;;
Jaqaru;Aymaran;;
Jara;Afro-Asiatic;;
Jarai;Austronesian;;
Jarawa;Andamanese;;
Jaru;Australian;;
Jaunsari;Indo-European;;
Javanese;Austronesian;;
Javanese, New Caledonian;Austronesian;;
Javanese, Suriname;Austronesian;;
Javindo;Creole;;
Jawe;Austronesian;;
Jaya;Nilo-Saharan;;
Jebero;Cahuapanan;;
Jeh;Austro-Asiatic;;
Jehai;Austro-Asiatic;;
Jejueo;Koreanic;;
Jemez;Kiowa-Tanoan;;
Jere;Niger-Congo;;
Jeri Kuo;Niger-Congo;;
Jerung;Sino-Tibetan;;
Jewish Babylonian Aramaic;Afro-Asiatic;;
Jiamao;Kra-Dai;;
Jiarong;Sino-Tibetan;;
Jiba;Niger-Congo;;
Jibu;Niger-Congo;;
Jiiddu;Afro-Asiatic;;
Jilbe;Afro-Asiatic;;
Jimi;Afro-Asiatic;;
Jimjimen;Afro-Asiatic;;
Jingpho;Sino-Tibetan;;
Jingulu;Australian;;
Jinuo, Buyuan;Sino-Tibetan;;
Jinuo, Youle;Sino-Tibetan;;
Jirel;Sino-Tibetan;;
Jiru;Niger-Congo;;
Jita;Niger-Congo;;
Jju;Niger-Congo;;
Jo;Austronesian;;
Jofotek-Bromnya;Tor-Kwerba;;
Jogi;Indo-European;;
Jogwai;Lakes Plain;;
Jola-Felupe;Niger-Congo;;
Jola-Fonyi;Niger-Congo;;
Jola-Kasa;Niger-Congo;;
Jonkor Bourmataguil;Afro-Asiatic;;
Jopadhola;Nilo-Saharan;;
Jorá;Tupian;;
Jowulu;Niger-Congo;;
Juang;Austro-Asiatic;;
Judeo-Berber;Afro-Asiatic;;
Judeo-Georgian;Kartvelian;;
Judeo-Italian;Indo-European;;
Judeo-Persian;Indo-European;;
Judeo-Tat;Indo-European;;
Jukun Takum;Niger-Congo;;
Jula;Niger-Congo;;
Júma;Tupian;;
Jumjum;Nilo-Saharan;;
Jumli;Indo-European;;
Jur Modo;Nilo-Saharan;;
Juray;Austro-Asiatic;;
Jurchen;Tungusic;;
Jurúna;Tupian;;
Juu;Afro-Asiatic;;
Juwar;Torricelli;;
Juǀ’hoansi;Kx’a;;
Jwira-Pepesa;Niger-Congo;;
K’iche’;Mayan;;
Kaamba;Niger-Congo;;
Kaan;Niger-Congo;;
Kaansa;Niger-Congo;;
Kaapor;Tupian;;
Kaba Démé, Sara;Nilo-Saharan;;
Kaba Naa, Sara;Nilo-Saharan;;
Kabalai;Afro-Asiatic;;
Kabardian;Abkhaz-Adyghe;;
Kabatei;Indo-European;;
Kabba;Nilo-Saharan;;
Kabiyè;Niger-Congo;;
Kabola;Trans-New Guinea;;
Kaburi;Trans-New Guinea;;
Kabutra;Indo-European;;
Kabuverdianu;Creole;;
Kabwa;Niger-Congo;;
Kabwari;Niger-Congo;;
Kabyle;Afro-Asiatic;;
Kacchi;Indo-European;;
Kachama-Ganjule;Afro-Asiatic;;
Kachari;Sino-Tibetan;;
Kachok;Austro-Asiatic;;
Kadai;Austronesian;;
Kadar;Dravidian;;
Kadaru;Nilo-Saharan;;
Kadazan Dusun;Austronesian;;
Kadazan, Klias River;Austronesian;;
Kadazan, Labuk-Kinabatangan;Austronesian;;
Kadiwéu;Guaykuruan;;
Kadu;Sino-Tibetan;;
Kadung;Niger-Congo;;
Kaduo;Sino-Tibetan;;
Kaera;Trans-New Guinea;;
Kafa;Afro-Asiatic;;
Kafoa;Trans-New Guinea;;
Kagayanen;Austronesian;;
Kagoro;Niger-Congo;;
Kagulu;Niger-Congo;;
Kahe;Niger-Congo;;
Kahua;Austronesian;;
Kaibobo;Austronesian;;
Kaidipang;Austronesian;;
Kaiep;Austronesian;;
Kaikadi;Dravidian;;
Kaike;Sino-Tibetan;;
Kaiku;Niger-Congo;;
Kaili, Da’a;Austronesian;;
Kaili, Ledo;Austronesian;;
Kaili, Unde;Austronesian;;
Kaimbé;Unclassified;;
Kaimbulawa;Austronesian;;
Kaingang;Jean;;
Kaingáng, São Paulo;Jean;;
Kairak;East New Britain;;
Kairiru;Austronesian;;
Kairui-Midiki;Austronesian;;
Kais;Trans-New Guinea;;
Kaitag;Nakh-Daghestanian;;
Kaivi;Niger-Congo;;
Kaiwá;Tupian;;
Kaiy;Lakes Plain;;
Kajakse;Afro-Asiatic;;
Kajali;Indo-European;;
Kakabai;Austronesian;;
Kakabe;Niger-Congo;;
Kakanda;Niger-Congo;;
Kakataibo-Kashibo;Panoan;;
Kakayi;Indo-European;;
Kaki Ae;Trans-New Guinea;;
Kako;Niger-Congo;;
Kakwa;Nilo-Saharan;;
Kala;Austronesian;;
Kala Lagaw Ya;Australian;;
Kalaamaya;Australian;;
Kalabari;Niger-Congo;;
Kalabra;West Papuan;;
Kalagan;Austronesian;;
Kalagan, Kagan;Austronesian;;
Kalam;Trans-New Guinea;;
Kalamsé;Niger-Congo;;
Kalanadi;Dravidian;;
Kalanga;Niger-Congo;;
Kalanguya;Austronesian;;
Kalao;Austronesian;;
Kalapuya;Takelman;;
Kalarko;Australian;;
Kalasha;Indo-European;;
Kalinga, Butbut;Austronesian;;
Kalinga, Limos;Austronesian;;
Kalinga, Lubuagan;Austronesian;;
Kalinga, Mabaka Valley;Austronesian;;
Kalinga, Majukayang;Austronesian;;
Kalinga, Southern;Austronesian;;
Kalinga, Tanudan;Austronesian;;
Kalinga, Vanaw;Austronesian;;
Kalispel-Pend d’Oreille;Salish;;
Kalkoti;Indo-European;;
Kalkutung;Australian;;
Kallahan, Keley-i;Austronesian;;
Kalmyk-Oirat;Mongolic;;
Kalou;Sepik;;
Kaluli;Trans-New Guinea;;
Kalumpang;Austronesian;;
Kam;Niger-Congo;;
Kamakan;Kamakanan;;
Kamang;Trans-New Guinea;;
Kamano;Trans-New Guinea;;
Kamantan;Niger-Congo;;
Kamar;Indo-European;;
Kamara;Niger-Congo;;
Kamarian;Austronesian;;
Kamaru;Austronesian;;
Kamas;Uralic;;
Kamasa;Trans-New Guinea;;
Kamasau;Torricelli;;
Kamayo;Austronesian;;
Kamayurá;Tupian;;
Kamba;Niger-Congo;;
Kambaata;Afro-Asiatic;;
Kambera;Austronesian;;
Kamberau;Trans-New Guinea;;
Kambiwá;Unclassified;;
Kami;Niger-Congo;;
Kami;Niger-Congo;;
Kamo;Niger-Congo;;
Kamoro;Trans-New Guinea;;
Kamu;Australian;;
Kamuku;Niger-Congo;;
Kamula;Trans-New Guinea;;
Kamwe;Afro-Asiatic;;
Kanakanabu;Austronesian;;
Kanamarí;Katukinan;;
Kanan;Sino-Tibetan;;
Kanashi;Sino-Tibetan;;
Kanasi;Trans-New Guinea;;
Kanauji;Indo-European;;
Kandas;Austronesian;;
Kandawo;Trans-New Guinea;;
Kande;Niger-Congo;;
Kandozi-Chapra;Language isolate;;
Kanembu;Nilo-Saharan;;
Kang;Kra-Dai;;
Kanga;Nilo-Saharan;;
Kangean;Austronesian;;
Kanggape;Ramu-Lower Sepik;;
Kangjia;Mongolic;;
Kango;Niger-Congo;;
Kango;Niger-Congo;;
Kangri;Indo-European;;
Kaniet;Austronesian;;
Kanikkaran;Dravidian;;
Kaningi;Niger-Congo;;
Kaningra;Sepik;;
Kaninuwa;Austronesian;;
Kanite;Trans-New Guinea;;
Kanja;South-Central Papuan;;
Kanjari;Indo-European;;
Kanju;Australian;;
Kankanaey;Austronesian;;
Kankanay, Northern;Austronesian;;
Kannada;Dravidian;;
Kanoé;Language isolate;;
Kansa;Siouan-Catawban;;
Kantosi;Niger-Congo;;
Kanu;Niger-Congo;;
Kanufi;Niger-Congo;;
Kanum, Bädi;South-Central Papuan;;
Kanum, Ngkâlmpw;South-Central Papuan;;
Kanum, Smärky;South-Central Papuan;;
Kanum, Sota;South-Central Papuan;;
Kanuri, Bilma;Nilo-Saharan;;
Kanuri, Manga;Nilo-Saharan;;
Kanuri, Tumari;Nilo-Saharan;;
Kanuri, Yerwa;Nilo-Saharan;;
Kanyok;Niger-Congo;;
Kao;West Papuan;;
Kaonde;Niger-Congo;;
Kap;Austronesian;;
Kapampangan;Austronesian;;
Kapauri;Kaure;;
Kapin;Austronesian;;
Kapinawá;Unclassified;;
Kapingamarangi;Austronesian;;
Kapriman;Sepik;;
Kaptiau;Austronesian;;
Kapya;Niger-Congo;;
Kaqchikel;Mayan;;
Kaqchikel-K’iche’ Mixed Language;Mixed language;;
Kara;Austronesian;;
Kara;Niger-Congo;;
Kara;Unclassified;;
Karaboro, Eastern;Niger-Congo;;
Karaboro, Western;Niger-Congo;;
Karachay-Balkar;Turkic;;
Karagas;Turkic;;
Karaim;Turkic;;
Karajá;Karajá;;
Karajarri;Australian;;
Karakalpak;Turkic;;
Karami;Trans-New Guinea;;
Karang;Niger-Congo;;
Karanga;Nilo-Saharan;;
Karankawa;Language isolate;;
Karao;Austronesian;;
Karas;Trans-New Guinea;;
Karata;Nakh-Daghestanian;;
Karawa;Sepik;;
Karawari;Ramu-Lower Sepik;;
Karbi;Sino-Tibetan;;
Kare;Niger-Congo;;
Kare;Trans-New Guinea;;
Karekare;Afro-Asiatic;;
Karelian;Uralic;;
Karen, Bwe;Sino-Tibetan;;
Karen, Geba;Sino-Tibetan;;
Karen, Geko;Sino-Tibetan;;
Karen, Mobwa;Sino-Tibetan;;
Karen, Paku;Sino-Tibetan;;
Karen, Phrae Pwo;Sino-Tibetan;;
Karen, Pwo Eastern;Sino-Tibetan;;
Karen, Pwo Northern;Sino-Tibetan;;
Karen, Pwo Western;Sino-Tibetan;;
Karen, S’gaw;Sino-Tibetan;;
Karenggapa;Australian;;
Karey;Austronesian;;
Kari;Niger-Congo;;
Karian;Trans-New Guinea;;
Karimjo;Niger-Congo;;
Karingani;Indo-European;;
Karipuna;Tupian;;
Karipuna French Creole;Creole;;
Karirí-Xocó;Language isolate;;
Karitiâna;Tupian;;
Kariya;Afro-Asiatic;;
Kariyarra;Australian;;
Karkar-Yuri;Pauwasi;;
Karkin;Miwok-Costanoan;;
Karko;Nilo-Saharan;;
Karnai;Austronesian;;
Karo;Afro-Asiatic;;
Karo;Tupian;;
Karok;Language isolate;;
Karon;Niger-Congo;;
Karon Dori;Maybrat;;
Karore;Austronesian;;
Karuwali;Australian;;
Kasabe;Unclassified;;
Kasanga;Niger-Congo;;
Kasem;Niger-Congo;;
Kashaya;Pomoan;;
Kashinawa;Panoan;;
Kashkay;Turkic;;
Kashmiri;Indo-European;;
Kashubian;Indo-European;;
Kasiguranin;Austronesian;;
Kaska;Eyak-Athabaskan;;
Kasua;Trans-New Guinea;;
Katang, Northern;Austro-Asiatic;;
Katang, Southern;Austro-Asiatic;;
Katawixi;Katukinan;;
Katcha-Kadugli-Miri;Nilo-Saharan;;
Kâte;Trans-New Guinea;;
Kateviri;Indo-European;;
Kathu;Sino-Tibetan;;
Katkari;Indo-European;;
Katla;Niger-Congo;;
Kato;Eyak-Athabaskan;;
Katso;Sino-Tibetan;;
Katu, Eastern;Austro-Asiatic;;
Katu, Western;Austro-Asiatic;;
Katua;Austro-Asiatic;;
Katukína;Katukinan;;
Katukína, Panoan;Panoan;;
Kaulong;Austronesian;;
Kaur;Austronesian;;
Kaure;Kaure;;
Kaurna;Australian;;
Kauwera;Tor-Kwerba;;
Kavalan;Austronesian;;
Kavet;Austro-Asiatic;;
Kawacha;Trans-New Guinea;;
Kawaiisu;Uto-Aztecan;;
Kawe;Austronesian;;
Kawyaw;Sino-Tibetan;;
Kaxararí;Panoan;;
Kaxuiâna;Cariban;;
Kayabí;Tupian;;
Kayagar;Trans-New Guinea;;
Kayah, Eastern;Sino-Tibetan;;
Kayah, Western;Sino-Tibetan;;
Kayan;Ramu-Lower Sepik;;
Kayan;Sino-Tibetan;;
Kayan Mahakam;Austronesian;;
Kayan, Baram;Austronesian;;
Kayan, Busang;Austronesian;;
Kayan, Kayan River;Austronesian;;
Kayan, Mendalam;Austronesian;;
Kayan, Rejang;Austronesian;;
Kayan, Wahau;Austronesian;;
Kayapó;Jean;;
Kayardild;Australian;;
Kayaw;Sino-Tibetan;;
Kayeli;Austronesian;;
Kayong;Austro-Asiatic;;
Kaytetye;Australian;;
Kayupulau;Austronesian;;
Kazakh;Turkic;;
Kazukuru;Austronesian;;
Ke’o;Austronesian;;
Keapara;Austronesian;;
Kebu;Nilo-Saharan;;
Kedang;Austronesian;;
Keerray-Woorroong;Australian;;
Kehu;East Geelvink Bay;;
Kei;Austronesian;;
Keiga;Nilo-Saharan;;
Keijar;Tor-Kwerba;;
Kein;Trans-New Guinea;;
Keiyo;Nilo-Saharan;;
Kejaman;Austronesian;;
Kela;Niger-Congo;;
Kelabit;Austronesian;;
Kele;Austronesian;;
Kele;Niger-Congo;;
Kélé;Niger-Congo;;
Keliko;Nilo-Saharan;;
Kelo;Nilo-Saharan;;
Kemak;Austronesian;;
Kemberano;Trans-New Guinea;;
Kembra;Unclassified;;
Kemedzung;Niger-Congo;;
Kemiehua;Austro-Asiatic;;
Kemtuik;Nimboran;;
Kenaboi;Language isolate;;
Kendayan;Austronesian;;
Kendeje;Nilo-Saharan;;
Kendem;Niger-Congo;;
Kenga;Nilo-Saharan;;
Keninjal;Austronesian;;
Kensiu;Austro-Asiatic;;
Kenswei Nsei;Niger-Congo;;
Kenyah, Mainstream;Austronesian;;
Kenyah, Wahau;Austronesian;;
Kenyang;Niger-Congo;;
Kenye;Niger-Congo;;
Keoru-Ahia;Trans-New Guinea;;
Kepkiriwát;Tupian;;
Kepo’;Austronesian;;
Kera;Afro-Asiatic;;
Kerak;Niger-Congo;;
Kereho;Austronesian;;
Kerek;Chukotko-Kamchatkan;;
Keres, Eastern;Keresan;;
Keres, Western;Keresan;;
Kerewe;Niger-Congo;;
Kerewo;Trans-New Guinea;;
Kerinci;Austronesian;;
Ket;Yeniseian;;
Ketangalan;Austronesian;;
Kete;Niger-Congo;;
Ketengban;Trans-New Guinea;;
Ketum;Trans-New Guinea;;
Kewapi, East;Trans-New Guinea;;
Kewapi, West;Trans-New Guinea;;
Kewat;Indo-European;;
Keyagana;Trans-New Guinea;;
Kgalagadi;Niger-Congo;;
Khah;Indo-European;;
Khakas;Turkic;;
Khalaj;Turkic;;
Khaling;Sino-Tibetan;;
Kham, Eastern Parbate;Sino-Tibetan;;
Kham, Gamal;Sino-Tibetan;;
Kham, Sheshi;Sino-Tibetan;;
Kham, Western Parbate;Sino-Tibetan;;
Khamba;Sino-Tibetan;;
Khamnigan Mongol;Mongolic;;
Khamti;Kra-Dai;;
Khamyang;Kra-Dai;;
Khana;Niger-Congo;;
Khandesi;Indo-European;;
Kháng;Austro-Asiatic;;
Khanty;Uralic;;
Khao;Austro-Asiatic;;
Kharia;Austro-Asiatic;;
Kharia Thar;Indo-European;;
Khasi;Austro-Asiatic;;
Khe;Niger-Congo;;
Khehek;Austronesian;;
Khengkha;Sino-Tibetan;;
Khetrani;Indo-European;;
Khinalugh;Nakh-Daghestanian;;
Khirwar;Dravidian;;
Khisa;Niger-Congo;;
Khlula;Sino-Tibetan;;
Khmer;Austro-Asiatic;;
Khmer, Northern;Austro-Asiatic;;
Khmu;Austro-Asiatic;;
Kho’ini;Indo-European;;
Khoekhoe;Khoe-Kwadi;;
Kholok;Afro-Asiatic;;
Khorasani Turkish;Turkic;;
Khowar;Indo-European;;
Khua;Austro-Asiatic;;
Khuen;Austro-Asiatic;;
Khün;Kra-Dai;;
Khunsari;Indo-European;;
Khvarshi;Nakh-Daghestanian;;
Khwedam;Khoe-Kwadi;;
Kiae;Austronesian;;
Kibaku;Afro-Asiatic;;
Kibala;Niger-Congo;;
Kibet;Nilo-Saharan;;
Kibiri;Trans-New Guinea;;
Kickapoo;Algic;;
Kiembu;Niger-Congo;;
Kigiryama;Niger-Congo;;
Kija;Australian;;
Kikai;Japonic;;
Kikongo;Niger-Congo;;
Kilivila;Austronesian;;
Kiliwa;Cochimí-Yuman;;
Kilmeri;Border;;
Kim;Niger-Congo;;
Kim Mun;Hmong-Mien;;
Kimaghima;Trans-New Guinea;;
Kimaragang;Austronesian;;
Kimbu;Niger-Congo;;
Kimbundu;Niger-Congo;;
Kimîîru;Niger-Congo;;
Kimki;Unclassified;;
Kimré;Afro-Asiatic;;
Kinabalian;Austronesian;;
Kinabatangan, Upper;Austronesian;;
Kinalakna;Trans-New Guinea;;
Kinaray-a;Austronesian;;
Kinga;Niger-Congo;;
Kinnauri;Sino-Tibetan;;
Kinnauri, Bhoti;Sino-Tibetan;;
Kinnauri, Chhoyul;Sino-Tibetan;;
Kinnauri, Chitkuli;Sino-Tibetan;;
Kinnauri, Pahari;Indo-European;;
Kintaq;Austro-Asiatic;;
Kinugu;Niger-Congo;;
Kinyarwanda;Niger-Congo;;
Kioko;Austronesian;;
Kiong;Niger-Congo;;
Kiorr;Austro-Asiatic;;
Kiowa;Kiowa-Tanoan;;
Kipfokomu;Niger-Congo;;
Kipsigis;Nilo-Saharan;;
Kiput;Austronesian;;
Kir-Balar;Afro-Asiatic;;
Kire;Ramu-Lower Sepik;;
Kiribati;Austronesian;;
Kirike;Niger-Congo;;
Kirikiri;Lakes Plain;;
Kirya-Konzel;Afro-Asiatic;;
Kis;Austronesian;;
Kisan;Dravidian;;
Kisankasa;Nilo-Saharan;;
Kisar;Austronesian;;
Kisi;Niger-Congo;;
Kisi, Southern;Niger-Congo;;
Kissi, Northern;Niger-Congo;;
Kistane;Afro-Asiatic;;
Kitharaka;Niger-Congo;;
Kitsai;Caddoan;;
Kituba;Creole;;
Kituba;Creole;;
Kiunum;Trans-New Guinea;;
Kiviila;Niger-Congo;;
Kiwai, Northeast;Trans-New Guinea;;
Kiwai, Southern;Trans-New Guinea;;
Kiwilwana;Niger-Congo;;
Kiyombe;Niger-Congo;;
Kizamani;Niger-Congo;;
Kla-Dan;Niger-Congo;;
Klamath-Modoc;Language isolate;;
Klao;Niger-Congo;;
Klon;Trans-New Guinea;;
Knaanic;Indo-European;;
Ko;Niger-Congo;;
Koalib;Niger-Congo;;
Koasati;Muskogean;;
Koba;Austronesian;;
Kobiana;Niger-Congo;;
Kobo;Niger-Congo;;
Kobon;Trans-New Guinea;;
Kobuka;Trans-New Guinea;;
Koch;Sino-Tibetan;;
Koda;Austro-Asiatic;;
Kodaku;Austro-Asiatic;;
Kodava;Dravidian;;
Kodeoha;Austronesian;;
Kodi;Austronesian;;
Kodia;Niger-Congo;;
Kodut, Middle;Austronesian;;
Kodut, North;Austronesian;;
Kodut, South;Austronesian;;
Koenoem;Afro-Asiatic;;
Kofa;Afro-Asiatic;;
Kofei;East Geelvink Bay;;
Kofyar;Afro-Asiatic;;
Kogi;Chibchan;;
Kohin;Austronesian;;
Kohistani, Indus;Indo-European;;
Koho;Austro-Asiatic;;
Koiali, Mountain;Trans-New Guinea;;
Koiari;Trans-New Guinea;;
Koireng;Sino-Tibetan;;
Koita;Trans-New Guinea;;
Koiwat;Sepik;;
Kok Borok;Sino-Tibetan;;
Kok-Nar;Australian;;
Kokata;Australian;;
Koke;Niger-Congo;;
Koko Babangk;Australian;;
Koko-Bera;Australian;;
Kokoda;Trans-New Guinea;;
Kokola;Niger-Congo;;
Kokota;Austronesian;;
Kol;Austro-Asiatic;;
Kol;Language isolate;;
Kol;Niger-Congo;;
Kola;Austronesian;;
Kolami, Northwestern;Dravidian;;
Kolami, Southeastern;Dravidian;;
Kolbila;Niger-Congo;;
Koli, Kachi;Indo-European;;
Koli, Parkari;Indo-European;;
Koli, Wadiyari;Indo-European;;
Koluwawa;Austronesian;;
Kom;Niger-Congo;;
Kom;Sino-Tibetan;;
Koma;Niger-Congo;;
Komba;Trans-New Guinea;;
Kombai;Trans-New Guinea;;
Kombe;Niger-Congo;;
Kombio;Torricelli;;
Komering;Austronesian;;
Komi-Permyak;Uralic;;
Komi-Zyrian;Uralic;;
Kominimung;Ramu-Lower Sepik;;
Komo;Niger-Congo;;
Komo;Nilo-Saharan;;
Komodo;Austronesian;;
Kompane;Austronesian;;
Komviri;Indo-European;;
Komyandaret;Trans-New Guinea;;
Kon Keu;Austro-Asiatic;;
Konabéré;Niger-Congo;;
Konai;Trans-New Guinea;;
Konda;Trans-New Guinea;;
Konda-Dora;Dravidian;;
Koneq-koneq;Austronesian;;
Koneraw;Trans-New Guinea;;
Konjo, Coastal;Austronesian;;
Konjo, Highland;Austronesian;;
Konkani;Indo-European;;
Konkani, Goan;Indo-European;;
Konkomba;Niger-Congo;;
Konni;Niger-Congo;;
Kono;Niger-Congo;;
Kono;Niger-Congo;;
Kono;Niger-Congo;;
Konomala;Austronesian;;
Konongo;Niger-Congo;;
Konso;Afro-Asiatic;;
Konyanka;Niger-Congo;;
Konzo;Niger-Congo;;
Koongo;Niger-Congo;;
Koonzime;Niger-Congo;;
Koorete;Afro-Asiatic;;
Kopar;Ramu-Lower Sepik;;
Kopkaka;Trans-New Guinea;;
Korafe-Yegha;Trans-New Guinea;;
Koraga, Korra;Dravidian;;
Koraga, Mudu;Dravidian;;
Korana;Khoe-Kwadi;;
Korandje;Nilo-Saharan;;
Korean;Koreanic;;
Koreguaje;Tucanoan;;
Koresh-e Rostam;Indo-European;;
Korku;Austro-Asiatic;;
Korlai Portuguese Creole;Creole;;
Koro;Austronesian;;
Koro;Austronesian;;
Koro;Niger-Congo;;
Koro;Sino-Tibetan;;
Koro Nulu;Niger-Congo;;
Koro Wachi;Niger-Congo;;
Koro Zuba;Niger-Congo;;
Koromfé;Niger-Congo;;
Koromira;South Bougainville;;
Koromu;Trans-New Guinea;;
Koroni;Austronesian;;
Koropó;Purian;;
Koroshi;Indo-European;;
Korowai;Trans-New Guinea;;
Korubo;Panoan;;
Korupun-Sela;Trans-New Guinea;;
Korwa;Austro-Asiatic;;
Koryak;Chukotko-Kamchatkan;;
Kosare;Kaure;;
Kosena;Trans-New Guinea;;
Koshin;Niger-Congo;;
Kosraean;Austronesian;;
Kota;Dravidian;;
Kota;Niger-Congo;;
Kota Marudu Talantang;Austronesian;;
Koti;Niger-Congo;;
Kott;Yeniseian;;
Kou;Trans-New Guinea;;
Kouya;Niger-Congo;;
Kovai;Trans-New Guinea;;
Kove;Austronesian;;
Kovol;Trans-New Guinea;;
Kowaki;Trans-New Guinea;;
Kowiai;Austronesian;;
Koy Sanjaq Surat;Afro-Asiatic;;
Koya;Dravidian;;
Koyaga;Niger-Congo;;
Koyee;Sino-Tibetan;;
Koyo;Niger-Congo;;
Koyukon;Eyak-Athabaskan;;
Kpagua;Niger-Congo;;
Kpala;Niger-Congo;;
Kpan;Niger-Congo;;
Kpasham;Niger-Congo;;
Kpati;Niger-Congo;;
Kpatili;Niger-Congo;;
Kpeego;Niger-Congo;;
Kpelle, Guinea;Niger-Congo;;
Kpelle, Liberia;Niger-Congo;;
Kpessi;Niger-Congo;;
Kplang;Niger-Congo;;
Krache;Niger-Congo;;
Krahn, Eastern;Niger-Congo;;
Krahn, Western;Niger-Congo;;
Krahô;Jean;;
Kraol;Austro-Asiatic;;
Krenak;Botocudoan;;
Krevinian;Uralic;;
Kreye;Jean;;
Kriang;Austro-Asiatic;;
Krikati-Timbira;Jean;;
Krimchak;Turkic;;
Krio;Creole;;
Kriol;Creole;;
Krobu;Niger-Congo;;
Krongo;Nilo-Saharan;;
Krumen, Plapo;Niger-Congo;;
Krumen, Pye;Niger-Congo;;
Krumen, Tepo;Niger-Congo;;
Krung;Austro-Asiatic;;
Kryts;Nakh-Daghestanian;;
Kua;Khoe-Kwadi;;
Kua-nsi;Sino-Tibetan;;
Kuamasi;Sino-Tibetan;;
Kuan;Kra-Dai;;
Kuanhua;Austro-Asiatic;;
Kuanua;Austronesian;;
Kuay;Austro-Asiatic;;
Kubachi;Nakh-Daghestanian;;
Kube;Trans-New Guinea;;
Kubi;Afro-Asiatic;;
Kubo;Trans-New Guinea;;
Kubu;Austronesian;;
Kuce;Niger-Congo;;
Kucong;Sino-Tibetan;;
Kudiya;Dravidian;;
Kudmali;Indo-European;;
Kudu-Camo;Niger-Congo;;
Kugama;Niger-Congo;;
Kugbo;Niger-Congo;;
Kugu-Muminh;Australian;;
Kuhane;Niger-Congo;;
Kui;Dravidian;;
Kui;Trans-New Guinea;;
Kui, Dawik;Dravidian;;
Kuijau;Austronesian;;
Kuikúro-Kalapálo;Cariban;;
Kujarge;Unclassified;;
Kuk;Niger-Congo;;
Kukama-Kukamiria;Tupian;;
Kukatja;Australian;;
Kuke;Sino-Tibetan;;
Kukele;Niger-Congo;;
Kukna;Indo-European;;
Kuku;Nilo-Saharan;;
Kuku-Mangk;Australian;;
Kuku-Mu’inh;Australian;;
Kuku-Ugbanh;Australian;;
Kuku-Uwanh;Australian;;
Kuku-Yalanji;Australian;;
Kula;Trans-New Guinea;;
Kulango, Bondoukou;Niger-Congo;;
Kulango, Bouna;Niger-Congo;;
Kulere;Afro-Asiatic;;
Kulfa;Nilo-Saharan;;
Kulina;Arauan;;
Kulina Pano;Panoan;;
Kulisusu;Austronesian;;
Kulon;Austronesian;;
Kulung;Niger-Congo;;
Kulung;Sino-Tibetan;;
Kumal;Indo-European;;
Kumalu;Austronesian;;
Kumam;Nilo-Saharan;;
Kuman;Trans-New Guinea;;
Kuman;Turkic;;
Kumaoni;Indo-European;;
Kumarbhag Paharia;Dravidian;;
Kumba;Niger-Congo;;
Kumbainggar;Australian;;
Kumbaran;Dravidian;;
Kumbewaha;Austronesian;;
Kumiai;Cochimí-Yuman;;
Kumukio;Trans-New Guinea;;
Kumyk;Turkic;;
Kumzari;Indo-European;;
Kuna, Border;Chibchan;;
Kuna, San Blas;Chibchan;;
Kunama;Nilo-Saharan;;
Kunbarlang;Australian;;
Kunda;Niger-Congo;;
Kundal Shahi;Indo-European;;
Kunduvadi;Dravidian;;
Kung;Niger-Congo;;
Kung-Ekoka;Kx’a;;
Kungarakany;Australian;;
Kungardutyi;Australian;;
Kunggari;Australian;;
Kungkari;Australian;;
Kuni;Austronesian;;
Kuni-Boazi;Trans-New Guinea;;
Kunigami;Japonic;;
Kunimaipa;Trans-New Guinea;;
Kunjen;Australian;;
Kunyi;Niger-Congo;;
Kunza;Language isolate;;
Kuo;Niger-Congo;;
Kuot;Language isolate;;
Kupa;Niger-Congo;;
Kupia;Indo-European;;
Kupsapiiny;Nilo-Saharan;;
Kur;Austronesian;;
Kurama;Niger-Congo;;
Kuranko;Niger-Congo;;
Kurdish, Central;Indo-European;;
Kurdish, Northern;Indo-European;;
Kurdish, Southern;Indo-European;;
Kuri;Austronesian;;
Kuria;Niger-Congo;;
Kurichiya;Dravidian;;
Kurmukar;Indo-European;;
Kurnai;Australian;;
Kurrama;Australian;;
Kursav;Trans-New Guinea;;
Kurti;Austronesian;;
Kurtokha;Sino-Tibetan;;
Kuruáya;Tupian;;
Kurudu;Austronesian;;
Kurumba, Alu;Dravidian;;
Kurumba, Attapady;Dravidian;;
Kurumba, Betta;Dravidian;;
Kurumba, Jennu;Dravidian;;
Kurumba, Kannada;Dravidian;;
Kurumba, Mullu;Dravidian;;
Kurux;Dravidian;;
Kusaal;Niger-Congo;;
Kusaghe;Austronesian;;
Kushi;Afro-Asiatic;;
Kuskokwim, Upper;Eyak-Athabaskan;;
Kusu;Niger-Congo;;
Kusunda;Language isolate;;
Kusur-Myet;Niger-Congo;;
Kutenai;Language isolate;;
Kutep;Niger-Congo;;
Kuthant;Australian;;
Kutong;Trans-New Guinea;;
Kutto;Afro-Asiatic;;
Kutu;Niger-Congo;;
Kuturmi;Niger-Congo;;
Kuuk Thayorre;Australian;;
Kuuk-Yak;Australian;;
Kuuku-Ya’u;Australian;;
Kuvale;Niger-Congo;;
Kuvi;Dravidian;;
Kuwaa;Niger-Congo;;
Kuwaataay;Niger-Congo;;
Kuwema;Australian;;
Kw’adza;Afro-Asiatic;;
Kwa;Niger-Congo;;
Kwaami;Afro-Asiatic;;
Kwadi;Khoe-Kwadi;;
Kwaio;Austronesian;;
Kwaja;Niger-Congo;;
Kwak’wala;Wakashan;;
Kwakum;Niger-Congo;;
Kwalhioqua-Tlatskanai;Eyak-Athabaskan;;
Kwambi;Niger-Congo;;
Kwamera;Austronesian;;
Kwami;Niger-Congo;;
Kwandu;Niger-Congo;;
Kwang;Afro-Asiatic;;
Kwanga;Sepik;;
Kwangali;Niger-Congo;;
Kwanja;Niger-Congo;;
Kwara’ae;Austronesian;;
Kwasio;Niger-Congo;;
Kwaya;Niger-Congo;;
Kwaza;Language isolate;;
Kwegu;Nilo-Saharan;;
Kwer;Trans-New Guinea;;
Kwerba;Tor-Kwerba;;
Kwerba Mamberamo;Tor-Kwerba;;
Kwere;Niger-Congo;;
Kwerisa;Lakes Plain;;
Kwese;Niger-Congo;;
Kwesten;Tor-Kwerba;;
Kwini;Australian;;
Kwinsu;Tor-Kwerba;;
Kwinti;Creole;;
Kwoma;Sepik;;
Kwomtari;Kwomtari;;
Kyak;Niger-Congo;;
Kyaka;Trans-New Guinea;;
Kyanga;Niger-Congo;;
Kyenele;Yuat;;
Kyerung;Sino-Tibetan;;
Kyoli;Niger-Congo;;
Kyrgyz;Turkic;;
La’bi;Niger-Congo;;
Laal;Language isolate;;
Laalaa;Niger-Congo;;
Laari;Niger-Congo;;
Laarim;Nilo-Saharan;;
Laba;West Papuan;;
Labalekan-Mingar;Austronesian;;
Label;Austronesian;;
Laboya;Austronesian;;
Labu;Austronesian;;
Labur;Niger-Congo;;
Lacandon;Mayan;;
Lachi;Kra-Dai;;
Lachi, White;Kra-Dai;;
Lacid;Sino-Tibetan;;
Ladakhi;Sino-Tibetan;;
Ladin;Indo-European;;
Ladino;Indo-European;;
Ladji Ladji;Australian;;
Laeko-Libuat;Torricelli;;
Lafofa;Niger-Congo;;
Laghu;Austronesian;;
Laghuu;Sino-Tibetan;;
Lagwan;Afro-Asiatic;;
Laha;Austronesian;;
Laha;Kra-Dai;;
Lahanan;Austronesian;;
Lahta;Sino-Tibetan;;
Lahu;Sino-Tibetan;;
Lahu Shi;Sino-Tibetan;;
Laimbue;Niger-Congo;;
Laiyolo;Austronesian;;
Lak;Nakh-Daghestanian;;
Laka;Nilo-Saharan;;
Lakalei;Austronesian;;
Lakha;Sino-Tibetan;;
Laki;Indo-European;;
Lakkia;Kra-Dai;;
Lakon;Austronesian;;
Lakondê;Nambikwara;;
Lakota;Siouan-Catawban;;
Lakurumau;Austronesian;;
Lala;Austronesian;;
Lala-Bisa;Niger-Congo;;
Lala-Roba;Niger-Congo;;
Lalia;Niger-Congo;;
Lalo, Central;Sino-Tibetan;;
Lalo, Dongshanba;Sino-Tibetan;;
Lalu, Eastern;Sino-Tibetan;;
Lalu, Western;Sino-Tibetan;;
Lama;Niger-Congo;;
Lamaholot;Austronesian;;
Lamalama;Australian;;
Lamalera;Austronesian;;
Lamang;Afro-Asiatic;;
Lamatuka;Austronesian;;
Lamba;Niger-Congo;;
Lambadi;Indo-European;;
Lambya;Niger-Congo;;
Lame;Niger-Congo;;
Lamenu;Austronesian;;
Lamja-Dengsa-Tola;Niger-Congo;;
Lamkang;Sino-Tibetan;;
Lamnsoʼ;Niger-Congo;;
Lamogai;Austronesian;;
Lampung Api;Austronesian;;
Lampung Nyo;Austronesian;;
Lamu;Sino-Tibetan;;
Landoma;Niger-Congo;;
Lang’e;Sino-Tibetan;;
Langbashe;Niger-Congo;;
Lango;Nilo-Saharan;;
Lango;Nilo-Saharan;;
Lanima;Australian;;
Lanoh;Austro-Asiatic;;
Lao;Kra-Dai;;
Laomian;Sino-Tibetan;;
Laopang;Sino-Tibetan;;
Laragia;Australian;;
Lardil;Australian;;
Larevat;Austronesian;;
Lari;Indo-European;;
Larike-Wakasihu;Austronesian;;
Laro;Niger-Congo;;
Larteh;Niger-Congo;;
Laru;Niger-Congo;;
Lasalimu;Austronesian;;
Lasgerdi;Indo-European;;
Lasi;Indo-European;;
Latgalian;Indo-European;;
Latin;Indo-European;;
Latu;Austronesian;;
Latundê;Nambikwara;;
Latvian, Standard;Indo-European;;
Lau;Austronesian;;
Laua;Trans-New Guinea;;
Lauan;Austronesian;;
Lauje;Austronesian;;
Laurentian;Iroquoian;;
Lavatbura-Lamusong;Austronesian;;
Laven;Austro-Asiatic;;
Lavi;Austro-Asiatic;;
Lavrung;Sino-Tibetan;;
Lavukaleve;Central Solomons;;
Lawa, Eastern;Austro-Asiatic;;
Lawa, Western;Austro-Asiatic;;
Lawangan;Austronesian;;
Lawu;Sino-Tibetan;;
Lawunuia;Austronesian;;
Layakha;Sino-Tibetan;;
Laz;Kartvelian;;
Leco;Language isolate;;
Leelau;Niger-Congo;;
Leeward Caribbean English Creole;Creole;;
Lefa;Niger-Congo;;
Lega-Mwenga;Niger-Congo;;
Lega-Shabunda;Niger-Congo;;
Legbo;Niger-Congo;;
Legenyem;Austronesian;;
Lehali;Austronesian;;
Leipon;Austronesian;;
Lelak;Austronesian;;
Lele;Afro-Asiatic;;
Lele;Austronesian;;
Lele;Niger-Congo;;
Lele;Niger-Congo;;
Lelemi;Niger-Congo;;
Lelepa;Austronesian;;
Lembena;Trans-New Guinea;;
Lemerig;Austronesian;;
Lemio;Trans-New Guinea;;
Lemoro;Niger-Congo;;
Lenca;Lencan;;
Lendu;Nilo-Saharan;;
Lengilu;Austronesian;;
Lengo;Austronesian;;
Lengola;Niger-Congo;;
Leningitij;Australian;;
Lenje;Niger-Congo;;
Lenkau;Austronesian;;
Lenyima;Niger-Congo;;
Lepcha;Sino-Tibetan;;
Lepki;Unclassified;;
Lere;Niger-Congo;;
Lese;Nilo-Saharan;;
Lesser Antillean French Creole;Creole;;
Letemboi;Austronesian;;
Leti;Austronesian;;
Leti;Niger-Congo;;
Levuka;Austronesian;;
Lewo;Austronesian;;
Lewoeleng;Austronesian;;
Lewotobi;Austronesian;;
Leyigha;Niger-Congo;;
Lezgi;Nakh-Daghestanian;;
Lhao Vo;Sino-Tibetan;;
Lhokpu;Sino-Tibetan;;
Lhomi;Sino-Tibetan;;
Lhowa;Sino-Tibetan;;
Li’o;Austronesian;;
Liabuku;Austronesian;;
Liana-Seti;Austronesian;;
Liberian English;Pidgin;;
Libido;Afro-Asiatic;;
Libinza;Niger-Congo;;
Lidzonka;Niger-Congo;;
Ligbi;Niger-Congo;;
Ligenza;Niger-Congo;;
Ligurian;Indo-European;;
Lihir;Austronesian;;
Lik;Trans-New Guinea;;
Lika;Niger-Congo;;
Liki;Austronesian;;
Likila;Niger-Congo;;
Likuba;Niger-Congo;;
Likum;Austronesian;;
Likwala;Niger-Congo;;
Lilau;Torricelli;;
Lillooet;Salish;;
Limassa;Niger-Congo;;
Limba, East;Niger-Congo;;
Limba, West-Central;Niger-Congo;;
Limbu;Sino-Tibetan;;
Limbum;Niger-Congo;;
Limburgish;Indo-European;;
Limi;Sino-Tibetan;;
Limilngan;Australian;;
Limola;Austronesian;;
Lingala;Niger-Congo;;
Lingao;Kra-Dai;;
Lingua Franca;Pidgin;;
Lipo;Sino-Tibetan;;
Lisabata-Nuniali;Austronesian;;
Lisela;Austronesian;;
Lish;Sino-Tibetan;;
Lishán Noshan;Afro-Asiatic;;
Lishana Deni;Afro-Asiatic;;
Lisu;Sino-Tibetan;;
Lithuanian;Indo-European;;
Litzlitz;Austronesian;;
Liv;Uralic;;
Livvi-Karelian;Uralic;;
Lo-Toga;Austronesian;;
Loarki;Indo-European;;
Lobala;Niger-Congo;;
Lobi;Niger-Congo;;
Lobu, Lanas;Austronesian;;
Lobu, Tampias;Austronesian;;
Lodhi;Indo-European;;
Logba;Niger-Congo;;
Logir;Nilo-Saharan;;
Logo;Nilo-Saharan;;
Logol;Niger-Congo;;
Logorik;Nilo-Saharan;;
Lohar, Gade;Indo-European;;
Lohar, Lahul;Indo-European;;
Lohorung;Sino-Tibetan;;
Lokaa;Niger-Congo;;
Loko;Niger-Congo;;
Lokoya;Nilo-Saharan;;
Lola;Austronesian;;
Lolak;Austronesian;;
Lole;Austronesian;;
Lolo;Niger-Congo;;
Loloda;West Papuan;;
Lolopo;Sino-Tibetan;;
Lolopo, Southern;Sino-Tibetan;;
Loma;Niger-Congo;;
Loma;Niger-Congo;;
Lomaiviti;Austronesian;;
Lomavren;Mixed language;;
Lombard;Indo-European;;
Lombi;Nilo-Saharan;;
Lombo;Niger-Congo;;
Lomwe;Niger-Congo;;
Lomwe, Malawi;Niger-Congo;;
Long Wat;Austronesian;;
Longgu;Austronesian;;
Longto;Niger-Congo;;
Loniu;Austronesian;;
Lonwolwol;Austronesian;;
Lonzo;Niger-Congo;;
Loo;Niger-Congo;;
Lopa;Niger-Congo;;
Lopi;Sino-Tibetan;;
Lopit;Nilo-Saharan;;
Lorang;Austronesian;;
Lorediakarkar;Austronesian;;
Lote;Austronesian;;
Lotud;Austronesian;;
Lou;Austronesian;;
Louisiana Creole;Creole;;
Loun;Austronesian;;
Loup A;Algic;;
Loup B;Algic;;
Loura;Austronesian;;
Lovono;Austronesian;;
Lower Burdekin;Australian;;
Lower Nossob;Tuu;;
Löyöp;Austronesian;;
Lozi;Niger-Congo;;
Lü;Kra-Dai;;
Luang;Austronesian;;
Luba-Kasai;Niger-Congo;;
Luba-Katanga;Niger-Congo;;
Lubila;Niger-Congo;;
Lubu;Austronesian;;
Luchazi;Niger-Congo;;
Lucumi;Niger-Congo;;
Ludian;Uralic;;
Lufu;Unclassified;;
Lugbara;Nilo-Saharan;;
Luguru;Niger-Congo;;
Luhu;Austronesian;;
Luidakho-Luisukha-Lutirichi;Niger-Congo;;
Luimbi;Niger-Congo;;
Luiseño;Uto-Aztecan;;
Lukabaras;Niger-Congo;;
Lukpa;Niger-Congo;;
Lule;Unclassified;;
Lulogooli;Niger-Congo;;
Lumbu;Niger-Congo;;
Lumun;Niger-Congo;;
Luna;Niger-Congo;;
Lunanakha;Sino-Tibetan;;
Lunda;Niger-Congo;;
Lundayeh;Austronesian;;
Lungga;Austronesian;;
Luri;Afro-Asiatic;;
Luri, Northern;Indo-European;;
Luri, Southern;Indo-European;;
Lusengo;Niger-Congo;;
Lushootseed;Salish;;
Lusi;Austronesian;;
Lutachoni;Niger-Congo;;
Luto;Nilo-Saharan;;
Luvale;Niger-Congo;;
Luwati;Indo-European;;
Luwo;Nilo-Saharan;;
Luxembourgish;Indo-European;;
Luyana;Niger-Congo;;
Lwalu;Niger-Congo;;
Lwel;Niger-Congo;;
Lyélé;Niger-Congo;;
Lyngngam;Austro-Asiatic;;
M’we;Niger-Congo;;
Ma;Trans-New Guinea;;
Ma Manda;Trans-New Guinea;;
Ma’anyan;Austronesian;;
Ma’di;Nilo-Saharan;;
Ma’di, Southern;Nilo-Saharan;;
Ma’ya;Austronesian;;
Maa;Austro-Asiatic;;
Maaka;Afro-Asiatic;;
Maan;Niger-Congo;;
Maasai;Nilo-Saharan;;
Maay;Afro-Asiatic;;
Maba;Austronesian;;
Maba;Nilo-Saharan;;
Mabaale;Niger-Congo;;
Mabaan;Nilo-Saharan;;
Mabire;Afro-Asiatic;;
Macaguaje;Tucanoan;;
Macaguán;Guajiboan;;
Macanese;Creole;;
Macedonian;Indo-European;;
Machame;Niger-Congo;;
Machinere;Maipurean;;
Machinga;Niger-Congo;;
Maco;Sálivan;;
Macuna;Tucanoan;;
Macushi;Cariban;;
Mada;Afro-Asiatic;;
Mada;Niger-Congo;;
Madak;Austronesian;;
Madhi Madhi;Australian;;
Madi;Niger-Congo;;
Madi;Trans-New Guinea;;
Madura;Austronesian;;
Mae;Austronesian;;
Maewo, Central;Austronesian;;
Mafa;Afro-Asiatic;;
Mafea;Austronesian;;
Magahi;Indo-European;;
Magar, Eastern;Sino-Tibetan;;
Magar, Western;Sino-Tibetan;;
Mághdì;Niger-Congo;;
Magi;Trans-New Guinea;;
Magiyi;Trans-New Guinea;;
Magɨ;Trans-New Guinea;;
Magoma;Niger-Congo;;
Magori;Austronesian;;
Maguindanaon;Austronesian;;
Mah Meri;Austro-Asiatic;;
Mahali;Austro-Asiatic;;
Mahican;Algic;;
Mahongwe;Niger-Congo;;
Mahou;Niger-Congo;;
Mai Brat;Maybrat;;
Maia;Trans-New Guinea;;
Maiadomu;Austronesian;;
Maiani;Trans-New Guinea;;
Maidu, Northeast;Maiduan;;
Maidu, Northwest;Maiduan;;
Maidu, Valley;Maiduan;;
Maii;Austronesian;;
Maijuna;Tucanoan;;
Maindo;Niger-Congo;;
Mairasi;Mairasi;;
Maisin;Austronesian;;
Maithili;Indo-European;;
Maiwa;Austronesian;;
Maiwa;Trans-New Guinea;;
Maiwala;Austronesian;;
Majang;Nilo-Saharan;;
Majera;Afro-Asiatic;;
Majhi;Indo-European;;
Majhwar;Unclassified;;
Mak;Kra-Dai;;
Mak;Niger-Congo;;
Maka;Matacoan;;
Makaa;Niger-Congo;;
Makah;Wakashan;;
Makalero;Trans-New Guinea;;
Makasae;Trans-New Guinea;;
Makasar;Austronesian;;
Makayam;Trans-New Guinea;;
Makhuwa;Niger-Congo;;
Makhuwa-Marrevone;Niger-Congo;;
Makhuwa-Meetto;Niger-Congo;;
Makhuwa-Moniga;Niger-Congo;;
Makhuwa-Saka;Niger-Congo;;
Makhuwa-Shirima;Niger-Congo;;
Makian, East;Austronesian;;
Makian, West;West Papuan;;
Maklew;South-Central Papuan;;
Makolkol;East New Britain;;
Makonde;Niger-Congo;;
Máku;Language isolate;;
Makuráp;Tupian;;
Makuva;Austronesian;;
Makwe;Niger-Congo;;
Mal;Austro-Asiatic;;
Mal Paharia;Indo-European;;
Mala;Austronesian;;
Mala;Trans-New Guinea;;
Mala Malasar;Dravidian;;
Malaccan Malay Creole;Creole;;
Malaccan Portuguese Creole;Creole;;
Malagasy, Antankarana;Austronesian;;
Malagasy, Bara;Austronesian;;
Malagasy, Masikoro;Austronesian;;
Malagasy, Merina;Austronesian;;
Malagasy, Northern Betsimisaraka;Austronesian;;
Malagasy, Sakalava;Austronesian;;
Malagasy, Southern Betsimisaraka;Austronesian;;
Malagasy, Tandroy-Mahafaly;Austronesian;;
Malagasy, Tanosy;Austronesian;;
Malagasy, Tesaka;Austronesian;;
Malagasy, Tsimihety;Austronesian;;
Malak Malak;Australian;;
Malango;Austronesian;;
Malankuravan;Dravidian;;
Malapandaram;Dravidian;;
Malaryan;Dravidian;;
Malasar;Dravidian;;
Malavedan;Dravidian;;
Malay;Austronesian;;
Malay;Austronesian;;
Malay, Ambonese;Creole;;
Malay, Baba;Creole;;
Malay, Bacanese;Austronesian;;
Malay, Balinese;Creole;;
Malay, Banda;Creole;;
Malay, Berau;Austronesian;;
Malay, Bukit;Austronesian;;
Malay, Central;Austronesian;;
Malay, Cocos Islands;Creole;;
Malay, Jambi;Austronesian;;
Malay, Kedah;Austronesian;;
Malay, Kota Bangun Kutai;Austronesian;;
Malay, Kupang;Creole;;
Malay, Larantuka;Creole;;
Malay, Manado;Creole;;
Malay, North Moluccan;Creole;;
Malay, Papuan;Creole;;
Malay, Pattani;Austronesian;;
Malay, Sabah;Austronesian;;
Malay, Standard;Austronesian;;
Malay, Tenggarong Kutai;Austronesian;;
Malayalam;Dravidian;;
Malayic Dayak;Austronesian;;
Malaynon;Austronesian;;
Maldivian;Indo-European;;
Male;Afro-Asiatic;;
Malecite-Passamaquoddy;Algic;;
Malei;Austronesian;;
Maléku Jaíka;Chibchan;;
Maleng;Austro-Asiatic;;
Maleu-Kilenge;Austronesian;;
Malgana;Australian;;
Malgbe;Afro-Asiatic;;
Mali;East New Britain;;
Malila;Niger-Congo;;
Malimpung;Austronesian;;
Malo;Austronesian;;
Malol;Austronesian;;
Maltese;Afro-Asiatic;;
Malua Bay;Austronesian;;
Malvi;Indo-European;;
Malyangapa;Australian;;
Mam;Mayan;;
Mama;Niger-Congo;;
Mamaindê;Nambikwara;;
Mamasa;Austronesian;;
Mambae;Austronesian;;
Mambai;Niger-Congo;;
Mambila, Cameroon;Niger-Congo;;
Mambila, Nigeria;Niger-Congo;;
Mamboru;Austronesian;;
Mambwe-Lungu;Niger-Congo;;
Mampruli;Niger-Congo;;
Mamuju;Austronesian;;
Mamulique;Comecrudan;;
Mamusi;Austronesian;;
Mamvu;Nilo-Saharan;;
Man Met;Austro-Asiatic;;
Manam;Austronesian;;
Manambu;Sepik;;
Manangkari;Australian;;
Manat;Trans-New Guinea;;
Manchu;Tungusic;;
Mand;Trans-New Guinea;;
Manda;Australian;;
Manda;Dravidian;;
Manda;Niger-Congo;;
Mandahuaca;Maipurean;;
Mandaic, Classical;Afro-Asiatic;;
Mandan;Siouan-Catawban;;
Mandandanyi;Australian;;
Mandar;Austronesian;;
Mandara;Austronesian;;
Mandari;Nilo-Saharan;;
Mandaya;Austronesian;;
Mandeali;Indo-European;;
Mander;Tor-Kwerba;;
Mandinka;Niger-Congo;;
Mandja;Niger-Congo;;
Mandjak;Niger-Congo;;
Mandobo Atas;Trans-New Guinea;;
Mandobo Bawah;Trans-New Guinea;;
Manem;Border;;
Manep;Trans-New Guinea;;
Mang;Austro-Asiatic;;
Mangala;Australian;;
Mangareva;Austronesian;;
Mangarrayi;Australian;;
Mangayat;Niger-Congo;;
Mangbetu;Nilo-Saharan;;
Mangbutu;Nilo-Saharan;;
Mangerr;Australian;;
Manggarai;Austronesian;;
Mango;Nilo-Saharan;;
Mangole;Austronesian;;
Mangseng;Austronesian;;
Mangue;Unclassified;;
Manide;Austronesian;;
Maninka, Sankaran;Niger-Congo;;
Maninkakan, Eastern;Niger-Congo;;
Maninkakan, Kita;Niger-Congo;;
Maninkakan, Western;Niger-Congo;;
Manipa;Austronesian;;
Mankanya;Niger-Congo;;
Mankiyali;Indo-European;;
Mankong;Niger-Congo;;
Manna-Dora;Dravidian;;
Mannan;Dravidian;;
Manobo, Agusan;Austronesian;;
Manobo, Ata;Austronesian;;
Manobo, Cotabato;Austronesian;;
Manobo, Dibabawon;Austronesian;;
Manobo, Ilianen;Austronesian;;
Manobo, Kinamiging;Austronesian;;
Manobo, Matigsalug;Austronesian;;
Manobo, Obo;Austronesian;;
Manobo, Rajah Kabunsuwan;Austronesian;;
Manobo, Sarangani;Austronesian;;
Manobo, Western Bukidnon;Austronesian;;
Manombai;Austronesian;;
Mansaka;Austronesian;;
Mansi;Afro-Asiatic;;
Mansi;Uralic;;
Mansoanka;Niger-Congo;;
Manta;Niger-Congo;;
Mantsi;Sino-Tibetan;;
Manx;Indo-European;;
Manya;Niger-Congo;;
Manyawa;Niger-Congo;;
Manyika;Niger-Congo;;
Maonan;Kra-Dai;;
Maori;Austronesian;;
Mape;Trans-New Guinea;;
Mapena;Trans-New Guinea;;
Mapia;Austronesian;;
Mapidian;Maipurean;;
Mapoyo;Cariban;;
Mapudungun;Mapudungu;;
Mapun;Austronesian;;
Maquiritari;Cariban;;
Mara;Sino-Tibetan;;
Maraghei;Indo-European;;
Maragus;Austronesian;;
Maranao;Austronesian;;
Marangis;Ramu-Lower Sepik;;
Maranunggu;Australian;;
Mararit;Nilo-Saharan;;
Marathi;Indo-European;;
Marau;Austronesian;;
Marba;Afro-Asiatic;;
Marenje;Niger-Congo;;
Marfa;Nilo-Saharan;;
Margany;Australian;;
Marghi Central;Afro-Asiatic;;
Marghi South;Afro-Asiatic;;
Margu;Australian;;
Mari;Austronesian;;
Mari;Sepik;;
Mari, Hill;Uralic;;
Mari, Meadow;Uralic;;
Maria;Dravidian;;
Maria;Trans-New Guinea;;
Maria, Dandami;Dravidian;;
Maricopa;Cochimí-Yuman;;
Maridan;Australian;;
Maridjabin;Australian;;
Marik;Austronesian;;
Marimanindji;Australian;;
Marind;Trans-New Guinea;;
Marind, Bian;Trans-New Guinea;;
Maring;Trans-New Guinea;;
Maringarr;Australian;;
Marino;Austronesian;;
Mariri;Austronesian;;
Maritsauá;Tupian;;
Mariyedi;Australian;;
Marka;Niger-Congo;;
Markweeta;Nilo-Saharan;;
Marma;Sino-Tibetan;;
Marovo;Austronesian;;
Marquesan, North;Austronesian;;
Marquesan, South;Austronesian;;
Marra;Australian;;
Marriammu;Australian;;
Marrithiyel;Australian;;
Marshallese;Austronesian;;
Marti Ke;Australian;;
Martu Wangka;Australian;;
Martuyhunira;Australian;;
Marubo;Panoan;;
Marwari;Indo-European;;
Marwari;Indo-European;;
Masaaba;Niger-Congo;;
Masalit;Nilo-Saharan;;
Masana;Afro-Asiatic;;
Masbatenyo;Austronesian;;
Masela, Central;Austronesian;;
Masela, East;Austronesian;;
Masela, West;Austronesian;;
Mashco Piro;Maipurean;;
Mashi;Niger-Congo;;
Mashi;Niger-Congo;;
Masimasi;Austronesian;;
Masiwang;Austronesian;;
Maskelynes;Austronesian;;
Maslam;Afro-Asiatic;;
Masmaje;Afro-Asiatic;;
Massalat;Nilo-Saharan;;
Massep;Language isolate;;
Matagalpa;Misumalpan;;
Matal;Afro-Asiatic;;
Matambwe;Niger-Congo;;
Matbat;Austronesian;;
Matengo;Niger-Congo;;
Matepi;Trans-New Guinea;;
Mateq;Austronesian;;
Matipuhy;Cariban;;
Matís;Panoan;;
Matlatzinca, Atzingo;Otomanguean;;
Matlatzinca, San Francisco;Otomanguean;;
Matngala;Australian;;
Mato;Austronesian;;
Mator;Uralic;;
Matses;Panoan;;
Matsigenka;Maipurean;;
Matsuva;Afro-Asiatic;;
Mattokki;Nilo-Saharan;;
Mattole;Eyak-Athabaskan;;
Matukar Panau;Austronesian;;
Matumbi;Niger-Congo;;
Maung;Australian;;
Mauwake;Trans-New Guinea;;
Mawa;Afro-Asiatic;;
Mawa;Afro-Asiatic;;
Mawak;Trans-New Guinea;;
Mawan;Trans-New Guinea;;
Mawayana;Maipurean;;
Mawchi;Indo-European;;
Mawes;Language isolate;;
Mawes Aasse;Afro-Asiatic;;
Maxakalí;Maxakalian;;
Maya, Mopán;Mayan;;
Maya, Yucatec;Mayan;;
Mayaguduna;Australian;;
Mayangna;Misumalpan;;
Mayawali;Australian;;
Mayeka;Niger-Congo;;
Mayi-Kulan;Australian;;
Mayi-Thakurti;Australian;;
Mayi-Yapi;Australian;;
Mayo;Uto-Aztecan;;
Mayogo;Niger-Congo;;
Mazagway-Hidi;Afro-Asiatic;;
Mazahua, Central;Otomanguean;;
Mazahua, Michoacán;Otomanguean;;
Mazandarani;Indo-European;;
Mazatec, Ayautla;Otomanguean;;
Mazatec, Chiquihuitlán;Otomanguean;;
Mazatec, Huautla;Otomanguean;;
Mazatec, Ixcatlán;Otomanguean;;
Mazatec, Jalapa de Díaz;Otomanguean;;
Mazatec, Mazatlán;Otomanguean;;
Mazatec, Puebla and Northeastern;Otomanguean;;
Mazatec, San Jerónimo Tecóatl;Otomanguean;;
Mazatec, Soyaltepec;Otomanguean;;
Mba;Niger-Congo;;
Mbala;Niger-Congo;;
Mbalanhu;Niger-Congo;;
Mbandja;Niger-Congo;;
Mbangala;Niger-Congo;;
Mbangi;Niger-Congo;;
Mbangwe;Niger-Congo;;
Mbara;Afro-Asiatic;;
Mbara;Australian;;
Mbariman-Gudhinma;Australian;;
Mbat;Niger-Congo;;
Mbati;Niger-Congo;;
Mbay;Nilo-Saharan;;
Mbe;Niger-Congo;;
Mbelime;Niger-Congo;;
Mbembe, Cross River;Niger-Congo;;
Mbembe, Tigon;Niger-Congo;;
Mbere;Niger-Congo;;
Mbesa;Niger-Congo;;
Mbessa;Niger-Congo;;
Mbo;Niger-Congo;;
Mbo;Niger-Congo;;
Mbo’;Niger-Congo;;
Mboi;Niger-Congo;;
Mboko;Niger-Congo;;
Mbole;Niger-Congo;;
Mbonga;Niger-Congo;;
Mbongno;Niger-Congo;;
Mbore;Ramu-Lower Sepik;;
Mbosi;Niger-Congo;;
Mbowe;Niger-Congo;;
Mbre;Niger-Congo;;
Mbudum;Afro-Asiatic;;
Mbugu;Mixed language;;
Mbugwe;Niger-Congo;;
Mbuk;Niger-Congo;;
Mbuko;Afro-Asiatic;;
Mbukushu;Niger-Congo;;
Mbula;Austronesian;;
Mbula-Bwazza;Niger-Congo;;
Mbule;Niger-Congo;;
Mbulungish;Niger-Congo;;
Mbum;Niger-Congo;;
Mbunda;Niger-Congo;;
Mbunga;Niger-Congo;;
Mbuun;Niger-Congo;;
Mbwela;Niger-Congo;;
Me’en;Nilo-Saharan;;
Me’phaa, Acatepec;Otomanguean;;
Me’phaa, Azoyú;Otomanguean;;
Me’phaa, Malinaltepec;Otomanguean;;
Me’phaa, Tlacoapa;Otomanguean;;
Meänkieli;Uralic;;
Medebur;Austronesian;;
Media Lengua;Mixed language;;
Medumba;Niger-Congo;;
Mefele;Afro-Asiatic;;
Megam;Sino-Tibetan;;
Mehek;Sepik;;
Mehináku;Maipurean;;
Mehri;Afro-Asiatic;;
Meitei;Sino-Tibetan;;
Mekeo;Austronesian;;
Mekmek;Yuat;;
Mekwei;Nimboran;;
Mel-Khaonh;Austro-Asiatic;;
Melanau, Central;Austronesian;;
Melanau, Kanowit-Tanjong;Austronesian;;
Melanau, Matu Daro;Austronesian;;
Melanau, Sibu;Austronesian;;
Mele-Fila;Austronesian;;
Melo;Afro-Asiatic;;
Melpa;Trans-New Guinea;;
Memoni;Indo-European;;
Mendankwe-Nkwen;Niger-Congo;;
Mende;Niger-Congo;;
Mende;Sepik;;
Mendenkye;Niger-Congo;;
Mengaka;Niger-Congo;;
Mengambo;Niger-Congo;;
Mengen;Austronesian;;
Mengisa;Niger-Congo;;
Ménik;Niger-Congo;;
Menka;Niger-Congo;;
Menominee;Algic;;
Mentawai;Austronesian;;
Menya;Trans-New Guinea;;
Meoswar;Austronesian;;
Mer;Mairasi;;
Meramera;Austronesian;;
Mercheros;Unclassified;;
Merei;Austronesian;;
Merey;Afro-Asiatic;;
Meriam Mir;Eastern Trans-Fly;;
Merwari;Indo-European;;
Mesaka;Niger-Congo;;
Mesem;Trans-New Guinea;;
Meskwaki;Algic;;
Mesme;Afro-Asiatic;;
Mesmes;Afro-Asiatic;;
Mesqan;Afro-Asiatic;;
Meta’;Niger-Congo;;
Mevembet;Sepik;;
Mewahang, Eastern;Sino-Tibetan;;
Mewahang, Western;Sino-Tibetan;;
Mewari;Indo-European;;
Mewati;Indo-European;;
Meyah;East Bird’s Head-Sentani;;
Mfinu;Niger-Congo;;
Mfumte;Niger-Congo;;
Mgbolizhia;Niger-Congo;;
Mi’kmaq;Algic;;
Miami;Algic;;
Mian;Trans-New Guinea;;
Miani;Trans-New Guinea;;
Miao, Central Huishui;Hmong-Mien;;
Miao, Central Mashan;Hmong-Mien;;
Miao, Chuanqiandian Cluster;Hmong-Mien;;
Miao, Eastern Huishui;Hmong-Mien;;
Miao, Eastern Qiandong;Hmong-Mien;;
Miao, Eastern Xiangxi;Hmong-Mien;;
Miao, Horned;Hmong-Mien;;
Miao, Large Flowery;Hmong-Mien;;
Miao, Luopohe;Hmong-Mien;;
Miao, Northern Guiyang;Hmong-Mien;;
Miao, Northern Huishui;Hmong-Mien;;
Miao, Northern Mashan;Hmong-Mien;;
Miao, Northern Qiandong;Hmong-Mien;;
Miao, Small Flowery;Hmong-Mien;;
Miao, Southern Guiyang;Hmong-Mien;;
Miao, Southern Mashan;Hmong-Mien;;
Miao, Southern Qiandong;Hmong-Mien;;
Miao, Southwestern Guiyang;Hmong-Mien;;
Miao, Southwestern Huishui;Hmong-Mien;;
Miao, Western Mashan;Hmong-Mien;;
Miao, Western Xiangxi;Hmong-Mien;;
Michif;Mixed language;;
Michigamea;Siouan-Catawban;;
Midob;Nilo-Saharan;;
Migaama;Afro-Asiatic;;
Migabac;Trans-New Guinea;;
Migili;Niger-Congo;;
Migum;Trans-New Guinea;;
Miji;Sino-Tibetan;;
Miju-Mishmi;Sino-Tibetan;;
Mikasuki;Muskogean;;
Mili;Sino-Tibetan;;
Miltu;Afro-Asiatic;;
Miluk;Coosan;;
Mina;Afro-Asiatic;;
Minamanwa;Austronesian;;
Minang;Australian;;
Minangkabau;Austronesian;;
Minanibai;Trans-New Guinea;;
Minaveha;Austronesian;;
Mindat;Afro-Asiatic;;
Minderico;Indo-European;;
Mindiri;Austronesian;;
Mingang Doso;Niger-Congo;;
Mingrelian;Kartvelian;;
Miniafia Oyan;Austronesian;;
Minidien;Torricelli;;
Minigir;Austronesian;;
Minjungbal;Australian;;
Minkin;Australian;;
Minokok;Austronesian;;
Minriq;Austro-Asiatic;;
Mintil;Austro-Asiatic;;
Minyag, Eastern;Sino-Tibetan;;
Minyag, Western;Sino-Tibetan;;
Miqie;Sino-Tibetan;;
Mirandese;Indo-European;;
Mirgan;Indo-European;;
Miriti;Tucanoan;;
Miriwoong;Australian;;
Mirning;Australian;;
Misak;Paezan;;
Miship;Afro-Asiatic;;
Misima-Panaeati;Austronesian;;
Mising;Sino-Tibetan;;
Mískito;Misumalpan;;
Mittu;Nilo-Saharan;;
Mituku;Niger-Congo;;
Miu;Austronesian;;
Miwa;Australian;;
Miwok, Central Sierra;Miwok-Costanoan;;
Miwok, Coast;Miwok-Costanoan;;
Miwok, Lake;Miwok-Costanoan;;
Miwok, Northern Sierra;Miwok-Costanoan;;
Miwok, Plains;Miwok-Costanoan;;
Miwok, Southern Sierra;Miwok-Costanoan;;
Mixe, Coatlán;Mixe-Zoquean;;
Mixe, Isthmus;Mixe-Zoquean;;
Mixe, Juquila;Mixe-Zoquean;;
Mixe, Mazatlán;Mixe-Zoquean;;
Mixe, North Central;Mixe-Zoquean;;
Mixe, Quetzaltepec;Mixe-Zoquean;;
Mixe, Tlahuitoltepec;Mixe-Zoquean;;
Mixe, Totontepec;Mixe-Zoquean;;
Mixtec, Alacatlatzala;Otomanguean;;
Mixtec, Alcozauca;Otomanguean;;
Mixtec, Amoltepec;Otomanguean;;
Mixtec, Apasco-Apoala;Otomanguean;;
Mixtec, Atatlahuca;Otomanguean;;
Mixtec, Ayutla;Otomanguean;;
Mixtec, Cacaloxtepec;Otomanguean;;
Mixtec, Chayuco;Otomanguean;;
Mixtec, Chazumba;Otomanguean;;
Mixtec, Chigmecatitlán;Otomanguean;;
Mixtec, Coatzospan;Otomanguean;;
Mixtec, Cuyamecalco;Otomanguean;;
Mixtec, Diuxi-Tilantongo;Otomanguean;;
Mixtec, Huitepec;Otomanguean;;
Mixtec, Itundujia;Otomanguean;;
Mixtec, Ixtayutla;Otomanguean;;
Mixtec, Jamiltepec;Otomanguean;;
Mixtec, Juxtlahuaca;Otomanguean;;
Mixtec, Magdalena Peñasco;Otomanguean;;
Mixtec, Metlatónoc;Otomanguean;;
Mixtec, Mitlatongo;Otomanguean;;
Mixtec, Mixtepec;Otomanguean;;
Mixtec, Northern Tlaxiaco;Otomanguean;;
Mixtec, Northwest Oaxaca;Otomanguean;;
Mixtec, Ocotepec;Otomanguean;;
Mixtec, Peñoles;Otomanguean;;
Mixtec, Pinotepa Nacional;Otomanguean;;
Mixtec, San Juan Colorado;Otomanguean;;
Mixtec, San Juan Teita;Otomanguean;;
Mixtec, San Miguel el Grande;Otomanguean;;
Mixtec, San Miguel Piedras;Otomanguean;;
Mixtec, Santa Lucía Monteverde;Otomanguean;;
Mixtec, Santa María Zacatepec;Otomanguean;;
Mixtec, Silacayoapan;Otomanguean;;
Mixtec, Sindihui;Otomanguean;;
Mixtec, Sinicahua;Otomanguean;;
Mixtec, Southeastern Nochixtlán;Otomanguean;;
Mixtec, Southern Puebla;Otomanguean;;
Mixtec, Southwestern Tlaxiaco;Otomanguean;;
Mixtec, Soyaltepec;Otomanguean;;
Mixtec, Tacahua;Otomanguean;;
Mixtec, Tamazola;Otomanguean;;
Mixtec, Tezoatlán;Otomanguean;;
Mixtec, Tidaá;Otomanguean;;
Mixtec, Tijaltepec;Otomanguean;;
Mixtec, Tlazoyaltepec;Otomanguean;;
Mixtec, Tututepec;Otomanguean;;
Mixtec, Western Juxtlahuaca;Otomanguean;;
Mixtec, Yoloxóchitl;Otomanguean;;
Mixtec, Yosondúa;Otomanguean;;
Mixtec, Yucuañe;Otomanguean;;
Mixtec, Yutanduchi;Otomanguean;;
Miyako;Japonic;;
Miyobe;Niger-Congo;;
Mizo;Sino-Tibetan;;
Mlabri;Austro-Asiatic;;
Mlahsö;Afro-Asiatic;;
Mlap;Nimboran;;
Mlomp;Niger-Congo;;
Mmen;Niger-Congo;;
Mnong, Central;Austro-Asiatic;;
Mnong, Eastern;Austro-Asiatic;;
Mnong, Southern;Austro-Asiatic;;
Mo;Austronesian;;
Mo’da;Nilo-Saharan;;
Moba;Niger-Congo;;
Mobilian;Pidgin;;
Mòcheno;Indo-European;;
Mochi;Niger-Congo;;
Mochica;Language isolate;;
Mocho;Mayan;;
Mocoví;Guaykuruan;;
Modang;Austronesian;;
Modole;West Papuan;;
Moere;Trans-New Guinea;;
Mofu-Gudur;Afro-Asiatic;;
Mofu, North;Afro-Asiatic;;
Moghamo;Niger-Congo;;
Mogholi;Mongolic;;
Mogofin;Niger-Congo;;
Mogum;Afro-Asiatic;;
Mohave;Cochimí-Yuman;;
Mohawk;Iroquoian;;
Mohegan-Pequot;Algic;;
Moi;Niger-Congo;;
Moi Kelim;West Papuan;;
Moi Lemas;West Papuan;;
Moi-Wadea;Trans-New Guinea;;
Moikodi;Trans-New Guinea;;
Moingi;Niger-Congo;;
Moiso;Austronesian;;
Moji;Sino-Tibetan;;
Mok;Austro-Asiatic;;
Mokati;Trans-New Guinea;;
Moken;Austronesian;;
Mokilese;Austronesian;;
Moklen;Austronesian;;
Mokole;Niger-Congo;;
Mokpwe;Niger-Congo;;
Moksela;Austronesian;;
Moksha;Uralic;;
Mol;Torricelli;;
Molale;Language isolate;;
Molbog;Austronesian;;
Molengue;Niger-Congo;;
Molima;Austronesian;;
Molo;Nilo-Saharan;;
Molof;Unclassified;;
Moloko;Afro-Asiatic;;
Moma;Austronesian;;
Momare;Trans-New Guinea;;
Mombum;Trans-New Guinea;;
Momina;Somahai;;
Momu;Fas;;
Momuna;Somahai;;
Mon;Austro-Asiatic;;
Mondé;Tupian;;
Mondropolon;Austronesian;;
Mongo-Nkundu;Niger-Congo;;
Mongolian, Halh;Mongolic;;
Mongolian, Peripheral;Mongolic;;
Mongondow;Austronesian;;
Moni;Trans-New Guinea;;
Mono;Austronesian;;
Mono;Niger-Congo;;
Mono;Niger-Congo;;
Mono;Uto-Aztecan;;
Monom;Austro-Asiatic;;
Monpa, Kalaktang;Sino-Tibetan;;
Monpa, Tawang;Sino-Tibetan;;
Montenegrin;Indo-European;;
Monumbo;Torricelli;;
Monzombo;Niger-Congo;;
Moo;Niger-Congo;;
Moore;Niger-Congo;;
Mor;Austronesian;;
Mor;Trans-New Guinea;;
Moraid;West Papuan;;
Morawa;Trans-New Guinea;;
Morerebi;Tupian;;
Mores;Austronesian;;
Moresada;Trans-New Guinea;;
Mori Atas;Austronesian;;
Mori Bawah;Austronesian;;
Morigi;Trans-New Guinea;;
Moriori;Austronesian;;
Morisyen;Creole;;
Moro;Niger-Congo;;
Morokodo;Nilo-Saharan;;
Morom;Nilo-Saharan;;
Moronene;Austronesian;;
Morop;Trans-New Guinea;;
Morori;Trans-New Guinea;;
Morrobalama;Australian;;
Mortlockese;Austronesian;;
Moru;Nilo-Saharan;;
Mosimo;Trans-New Guinea;;
Mositacha;Afro-Asiatic;;
Moskona;East Bird’s Head-Sentani;;
Mota;Austronesian;;
Motu;Austronesian;;
Motu, Hiri;Pidgin;;
Motuna;South Bougainville;;
Mouk-Aria;Austronesian;;
Mouwase;Trans-New Guinea;;
Movima;Language isolate;;
Mpade;Afro-Asiatic;;
Mpalitjanh;Australian;;
Mpi;Sino-Tibetan;;
Mpiemo;Niger-Congo;;
Mpinda;Niger-Congo;;
Mpoto;Niger-Congo;;
Mpotovoro;Austronesian;;
Mpumpong;Niger-Congo;;
Mpur;Language isolate;;
Mro-Khimi;Sino-Tibetan;;
Mru;Sino-Tibetan;;
Mser;Afro-Asiatic;;
Muak Sa-aak;Austro-Asiatic;;
Mualang;Austronesian;;
Mubako;Niger-Congo;;
Mubami;Trans-New Guinea;;
Mubi;Afro-Asiatic;;
Muda;Sino-Tibetan;;
Mudburra;Australian;;
Muduga;Dravidian;;
Mufian;Torricelli;;
Mugali;Sino-Tibetan;;
Mugom-Karmarong;Sino-Tibetan;;
Muinane;Witotoan;;
Muji, Northern;Sino-Tibetan;;
Muji, Qila;Sino-Tibetan;;
Muji, Southern;Sino-Tibetan;;
Mukha-Dora;Dravidian;;
Mukulu;Afro-Asiatic;;
Mulaha;Trans-New Guinea;;
Mulam;Kra-Dai;;
Mulao;Kra-Dai;;
Mulgi;Afro-Asiatic;;
Mulimba;Niger-Congo;;
Muluridyi;Australian;;
Mum;Trans-New Guinea;;
Mumuye;Niger-Congo;;
Muna;Austronesian;;
Munda;Austro-Asiatic;;
Mundabli;Niger-Congo;;
Mundang;Niger-Congo;;
Mundani;Niger-Congo;;
Mundari;Austro-Asiatic;;
Mündü;Niger-Congo;;
Mundurukú;Tupian;;
Mungaka;Niger-Congo;;
Mungbam;Niger-Congo;;
Munggui;Austronesian;;
Mungkip;Trans-New Guinea;;
Muniche;Language isolate;;
Munit;Trans-New Guinea;;
Munji;Indo-European;;
Muno;Kwomtari;;
Munsee;Algic;;
Muong;Austro-Asiatic;;
Mur Pano;Austronesian;;
Muratayak;Trans-New Guinea;;
Muria, Eastern;Dravidian;;
Muria, Far Western;Dravidian;;
Muria, Western;Dravidian;;
Murik;Austronesian;;
Murik;Ramu-Lower Sepik;;
Murkim;Unclassified;;
Murle;Nilo-Saharan;;
Murrinh-Patha;Australian;;
Mursi;Nilo-Saharan;;
Murupi;Trans-New Guinea;;
Murut, Bookan;Austronesian;;
Murut, Kalabakan;Austronesian;;
Murut, Keningau;Austronesian;;
Murut, Paluan;Austronesian;;
Murut, Selungai;Austronesian;;
Murut, Sembakung;Austronesian;;
Murut, Serudung;Austronesian;;
Murut, Tahol;Austronesian;;
Murut, Timugon;Austronesian;;
Muruwari;Australian;;
Musasa;Indo-European;;
Musey;Afro-Asiatic;;
Musgu;Afro-Asiatic;;
Mushungulu;Niger-Congo;;
Musi;Austronesian;;
Muskogee;Muskogean;;
Muskum;Afro-Asiatic;;
Musom;Austronesian;;
Mussau-Emira;Austronesian;;
Muthuvan;Dravidian;;
Mutu;Austronesian;;
Muyang;Afro-Asiatic;;
Muyu, North;Trans-New Guinea;;
Muyu, South;Trans-New Guinea;;
Muyuw;Austronesian;;
Muzi;Sino-Tibetan;;
Mvanip;Niger-Congo;;
Mvuba;Nilo-Saharan;;
Mwaghavul;Afro-Asiatic;;
Mwakai;Mongol-Langam;;
Mwan;Niger-Congo;;
Mwani;Niger-Congo;;
Mwatebu;Austronesian;;
Mwera;Niger-Congo;;
Mwera;Niger-Congo;;
Mwerlap;Austronesian;;
Mwimbi-Muthambi;Niger-Congo;;
Mwotlap;Austronesian;;
Myene;Niger-Congo;;
N’kep;Austronesian;;
N’Ko;Mixed language;;
Na;Sino-Tibetan;;
Na-kara;Australian;;
Ná-Meo;Hmong-Mien;;
Na’ahai;Austronesian;;
Naaba;Sino-Tibetan;;
Naami;Niger-Congo;;
Naasioi;South Bougainville;;
Naba;Nilo-Saharan;;
Nabak;Trans-New Guinea;;
Nabi;Torricelli;;
Nachiring;Sino-Tibetan;;
Nadëb;Puinavean;;
Nafaanra;Niger-Congo;;
Nafi;Austronesian;;
Nafri;East Bird’s Head-Sentani;;
Nafusi;Afro-Asiatic;;
Naga, Akyaung Ari;Sino-Tibetan;;
Naga, Angami;Sino-Tibetan;;
Naga, Ao;Sino-Tibetan;;
Naga, Chang;Sino-Tibetan;;
Naga, Chen-Kayu;Sino-Tibetan;;
Naga, Chokri;Sino-Tibetan;;
Naga, Chothe;Sino-Tibetan;;
Naga, Inpui;Sino-Tibetan;;
Naga, Jejara;Sino-Tibetan;;
Naga, Kharam;Sino-Tibetan;;
Naga, Khezha;Sino-Tibetan;;
Naga, Khiamniungan;Sino-Tibetan;;
Naga, Khoibu;Sino-Tibetan;;
Naga, Kokak;Sino-Tibetan;;
Naga, Konyak;Sino-Tibetan;;
Naga, Lainong;Sino-Tibetan;;
Naga, Lao;Sino-Tibetan;;
Naga, Liangmai;Sino-Tibetan;;
Naga, Long Phuri;Sino-Tibetan;;
Naga, Lotha;Sino-Tibetan;;
Naga, Makuri;Sino-Tibetan;;
Naga, Mao;Sino-Tibetan;;
Naga, Maram;Sino-Tibetan;;
Naga, Maring;Sino-Tibetan;;
Naga, Monsang;Sino-Tibetan;;
Naga, Moyon;Sino-Tibetan;;
Naga, Mzieme;Sino-Tibetan;;
Naga, Nocte;Sino-Tibetan;;
Naga, Northern Rengma;Sino-Tibetan;;
Naga, Paungnyuan;Sino-Tibetan;;
Naga, Phom;Sino-Tibetan;;
Naga, Pochuri;Sino-Tibetan;;
Naga, Ponyo-Gongwang;Sino-Tibetan;;
Naga, Poumai;Sino-Tibetan;;
Naga, Puimei;Sino-Tibetan;;
Naga, Rongmei;Sino-Tibetan;;
Naga, Sangtam;Sino-Tibetan;;
Naga, Southern Rengma;Sino-Tibetan;;
Naga, Sumi;Sino-Tibetan;;
Naga, Tangkhul;Sino-Tibetan;;
Naga, Tangkhul;Sino-Tibetan;;
Naga, Tangshang;Sino-Tibetan;;
Naga, Tarao;Sino-Tibetan;;
Naga, Thangal;Sino-Tibetan;;
Naga, Tutsa;Sino-Tibetan;;
Naga, Wancho;Sino-Tibetan;;
Naga, Yimchungru;Sino-Tibetan;;
Naga, Zeme;Sino-Tibetan;;
Nagamese;Creole;;
Nagarchal;Dravidian;;
Nage;Austronesian;;
Nago, Northern;Niger-Congo;;
Nago, Southern;Niger-Congo;;
Nagumi;Niger-Congo;;
Nahali;Indo-European;;
Nahari;Indo-European;;
Nahavaq;Austronesian;;
Nahuat;Uto-Aztecan;;
Nahuatl, Central;Uto-Aztecan;;
Nahuatl, Central Huasteca;Uto-Aztecan;;
Nahuatl, Central Puebla;Uto-Aztecan;;
Nahuatl, Coatepec;Uto-Aztecan;;
Nahuatl, Eastern Durango;Uto-Aztecan;;
Nahuatl, Eastern Huasteca;Uto-Aztecan;;
Nahuatl, Guerrero;Uto-Aztecan;;
Nahuatl, Highland Puebla;Uto-Aztecan;;
Nahuatl, Huaxcaleca;Uto-Aztecan;;
Nahuatl, Isthmus-Cosoleacaque;Uto-Aztecan;;
Nahuatl, Isthmus-Mecayapan;Uto-Aztecan;;
Nahuatl, Isthmus-Pajapan;Uto-Aztecan;;
Nahuatl, Michoacán;Uto-Aztecan;;
Nahuatl, Morelos;Uto-Aztecan;;
Nahuatl, Northern Oaxaca;Uto-Aztecan;;
Nahuatl, Northern Puebla;Uto-Aztecan;;
Nahuatl, Ometepec;Uto-Aztecan;;
Nahuatl, Orizaba;Uto-Aztecan;;
Nahuatl, Santa María la Alta;Uto-Aztecan;;
Nahuatl, Sierra Negra;Uto-Aztecan;;
Nahuatl, Southeastern Puebla;Uto-Aztecan;;
Nahuatl, Tabasco;Uto-Aztecan;;
Nahuatl, Temascaltepec;Uto-Aztecan;;
Nahuatl, Tetelcingo;Uto-Aztecan;;
Nahuatl, Tlamacazapa;Uto-Aztecan;;
Nahuatl, Western Durango;Uto-Aztecan;;
Nahuatl, Western Huasteca;Uto-Aztecan;;
Nahuatl, Zacatlán-Ahuacatlán-Tepetzintla;Uto-Aztecan;;
Nai;Kwomtari;;
Naka’ela;Austronesian;;
Nakai;Trans-New Guinea;;
Nakame;Trans-New Guinea;;
Nakanai;Austronesian;;
Nake;Trans-New Guinea;;
Naki;Niger-Congo;;
Nakwi;Arai (Left May);;
Nalca;Trans-New Guinea;;
Nali;Austronesian;;
Nalik;Austronesian;;
Nalögo;Austronesian;;
Nalu;Niger-Congo;;
Naluo;Sino-Tibetan;;
Nama;South-Central Papuan;;
Namakura;Austronesian;;
Namat;South-Central Papuan;;
Nambikuára, Southern;Nambikwara;;
Nambo;South-Central Papuan;;
Nambya;Niger-Congo;;
Namia;Sepik;;
Namiae;Trans-New Guinea;;
Namla;Unclassified;;
Namo;South-Central Papuan;;
Namonuito;Austronesian;;
Namosi-Naitasiri-Serua;Austronesian;;
Namuyi;Sino-Tibetan;;
Nanai;Tungusic;;
Nancere;Afro-Asiatic;;
Nande;Niger-Congo;;
Ñandeva;Tupian;;
Nandi;Nilo-Saharan;;
Nankina;Trans-New Guinea;;
Nanti;Maipurean;;
Nanticoke;Algic;;
Nanubae;Arafundi;;
Napoletano;Indo-European;;
Napu;Austronesian;;
Nar Phu;Sino-Tibetan;;
Nara;Nilo-Saharan;;
Narak;Trans-New Guinea;;
Nari Nari;Australian;;
Naro;Khoe-Kwadi;;
Narom;Austronesian;;
Narragansett;Algic;;
Narua;Sino-Tibetan;;
Narungga;Australian;;
Nasa;Paezan;;
Nasal;Austronesian;;
Nasarian;Austronesian;;
Naskapi;Algic;;
Nasu, Wumeng;Sino-Tibetan;;
Nasu, Wusa;Sino-Tibetan;;
Natanzi;Indo-European;;
Natchez;Language isolate;;
Nateni;Niger-Congo;;
Nathembo;Niger-Congo;;
Natioro;Niger-Congo;;
Natügu;Austronesian;;
Nauete;Austronesian;;
Nauo;Australian;;
Nauruan;Austronesian;;
Navajo;Eyak-Athabaskan;;
Nawaru;Trans-New Guinea;;
Nawathinehena;Algic;;
Nawdm;Niger-Congo;;
Nawuri;Niger-Congo;;
Naxi;Sino-Tibetan;;
Nayi;Afro-Asiatic;;
Nayini;Indo-European;;
Nchane;Niger-Congo;;
Nchumbulu;Niger-Congo;;
Nda’nda’;Niger-Congo;;
Ndai;Niger-Congo;;
Ndaka;Niger-Congo;;
Ndali;Niger-Congo;;
Ndam;Afro-Asiatic;;
Ndamba;Niger-Congo;;
Ndambomo;Niger-Congo;;
Ndasa;Niger-Congo;;
Ndau;Niger-Congo;;
Nde-Gbite;Niger-Congo;;
Nde-Nsele-Nta;Niger-Congo;;
Ndebele;Niger-Congo;;
Ndebele;Niger-Congo;;
Ndemli;Niger-Congo;;
Ndendeule;Niger-Congo;;
Ndengereko;Niger-Congo;;
Nding;Niger-Congo;;
Ndobo;Niger-Congo;;
Ndoe;Niger-Congo;;
Ndogo;Niger-Congo;;
Ndolo;Niger-Congo;;
Ndom;Trans-New Guinea;;
Ndombe;Niger-Congo;;
Ndonde Hamba;Niger-Congo;;
Ndonga;Niger-Congo;;
Ndoola;Niger-Congo;;
Ndra’ngith;Australian;;
Ndrulo;Nilo-Saharan;;
Nduga;Trans-New Guinea;;
Ndumu;Niger-Congo;;
Ndunda;Niger-Congo;;
Ndunga;Niger-Congo;;
Ndut;Niger-Congo;;
Ndwewe;Niger-Congo;;
Ndyuka-Trio Pidgin;Pidgin;;
Nedebang;Trans-New Guinea;;
Nefamese;Pidgin;;
Negerhollands;Creole;;
Negeri Sembilan Malay;Austronesian;;
Negidal;Tungusic;;
Nehan;Austronesian;;
Neherneh;Austronesian;;
Nek;Trans-New Guinea;;
Nekgini;Trans-New Guinea;;
Neko;Trans-New Guinea;;
Neku;Austronesian;;
Nêlêmwa-Nixumwak;Austronesian;;
Nema;Trans-New Guinea;;
Neme;South-Central Papuan;;
Nemi;Austronesian;;
Nen;South-Central Papuan;;
Nend;Trans-New Guinea;;
Nenets;Uralic;;
Nengone;Austronesian;;
Neo-Mandaic;Afro-Asiatic;;
Nepali;Indo-European;;
Nepali;Indo-European;;
Nete;Trans-New Guinea;;
Netvaar;Austronesian;;
Neve’ei;Austronesian;;
Neverver;Austronesian;;
Newar;Sino-Tibetan;;
Neyo;Niger-Congo;;
Nez Perce;Sahaptian;;
Ng’akarimojong;Nilo-Saharan;;
Ngaanyatjarra;Australian;;
Ngäbere;Chibchan;;
Ngad’a;Austronesian;;
Ngad’a, Eastern;Austronesian;;
Ngadjunmaya;Australian;;
Ngadjuri;Australian;;
Ngaing;Trans-New Guinea;;
Ngaju;Austronesian;;
Ngalakgan;Australian;;
Ngalum;Trans-New Guinea;;
Ngam;Nilo-Saharan;;
Ngambay;Nilo-Saharan;;
Ngamini;Australian;;
Ngamo;Afro-Asiatic;;
Ngan’gityemerri;Australian;;
Nganakarti;Australian;;
Nganasan;Uralic;;
Ngandi;Australian;;
Ngandjera;Niger-Congo;;
Ngando;Niger-Congo;;
Ngando;Niger-Congo;;
Ngangam;Niger-Congo;;
Ngantangarra;Australian;;
Nganyaywana;Australian;;
Ngardi;Australian;;
Ngarigu;Australian;;
Ngarinyin;Australian;;
Ngarinyman;Australian;;
Ngarla;Australian;;
Ngarluma;Australian;;
Ngarrindjeri;Australian;;
Ngas;Afro-Asiatic;;
Ngasa;Nilo-Saharan;;
Ngatik Men’s Creole;Creole;;
Ngawun;Australian;;
Ngayawung;Australian;;
Ngbaka;Niger-Congo;;
Ngbaka Ma’bo;Niger-Congo;;
Ngbaka Manza;Niger-Congo;;
Ngbandi, Northern;Niger-Congo;;
Ngbandi, Southern;Niger-Congo;;
Ngbee;Niger-Congo;;
Ngbinda;Niger-Congo;;
Ngbundu;Niger-Congo;;
Ngelima;Niger-Congo;;
Ngemba;Niger-Congo;;
Ngen;Austronesian;;
Ngen;Niger-Congo;;
Ngendelengo;Niger-Congo;;
Ngete;Afro-Asiatic;;
Nggem;Trans-New Guinea;;
Nggwahyi;Afro-Asiatic;;
Nghlwa;Niger-Congo;;
Ngie;Niger-Congo;;
Ngiemboon;Niger-Congo;;
Ngiemekohke;Niger-Congo;;
Ngile;Niger-Congo;;
Ngindo;Niger-Congo;;
Ngiti;Nilo-Saharan;;
Ngizim;Afro-Asiatic;;
Ngom;Niger-Congo;;
Ngomba;Niger-Congo;;
Ngombale;Niger-Congo;;
Ngombe;Niger-Congo;;
Ngombe;Niger-Congo;;
Ngongo;Niger-Congo;;
Ngoreme;Niger-Congo;;
Ngoshie;Niger-Congo;;
Ngulu;Niger-Congo;;
Nguluwan;Mixed language;;
Ngumbarl;Australian;;
Ngunawal;Australian;;
Ngundi;Niger-Congo;;
Ngundu;Niger-Congo;;
Ngungwel;Niger-Congo;;
Nguôn;Austro-Asiatic;;
Ngurmbur;Australian;;
Ngwaba;Afro-Asiatic;;
Ngwe;Niger-Congo;;
Ngwii;Niger-Congo;;
Ngwo;Niger-Congo;;
Nhanda;Australian;;
Nhengatu;Tupian;;
Nhirrpi;Australian;;
Nhuwala;Australian;;
Nias;Austronesian;;
Nicaragua English Creole;Creole;;
Nicobarese, Car;Austro-Asiatic;;
Nicobarese, Central;Austro-Asiatic;;
Nicobarese, Southern;Austro-Asiatic;;
Niellim;Niger-Congo;;
Nihali;Language isolate;;
Nii;Trans-New Guinea;;
Niksek;Sepik;;
Nikyob-Nindem;Niger-Congo;;
Nila;Austronesian;;
Nilamba;Niger-Congo;;
Nimadi;Indo-European;;
Nimanbur;Australian;;
Nimbari;Niger-Congo;;
Nimboran;Nimboran;;
Nimo;Arai (Left May);;
Ninam;Yanomaman;;
Ninde;Austronesian;;
Nindi;Niger-Congo;;
Ningera;Border;;
Ninggerum;Trans-New Guinea;;
Ningil;Torricelli;;
Ninzo;Niger-Congo;;
Nipsan;Trans-New Guinea;;
Nisa;East Geelvink Bay;;
Nisenan;Maiduan;;
Nisga’a;Tsimshian;;
Nisi;Sino-Tibetan;;
Nisu, Eastern;Sino-Tibetan;;
Nisu, Northern;Sino-Tibetan;;
Nisu, Northwestern;Sino-Tibetan;;
Nisu, Southern;Sino-Tibetan;;
Nisu, Southwestern;Sino-Tibetan;;
Niuafo’ou;Austronesian;;
Niuatoputapu;Austronesian;;
Niue;Austronesian;;
Nivaclé;Matacoan;;
Niwer Mil;Austronesian;;
Nizaa;Niger-Congo;;
Njalgulgule;Nilo-Saharan;;
Njebi;Niger-Congo;;
Njen;Niger-Congo;;
Njerep;Niger-Congo;;
Njyem;Niger-Congo;;
Nkami;Niger-Congo;;
Nkangala;Niger-Congo;;
Nkari;Niger-Congo;;
Nkem-Nkum;Niger-Congo;;
Nkongho;Niger-Congo;;
Nkonya;Niger-Congo;;
Nkoroo;Niger-Congo;;
Nkoya;Niger-Congo;;
Nkukoli;Niger-Congo;;
Nkumbi;Niger-Congo;;
Nkutu;Niger-Congo;;
Nnam;Niger-Congo;;
Nobiin;Nilo-Saharan;;
Nobonob;Trans-New Guinea;;
Nogai;Turkic;;
Noipä;Austronesian;;
Noiri;Indo-European;;
Nomaande;Niger-Congo;;
Nomane;Trans-New Guinea;;
Nomatsigenga;Maipurean;;
Nomlaki;Wintuan;;
Nomu;Trans-New Guinea;;
Nonuya;Witotoan;;
Nooksack;Salish;;
Noon;Niger-Congo;;
Noone;Niger-Congo;;
Nora;Kra-Dai;;
Norn;Indo-European;;
Northern Kalapuya;Takelman;;
Northern Straits Salish;Salish;;
Northwestern !Kung;Kx’a;;
Norwegian;Indo-European;;
Norwegian, Traveller;Mixed language;;
Notre;Niger-Congo;;
Notsi;Austronesian;;
Nottoway;Iroquoian;;
Nottoway-Meherrin;Iroquoian;;
Noy;Niger-Congo;;
Nsenga;Niger-Congo;;
Nsiteu;Niger-Congo;;
Ntcham;Niger-Congo;;
Nteng;Afro-Asiatic;;
Ntomba;Niger-Congo;;
Nuaulu, North;Austronesian;;
Nuaulu, South;Austronesian;;
Nubaca;Niger-Congo;;
Nubi;Creole;;
Nubri;Sino-Tibetan;;
Nuer;Nilo-Saharan;;
Nugunu;Australian;;
Nugunu;Niger-Congo;;
Nuk;Trans-New Guinea;;
Nukak Makú;Puinavean;;
Nukeria;Austronesian;;
Nukna;Trans-New Guinea;;
Nukuini;Panoan;;
Nukumanu;Austronesian;;
Nukuoro;Austronesian;;
Nulibie;Niger-Congo;;
Numala;Niger-Congo;;
Numana;Niger-Congo;;
Numanggang;Trans-New Guinea;;
Numbami;Austronesian;;
Nume;Austronesian;;
Numèè;Austronesian;;
Nung;Kra-Dai;;
Nungali;Australian;;
Nunggubuyu;Australian;;
Nungu;Niger-Congo;;
Nungura;Niger-Congo;;
Nuni, Northern;Niger-Congo;;
Nuni, Southern;Niger-Congo;;
Nunukul;Australian;;
Nuosu;Sino-Tibetan;;
Nupbikha;Sino-Tibetan;;
Nupe-Nupe-Tako;Niger-Congo;;
Nusa Laut;Austronesian;;
Nusu;Sino-Tibetan;;
Nuu-chah-nulth;Wakashan;;
Nya Huba;Afro-Asiatic;;
Nyabwa;Niger-Congo;;
Nyagbo;Niger-Congo;;
Nyaheun;Austro-Asiatic;;
Nyahkur;Austro-Asiatic;;
Nyakyusa-Ngonde;Niger-Congo;;
Nyala;Niger-Congo;;
Nyali;Niger-Congo;;
Nyam;Afro-Asiatic;;
Nyamal;Australian;;
Nyambo;Niger-Congo;;
Nyamusa-Molo;Nilo-Saharan;;
Nyamwanga;Niger-Congo;;
Nyamwezi;Niger-Congo;;
Nyaneka;Niger-Congo;;
Nyang’i;Nilo-Saharan;;
Nyanga;Niger-Congo;;
Nyanga-li;Niger-Congo;;
Nyangatom;Nilo-Saharan;;
Nyangga;Australian;;
Nyangumarta;Australian;;
Nyankore;Niger-Congo;;
Nyankpa;Niger-Congo;;
Nyaturu;Niger-Congo;;
Nyaw;Kra-Dai;;
Nyawaygi;Australian;;
Nyelâyu;Austronesian;;
Nyemba;Niger-Congo;;
Nyengo;Niger-Congo;;
Nyenkha;Sino-Tibetan;;
Nyeshangte;Sino-Tibetan;;
Nyeu;Austro-Asiatic;;
Nyiha, Malawi;Niger-Congo;;
Nyiha, Tanzania;Niger-Congo;;
Nyika;Niger-Congo;;
Nyika, Tanzania;Niger-Congo;;
Nyikina;Australian;;
Nyindrou;Austronesian;;
Nyindu;Niger-Congo;;
Nyishi;Sino-Tibetan;;
Nyiyaparli;Australian;;
Nyokon;Niger-Congo;;
Nyole;Niger-Congo;;
Nyoro;Niger-Congo;;
Nyulnyul;Australian;;
Nyungar;Australian;;
Nyungwe;Niger-Congo;;
Nzadi;Niger-Congo;;
Nzakambay;Niger-Congo;;
Nzakara;Niger-Congo;;
Nzanyi;Afro-Asiatic;;
Nzema;Niger-Congo;;
Nǁng;Tuu;;
O’chi’chi’;Niger-Congo;;
O’du;Austro-Asiatic;;
Oa;Austronesian;;
Oadki;Indo-European;;
Obispeño;Chumashan;;
Oblo;Niger-Congo;;
Obokuitai;Lakes Plain;;
Obolo;Niger-Congo;;
Obulom;Niger-Congo;;
Ocaina;Witotoan;;
Occitan;Indo-European;;
Odia;Indo-European;;
Odiai;Language isolate;;
Odoodee;Trans-New Guinea;;
Odual;Niger-Congo;;
Odut;Niger-Congo;;
Ofayé;Language isolate;;
Ofo;Siouan-Catawban;;
Ogbah;Niger-Congo;;
Ogbia;Niger-Congo;;
Ogbogolo;Niger-Congo;;
Ogbronuagum;Niger-Congo;;
Ogea;Trans-New Guinea;;
Ohendo;Niger-Congo;;
Ohlone, Northern;Miwok-Costanoan;;
Ohlone, Southern;Miwok-Costanoan;;
Oirata;Trans-New Guinea;;
Oji-Cree;Algic;;
Ojibwa;Algic;;
Ojibwa, Central;Algic;;
Ojibwa, Eastern;Algic;;
Ojibwa, Northwestern;Algic;;
Ojibwa, Western;Algic;;
Okanagan;Salish;;
Oki-No-Erabu;Japonic;;
Okiek;Nilo-Saharan;;
Okinawan, Central;Japonic;;
Oko-Eni-Osayen;Niger-Congo;;
Oko-Juwoi;Andamanese;;
Okobo;Niger-Congo;;
Okodia;Niger-Congo;;
Okolie;Nilo-Saharan;;
Okolod;Austronesian;;
Okpamheri;Niger-Congo;;
Okpe;Niger-Congo;;
Okpe;Niger-Congo;;
Oksapmin;Trans-New Guinea;;
Oku;Niger-Congo;;
Olekha;Sino-Tibetan;;
Olkol;Australian;;
Olo;Torricelli;;
Oloma;Niger-Congo;;
Olrat;Austronesian;;
Olu’bo;Nilo-Saharan;;
Olukhayo;Niger-Congo;;
Olùkùmi;Niger-Congo;;
Olulumo-Ikom;Niger-Congo;;
Olumarachi;Niger-Congo;;
Olumarama;Niger-Congo;;
Olunyole;Niger-Congo;;
Olushisa;Niger-Congo;;
Olutsotso;Niger-Congo;;
Oluwanga;Niger-Congo;;
Omagua;Tupian;;
Omaha-Ponca;Siouan-Catawban;;
Ombamba;Niger-Congo;;
Ombo;Niger-Congo;;
Omi;Nilo-Saharan;;
Ömie;Trans-New Guinea;;
Omok;Yukaghir;;
Omotik;Nilo-Saharan;;
Omurano;Language isolate;;
Ona;Chon;;
One, Inebu;Torricelli;;
One, Kabore;Torricelli;;
One, Kwamtim;Torricelli;;
One, Molmo;Torricelli;;
One, Northern;Torricelli;;
One, Southern;Torricelli;;
Oneida;Iroquoian;;
Ong;Austro-Asiatic;;
Öñge;Andamanese;;
Ongota;Language isolate;;
Onin;Austronesian;;
Onin Based Pidgin;Pidgin;;
Oniyan;Niger-Congo;;
Onjob;Trans-New Guinea;;
Ono;Trans-New Guinea;;
Onobasulu;Trans-New Guinea;;
Onondaga;Iroquoian;;
Ontenu;Trans-New Guinea;;
Ontong Java;Austronesian;;
Oorlams;Creole;;
Opao;Trans-New Guinea;;
Opata;Uto-Aztecan;;
Opo;Nilo-Saharan;;
Orake;Niger-Congo;;
Orang Kanaq;Austronesian;;
Orang Seletar;Austronesian;;
Oring;Niger-Congo;;
Oriya, Adivasi;Indo-European;;
Orma;Afro-Asiatic;;
Ormu;Austronesian;;
Ormuri;Indo-European;;
Oro;Niger-Congo;;
Oro Win;Chapacuran;;
Oroch;Tungusic;;
Oroha;Austronesian;;
Orok;Tungusic;;
Orokaiva;Trans-New Guinea;;
Oroko;Niger-Congo;;
Orokolo;Trans-New Guinea;;
Oromo, Borana-Arsi-Guji;Afro-Asiatic;;
Oromo, Eastern;Afro-Asiatic;;
Oromo, West Central;Afro-Asiatic;;
Orop;Austronesian;;
Oroqen;Tungusic;;
Orowe;Austronesian;;
Oruma;Niger-Congo;;
Orya;Tor-Kwerba;;
Osage;Siouan-Catawban;;
Osatu;Niger-Congo;;
Oshiwambo;Niger-Congo;;
Osing;Austronesian;;
Ososo;Niger-Congo;;
Ossetic;Indo-European;;
Ot Danum;Austronesian;;
Oti;Language isolate;;
Otomi, Eastern Highland;Otomanguean;;
Otomí, Estado de México;Otomanguean;;
Otomi, Ixtenco;Otomanguean;;
Otomi, Mezquital;Otomanguean;;
Otomi, Querétaro;Otomanguean;;
Otomi, Temoaya;Otomanguean;;
Otomi, Tenango;Otomanguean;;
Otomi, Texcatepec;Otomanguean;;
Otomi, Tilapa;Otomanguean;;
Otoro;Niger-Congo;;
Ottawa;Algic;;
Otuho;Nilo-Saharan;;
Otuke;Bororoan;;
Ouma;Austronesian;;
Oune;South Bougainville;;
Övdalian;Indo-European;;
Owa;Austronesian;;
Owenia;Trans-New Guinea;;
Owiniga;Arai (Left May);;
Oy;Austro-Asiatic;;
Oya’oya;Austronesian;;
Oyda;Afro-Asiatic;;
Oyuwu;Niger-Congo;;
Pa;Trans-New Guinea;;
Pa Di;Kra-Dai;;
Pa-Hng;Hmong-Mien;;
Pa’anci;Afro-Asiatic;;
Pa’o;Sino-Tibetan;;
Pááfang;Austronesian;;
Paakantyi;Australian;;
Paama;Austronesian;;
Paasaal;Niger-Congo;;
Pacahuara;Panoan;;
Pacoh;Austro-Asiatic;;
Padoe;Austronesian;;
Pagi;Border;;
Pagibete;Niger-Congo;;
Pagu;West Papuan;;
Pahari;Sino-Tibetan;;
Pahari-Potwari;Indo-European;;
Pahari, Kullu;Indo-European;;
Pahari, Mahasu;Indo-European;;
Pahi;Sepik;;
Pahlavani;Indo-European;;
Pai Tavytera;Tupian;;
Paicî;Austronesian;;
Paicoca;Tucanoan;;
Painara;Austronesian;;
Paipai;Cochimí-Yuman;;
Paiute, Northern;Uto-Aztecan;;
Paiwan;Austronesian;;
Pak-Tong;Austronesian;;
Pakaásnovos;Chapacuran;;
Pakanha;Australian;;
Paku;Austronesian;;
Pal;Trans-New Guinea;;
Palatinate Franconian;Indo-European;;
Palauan;Austronesian;;
Palaung, Ruching;Austro-Asiatic;;
Palaung, Rumai;Austro-Asiatic;;
Palaung, Shwe;Austro-Asiatic;;
Palawano, Brooke’s Point;Austronesian;;
Palawano, Central;Austronesian;;
Palawano, Southwest;Austronesian;;
Paleni;Niger-Congo;;
Palenquero;Creole;;
Pali;Indo-European;;
Palikúr;Maipurean;;
Paliyan;Dravidian;;
Pallanganmiddang;Australian;;
Paloor;Niger-Congo;;
Palu’e;Austronesian;;
Paluai;Austronesian;;
Palula;Indo-European;;
Pam;Niger-Congo;;
Pambia;Niger-Congo;;
Pame, Central;Otomanguean;;
Pame, Northern;Otomanguean;;
Pame, Southern;Otomanguean;;
Pamona;Austronesian;;
Pamosu;Trans-New Guinea;;
Pana;Niger-Congo;;
Pana;Niger-Congo;;
Panará;Jean;;
Panasuan;Austronesian;;
Panawa;Niger-Congo;;
Pancana;Austronesian;;
Panchpargania;Indo-European;;
Pande;Niger-Congo;;
Pangasinan;Austronesian;;
Pangkhua;Sino-Tibetan;;
Pangseng;Niger-Congo;;
Pangu;Niger-Congo;;
Pangwa;Niger-Congo;;
Pangwali;Indo-European;;
Panim;Trans-New Guinea;;
Paniya;Dravidian;;
Pankararé;Unclassified;;
Pankararú;Language isolate;;
Pannei;Austronesian;;
Pano;Austronesian;;
Panobo;Panoan;;
Pantar, Western;Trans-New Guinea;;
Papapana;Austronesian;;
Papar;Austronesian;;
Papasena;Lakes Plain;;
Papel;Niger-Congo;;
Papiamentu;Creole;;
Papora-Hoanya;Austronesian;;
Papuma;Austronesian;;
Parachi;Indo-European;;
Parakanã;Tupian;;
Paranan;Austronesian;;
Paranawát;Tupian;;
Paraujano;Maipurean;;
Parawen;Trans-New Guinea;;
Pardhan;Dravidian;;
Pardhi;Indo-European;;
Parecís;Maipurean;;
Parenga;Austro-Asiatic;;
Päri;Nilo-Saharan;;
Parkwa;Afro-Asiatic;;
Parsi-Dari;Indo-European;;
Parya;Indo-European;;
Pashai, Northeast;Indo-European;;
Pashai, Northwest;Indo-European;;
Pashai, Southeast;Indo-European;;
Pashai, Southwest;Indo-European;;
Pashto, Central;Indo-European;;
Pashto, Northern;Indo-European;;
Pashto, Southern;Indo-European;;
Pasi;Sepik;;
Patamuna;Cariban;;
Patani;Austronesian;;
Pataxó Hã-Ha-Hãe;Maxakalian;;
Patep;Austronesian;;
Pathiya;Dravidian;;
Patpatar;Austronesian;;
Pattani;Sino-Tibetan;;
Pattapu;Dravidian;;
Patwin;Wintuan;;
Paulohi;Austronesian;;
Paumarí;Arauan;;
Paunaka;Maipurean;;
Pauserna;Tupian;;
Pawaia;Trans-New Guinea;;
Pawnee;Caddoan;;
Pazeh;Austronesian;;
Pear;Austro-Asiatic;;
Pech;Chibchan;;
Pefiyahe;Sepik;;
Pekal;Austronesian;;
Pela;Sino-Tibetan;;
Pele-Ata;Yele-West New Britain;;
Pelende;Niger-Congo;;
Pemon;Cariban;;
Pémono;Cariban;;
Penan, Eastern;Austronesian;;
Penan, Western;Austronesian;;
Penchal;Austronesian;;
Pendau;Austronesian;;
Pengo;Dravidian;;
Penrhyn;Austronesian;;
Pentlatch;Salish;;
Perai;Austronesian;;
Pere;Niger-Congo;;
Pero;Afro-Asiatic;;
Persian, Iranian;Indo-European;;
Pesse;Afro-Asiatic;;
Petats;Austronesian;;
Petjo;Creole;;
Pévé;Afro-Asiatic;;
Phake;Kra-Dai;;
Phala;Sino-Tibetan;;
Phana’;Sino-Tibetan;;
Phangduwali;Sino-Tibetan;;
Phende;Niger-Congo;;
Phimbi;Niger-Congo;;
Phola;Sino-Tibetan;;
Phola, Alo;Sino-Tibetan;;
Pholo;Sino-Tibetan;;
Phong-Kniang;Austro-Asiatic;;
Phowa, Ani;Sino-Tibetan;;
Phowa, Hlepho;Sino-Tibetan;;
Phowa, Labo;Sino-Tibetan;;
Phu Thai;Kra-Dai;;
Phuan;Kra-Dai;;
Phudagi;Indo-European;;
Phuie;Niger-Congo;;
Phula;Sino-Tibetan;;
Phuma;Sino-Tibetan;;
Phunoi;Sino-Tibetan;;
Phuong;Austro-Asiatic;;
Phupa;Sino-Tibetan;;
Phupha;Sino-Tibetan;;
Phuza;Sino-Tibetan;;
Piame;Sepik;;
Piapoco;Maipurean;;
Piapung;Afro-Asiatic;;
Piaroa;Sálivan;;
Picard;Indo-European;;
Pidgin Bantu;Pidgin;;
Pidgin, Cameroon;Creole;;
Pidgin, Nigerian;Creole;;
Pidgin, Timor;Creole;;
Piedmontese;Indo-European;;
Pijao;Unclassified;;
Pije;Austronesian;;
Pijin;Creole;;
Pilagá;Guaykuruan;;
Pilcomayo Wichí;Matacoan;;
Pima Bajo;Uto-Aztecan;;
Pimbwe;Niger-Congo;;
Pin;Skou;;
Pinai-Hagahai;Piawi;;
Pingelapese;Austronesian;;
Pinghua, Northern;Sino-Tibetan;;
Pinghua, Southern;Sino-Tibetan;;
Pinigura;Australian;;
Pinjarup;Australian;;
Pinji;Niger-Congo;;
Pintiini;Australian;;
Pintupi-Luritja;Australian;;
Pinyin;Niger-Congo;;
Pirahã;Muran;;
Piratapuyo;Tucanoan;;
Pirlatapa;Australian;;
Piro;Kiowa-Tanoan;;
Pirriya;Australian;;
Pisabo;Panoan;;
Piscataway;Algic;;
Pitcairn-Norfolk;Creole;;
Pitjantjatjara;Australian;;
Pitta Pitta;Australian;;
Piu;Austronesian;;
Piya-Kwonci;Afro-Asiatic;;
Plautdietsch;Indo-European;;
Playero;Guajiboan;;
Pnar;Austro-Asiatic;;
Pochutec;Uto-Aztecan;;
Pogolo;Niger-Congo;;
Pohnpeian;Austronesian;;
Pokangá;Tucanoan;;
Poke;Niger-Congo;;
Pökoot;Nilo-Saharan;;
Pol;Niger-Congo;;
Polabian;Indo-European;;
Polari;Unclassified;;
Pole;Trans-New Guinea;;
Polish;Indo-European;;
Pom;Austronesian;;
Pomo, Central;Pomoan;;
Pomo, Eastern;Pomoan;;
Pomo, Northeastern;Pomoan;;
Pomo, Northern;Pomoan;;
Pomo, Southeastern;Pomoan;;
Pomo, Southern;Pomoan;;
Ponam;Austronesian;;
Pondi;Mongol-Langam;;
Ponosakan;Austronesian;;
Pontic;Indo-European;;
Popoloca, Coyotepec;Otomanguean;;
Popoloca, Mezontla;Otomanguean;;
Popoloca, San Felipe Otlaltepec;Otomanguean;;
Popoloca, San Juan Atzingo;Otomanguean;;
Popoloca, San Luís Temalacayuca;Otomanguean;;
Popoloca, San Marcos Tlacoyalco;Otomanguean;;
Popoloca, Santa Inés Ahuatempan;Otomanguean;;
Popoluca, Highland;Mixe-Zoquean;;
Popoluca, Oluta;Mixe-Zoquean;;
Popoluca, Sayula;Mixe-Zoquean;;
Popoluca, Texistepec;Mixe-Zoquean;;
Poqomam;Mayan;;
Poqomchi’;Mayan;;
Porohanon;Austronesian;;
Port Sandwich;Austronesian;;
Port Vato;Austronesian;;
Portuguese;Indo-European;;
Potawatomi;Algic;;
Potiguára;Tupian;;
Pouye;Sepik;;
Powari;Indo-European;;
Powhatan;Algic;;
Poyanáwa;Panoan;;
Prai;Austro-Asiatic;;
Prasuni;Indo-European;;
Principense;Creole;;
Prussian;Indo-European;;
Psikye;Afro-Asiatic;;
Puare;Skou;;
Puelche;Language isolate;;
Puinave;Puinavean;;
Pukapuka;Austronesian;;
Pulaar;Niger-Congo;;
Pulabu;Trans-New Guinea;;
Pular;Niger-Congo;;
Puluwatese;Austronesian;;
Puma;Sino-Tibetan;;
Pumé;Unclassified;;
Pumi, Northern;Sino-Tibetan;;
Pumi, Southern;Sino-Tibetan;;
Pumpokol;Yeniseian;;
Punan Aput;Austronesian;;
Punan Bah-Biau;Austronesian;;
Punan Batu;Austronesian;;
Punan Merah;Austronesian;;
Punan Merap;Austronesian;;
Punan Tubu;Austronesian;;
Punjabi, Eastern;Indo-European;;
Punjabi, Western;Indo-European;;
Punthamara;Australian;;
Punu;Niger-Congo;;
Puoc;Austro-Asiatic;;
Puquina;Language isolate;;
Puragi;Trans-New Guinea;;
Purari;Trans-New Guinea;;
Purepecha;Tarascan;;
Purepecha, Western Highland;Tarascan;;
Puri;Purian;;
Purig;Sino-Tibetan;;
Purisimeño;Chumashan;;
Puroik;Sino-Tibetan;;
Puruborá;Tupian;;
Purum;Sino-Tibetan;;
Putai;Afro-Asiatic;;
Putoh;Austronesian;;
Puyuma;Austronesian;;
Pwaamei;Austronesian;;
Pwapwâ;Austronesian;;
Pyam;Niger-Congo;;
Pye;Niger-Congo;;
Pyen;Sino-Tibetan;;
Pyu;Language isolate;;
Q’anjob’al;Mayan;;
Qabiao;Kra-Dai;;
Qaqet;East New Britain;;
Qau;Kra-Dai;;
Qawasqar;Kaweskaran;;
Qiang, Northern;Sino-Tibetan;;
Qiang, Southern;Sino-Tibetan;;
Qimant;Afro-Asiatic;;
Quapaw;Siouan-Catawban;;
Quechan;Cochimí-Yuman;;
Quechua, Ambo-Pasco;Quechuan;;
Quechua, Arequipa-La Unión;Quechuan;;
Quechua, Ayacucho;Quechuan;;
Quechua, Cajamarca;Quechuan;;
Quechua, Cajatambo North Lima;Quechuan;;
Quechua, Chachapoyas;Quechuan;;
Quechua, Chaupihuaranga;Quechuan;;
Quechua, Chincha;Quechuan;;
Quechua, Chiquián;Quechuan;;
Quechua, Corongo Ancash;Quechuan;;
Quechua, Cusco;Quechuan;;
Quechua, Eastern Apurímac;Quechuan;;
Quechua, Huallaga;Quechuan;;
Quechua, Huamalíes-Dos de Mayo;Quechuan;;
Quechua, Huaylas Ancash;Quechuan;;
Quechua, Huaylla Wanca;Quechuan;;
Quechua, Jauja Wanca;Quechuan;;
Quechua, Lambayeque;Quechuan;;
Quechua, Margos-Yarowilca-Lauricocha;Quechuan;;
Quechua, North Bolivian;Quechuan;;
Quechua, North Junín;Quechuan;;
Quechua, Northern Conchucos;Quechuan;;
Quechua, Pacaraos;Quechuan;;
Quechua, Panao;Quechuan;;
Quechua, Puno;Quechuan;;
Quechua, San Martín;Quechuan;;
Quechua, Santa Ana de Tusi Pasco;Quechuan;;
Quechua, Sihuas Ancash;Quechuan;;
Quechua, South Bolivian;Quechuan;;
Quechua, Southern Conchucos;Quechuan;;
Quechua, Southern Pastaza;Quechuan;;
Quechua, Yauyos;Quechuan;;
Queyu;Sino-Tibetan;;
Quichua, Calderón Highland;Quechuan;;
Quichua, Cañar Highland;Quechuan;;
Quichua, Chimborazo Highland;Quechuan;;
Quichua, Imbabura Highland;Quechuan;;
Quichua, Loja Highland;Quechuan;;
Quichua, Napo;Quechuan;;
Quichua, Northern Pastaza;Quechuan;;
Quichua, Salasaca Highland;Quechuan;;
Quichua, Santiago del Estero;Quechuan;;
Quichua, Tena Lowland;Quechuan;;
Quileute;Chimakuan;;
Quinault;Salish;;
Quiripi;Algic;;
Qꞌeqchiꞌ;Mayan;;
Rabha;Sino-Tibetan;;
Rade;Austronesian;;
Rahambuu;Austronesian;;
Rajbanshi;Indo-European;;
Raji;Sino-Tibetan;;
Rajong;Austronesian;;
Rakahanga-Manihiki;Austronesian;;
Rakhine;Sino-Tibetan;;
Ralte;Sino-Tibetan;;
Rama;Chibchan;;
Ramoaaina;Austronesian;;
Ramopa;North Bougainville;;
Rampi;Austronesian;;
Rang;Niger-Congo;;
Rangi;Niger-Congo;;
Rangkas;Sino-Tibetan;;
Ranglong;Sino-Tibetan;;
Rangpuri;Indo-European;;
Rao;Ramu-Lower Sepik;;
Rapa;Austronesian;;
Rapa Nui;Austronesian;;
Rapoisi;North Bougainville;;
Rapting;Trans-New Guinea;;
Rasawa;Lakes Plain;;
Ratagnon;Austronesian;;
Ratahan;Austronesian;;
Rathawi;Indo-European;;
Raute;Sino-Tibetan;;
Ravula;Dravidian;;
Rawa;Trans-New Guinea;;
Rawang;Sino-Tibetan;;
Rawat;Sino-Tibetan;;
Rawo;Skou;;
Razajerdi;Indo-European;;
Rāziḥī;Afro-Asiatic;;
Reel;Nilo-Saharan;;
Rejang;Austronesian;;
Reli;Indo-European;;
Rema;South-Central Papuan;;
Rembarrnga;Australian;;
Rembong;Austronesian;;
Remo;Panoan;;
Rempi;Trans-New Guinea;;
Remun;Austronesian;;
Rendille;Afro-Asiatic;;
Rengao;Austro-Asiatic;;
Rennell-Bellona;Austronesian;;
Repanbitip;Austronesian;;
Rer Bare;Unclassified;;
Rerau;Trans-New Guinea;;
Rerep;Austronesian;;
Reshe;Niger-Congo;;
Resígaro;Maipurean;;
Reta;Trans-New Guinea;;
Réunion French Creole;Creole;;
Reyesano;Tacanan;;
Riang;Sino-Tibetan;;
Riang Lai;Austro-Asiatic;;
Riang Lang;Austro-Asiatic;;
Riantana;Trans-New Guinea;;
Ribun;Austronesian;;
Rifao;Austronesian;;
Rigwe;Niger-Congo;;
Rikbaktsa;Language isolate;;
Rikou;Austronesian;;
Ripuarian;Indo-European;;
Ririo;Austronesian;;
Rishiwa;Niger-Congo;;
Ritharrngu;Australian;;
Riung;Austronesian;;
Rjili;Niger-Congo;;
Rmeet;Austro-Asiatic;;
Robambami;Niger-Congo;;
Roglai, Cacgia;Austronesian;;
Roglai, Northern;Austronesian;;
Roglai, Southern;Austronesian;;
Rogo;Niger-Congo;;
Rohingya;Indo-European;;
Rom;Afro-Asiatic;;
Roma;Austronesian;;
Romagnol;Indo-European;;
Romam;Austro-Asiatic;;
Romani, Balkan;Indo-European;;
Romani, Baltic;Indo-European;;
Romani, Carpathian;Indo-European;;
Romani, Kalo Finnish;Indo-European;;
Romani, Sinte;Indo-European;;
Romani, Tavringer;Mixed language;;
Romani, Vlax;Indo-European;;
Romani, Welsh;Indo-European;;
Romanian;Indo-European;;
Romanian, Istro;Indo-European;;
Romanian, Megleno;Indo-European;;
Romano-Greek;Mixed language;;
Romano-Serbian;Mixed language;;
Romansh;Indo-European;;
Romblomanon;Austronesian;;
Rombo;Niger-Congo;;
Romkun;Ramu-Lower Sepik;;
Ron;Afro-Asiatic;;
Ronga;Niger-Congo;;
Rongga;Austronesian;;
Rongpo;Sino-Tibetan;;
Roon;Austronesian;;
Rotokas;North Bougainville;;
Rotuman;Austronesian;;
Roviana;Austronesian;;
Rudbari;Indo-European;;
Ruga;Sino-Tibetan;;
Rukai;Austronesian;;
Ruma;Niger-Congo;;
Rumu;Trans-New Guinea;;
Rundi;Niger-Congo;;
Runga;Nilo-Saharan;;
Rungus;Austronesian;;
Rungwa;Niger-Congo;;
Ruruuli-Runyala;Niger-Congo;;
Russian;Indo-European;;
Rusyn;Indo-European;;
Ruthenian;Indo-European;;
Rutul;Nakh-Daghestanian;;
Ruund;Niger-Congo;;
Ruwila;Niger-Congo;;
Rwa;Niger-Congo;;
Sa;Austronesian;;
Sa’ban;Austronesian;;
Saafi-Saafi;Niger-Congo;;
Saam;Sino-Tibetan;;
Saami, Akkala;Uralic;;
Saami, Inari;Uralic;;
Saami, Kemi;Uralic;;
Saami, Kildin;Uralic;;
Saami, Lule;Uralic;;
Saami, North;Uralic;;
Saami, Pite;Uralic;;
Saami, Skolt;Uralic;;
Saami, South;Uralic;;
Saami, Ter;Uralic;;
Saami, Ume;Uralic;;
Saamya-Gwe;Niger-Congo;;
Saaroa;Austronesian;;
Saba;Afro-Asiatic;;
Sabanê;Nambikwara;;
Sabaot;Nilo-Saharan;;
Sabüm;Austro-Asiatic;;
Sadri;Indo-European;;
Sadri, Oraon;Indo-European;;
Saek;Kra-Dai;;
Saep;Trans-New Guinea;;
Safaliba;Niger-Congo;;
Safeyoka;Trans-New Guinea;;
Safwa;Niger-Congo;;
Sagala;Niger-Congo;;
Sagalla;Niger-Congo;;
Saho;Afro-Asiatic;;
Sahu;West Papuan;;
Saisiyat;Austronesian;;
Sajau Basap;Austronesian;;
Sakachep;Sino-Tibetan;;
Sakapulteko;Mayan;;
Sakata;Niger-Congo;;
Sake;Niger-Congo;;
Sakirabiá;Tupian;;
Sakizaya;Austronesian;;
Sala;Niger-Congo;;
Salampasu;Niger-Congo;;
Salar;Turkic;;
Salas;Austronesian;;
Salawati;Austronesian;;
Saleman;Austronesian;;
Saliba;Austronesian;;
Sáliba;Sálivan;;
Salinan;Language isolate;;
Sallands;Indo-European;;
Saluan;Austronesian;;
Salumá;Cariban;;
Sam;Trans-New Guinea;;
Sama;Trans-New Guinea;;
Sama, Balangingih;Austronesian;;
Sama, Central;Austronesian;;
Sama, Pangutaran;Austronesian;;
Sama, Southern;Austronesian;;
Samaritan Aramaic;Afro-Asiatic;;
Samaritan Hebrew;Afro-Asiatic;;
Samarokena;Tor-Kwerba;;
Samatao;Sino-Tibetan;;
Samay;Niger-Congo;;
Samba;Niger-Congo;;
Samba Daka;Niger-Congo;;
Samba Leko;Niger-Congo;;
Sambal;Austronesian;;
Sambal, Botolan;Austronesian;;
Sambalpuri;Indo-European;;
Sambe;Niger-Congo;;
Samberigi;Trans-New Guinea;;
Samburu;Nilo-Saharan;;
Samei;Sino-Tibetan;;
Samo;Trans-New Guinea;;
Samo, Matya;Niger-Congo;;
Samo, Maya;Niger-Congo;;
Samo, Southern;Niger-Congo;;
Samoan;Austronesian;;
Samogitian;Indo-European;;
Samosa;Trans-New Guinea;;
Sampang;Sino-Tibetan;;
Samre;Austro-Asiatic;;
Samtao;Austro-Asiatic;;
Samvedi;Indo-European;;
San Miguel French Creole;Creole;;
Sanapaná;Mascoyan;;
Sandawe;Language isolate;;
Sanga;Niger-Congo;;
Sanga;Niger-Congo;;
Sanggau;Austronesian;;
Sangil;Austronesian;;
Sangir;Austronesian;;
Sangisari;Indo-European;;
Sangkong;Sino-Tibetan;;
Sanglechi;Indo-European;;
Sango;Creole;;
Sango, Riverain;Creole;;
Sangu;Niger-Congo;;
Sangu;Niger-Congo;;
Sani;Sino-Tibetan;;
Sanie;Sino-Tibetan;;
Saniyo-Hiyewe;Sepik;;
Sanka;Chibchan;;
Sansi;Indo-European;;
Sanskrit;Indo-European;;
Santhali;Austro-Asiatic;;
Sanumá;Yanomaman;;
Sãotomense;Creole;;
Saparua;Austronesian;;
Sapé;Language isolate;;
Sapo;Niger-Congo;;
Saponi;Lakes Plain;;
Saposa;Austronesian;;
Sapuan;Austro-Asiatic;;
Sar;Nilo-Saharan;;
Sara Kaba;Nilo-Saharan;;
Saraiki;Indo-European;;
Saramaccan;Creole;;
Sarasira;Austronesian;;
Saraveca;Maipurean;;
Sardinian, Campidanese;Indo-European;;
Sardinian, Gallurese;Indo-European;;
Sardinian, Logudorese;Indo-European;;
Sardinian, Sassarese;Indo-European;;
Sari;Niger-Congo;;
Sarikoli;Indo-European;;
Sartang;Sino-Tibetan;;
Sarua;Afro-Asiatic;;
Sarudu;Austronesian;;
Saruga;Trans-New Guinea;;
Sasak;Austronesian;;
Sasaru;Niger-Congo;;
Satawalese;Austronesian;;
Sateré-Mawé;Tupian;;
Saterfriesisch;Indo-European;;
Sauri;East Geelvink Bay;;
Sauria Paharia;Dravidian;;
Sause;Tor-Kwerba;;
Savi;Indo-European;;
Savosavo;Central Solomons;;
Sawai;Austronesian;;
Saweru;West Papuan;;
Sawi;Trans-New Guinea;;
Sawila;Trans-New Guinea;;
Sawiyanu;Arai (Left May);;
Sawknah;Afro-Asiatic;;
Saxon, East Frisian Low;Indo-European;;
Saxon, Low;Indo-European;;
Saxon, Upper;Indo-European;;
Saya;Afro-Asiatic;;
Saꞌa;Austronesian;;
Scots;Indo-European;;
Scottish Gaelic;Indo-European;;
Sea Island English Creole;Creole;;
Seba;Niger-Congo;;
Sebat Bet Gurage;Afro-Asiatic;;
Seberuang;Austronesian;;
Sebop;Austronesian;;
Sechelt;Salish;;
Sedang;Austro-Asiatic;;
Sediq;Austronesian;;
Sedoa;Austronesian;;
Seenku;Niger-Congo;;
Segai;Austronesian;;
Segeju;Niger-Congo;;
Seimat;Austronesian;;
Seit-Kaitetu;Austronesian;;
Sekak;Austronesian;;
Sekani;Eyak-Athabaskan;;
Sekapan;Austronesian;;
Sekar;Austronesian;;
Seke;Sino-Tibetan;;
Seki;Niger-Congo;;
Seko Padang;Austronesian;;
Seko Tengah;Austronesian;;
Sekpele;Niger-Congo;;
Selaru;Austronesian;;
Selayar;Austronesian;;
Selee;Niger-Congo;;
Selepet;Trans-New Guinea;;
Selkup;Uralic;;
Seluwasan;Austronesian;;
Semai;Austro-Asiatic;;
Semandang;Austronesian;;
Semaq Beri;Austro-Asiatic;;
Semelai;Austro-Asiatic;;
Semimi;Mairasi;;
Semnam;Austro-Asiatic;;
Semnani;Indo-European;;
Sempan;Trans-New Guinea;;
Sena;Niger-Congo;;
Sena, Malawi;Niger-Congo;;
Senaya;Afro-Asiatic;;
Sene;Trans-New Guinea;;
Seneca;Iroquoian;;
Sened;Afro-Asiatic;;
Sengele;Niger-Congo;;
Sengo;Sepik;;
Sengseng;Austronesian;;
Senhaja Berber;Afro-Asiatic;;
Sénoufo, Cebaara;Niger-Congo;;
Sénoufo, Djimini;Niger-Congo;;
Sénoufo, Mamara;Niger-Congo;;
Sénoufo, Nanerigé;Niger-Congo;;
Sénoufo, Nyarafolo;Niger-Congo;;
Sénoufo, Palaka;Niger-Congo;;
Sénoufo, Senara;Niger-Congo;;
Sénoufo, Shempire;Niger-Congo;;
Sénoufo, Sìcìté;Niger-Congo;;
Sénoufo, Supyire;Niger-Congo;;
Sénoufo, Syenara;Niger-Congo;;
Sénoufo, Tagwana;Niger-Congo;;
Sensi;Panoan;;
Sentani;East Bird’s Head-Sentani;;
Sentinel;Andamanese;;
Sepa;Austronesian;;
Sepa;Austronesian;;
Sera;Austronesian;;
Serbian;Indo-European;;
Sere;Niger-Congo;;
Serer-Sine;Niger-Congo;;
Seri;Language isolate;;
Serili;Austronesian;;
Seroa;Tuu;;
Serrano;Uto-Aztecan;;
Serua;Austronesian;;
Serui-Laut;Austronesian;;
Seta;Torricelli;;
Setaman;Trans-New Guinea;;
Seti;Torricelli;;
Setswana;Niger-Congo;;
Settla;Pidgin;;
Sewa Bay;Austronesian;;
Seychelles French Creole;Creole;;
Seze;Afro-Asiatic;;
Sgi Bara;Trans-New Guinea;;
Shabak;Indo-European;;
Shabo;Language isolate;;
Shahmirzadi;Indo-European;;
Shahrudi;Indo-European;;
Shall-Zwall;Niger-Congo;;
Shama-Sambuga;Niger-Congo;;
Shamang;Niger-Congo;;
Shambala;Niger-Congo;;
Shan;Kra-Dai;;
Shanenawa;Panoan;;
Shanga;Niger-Congo;;
Sharanahua;Panoan;;
Sharwa;Afro-Asiatic;;
Shasta;Language isolate;;
Shatt;Nilo-Saharan;;
Shau;Niger-Congo;;
Shawi;Cahuapanan;;
Shawnee;Algic;;
She;Hmong-Mien;;
Shehri;Afro-Asiatic;;
Shekhawati;Indo-European;;
Shekkacho;Afro-Asiatic;;
Sheko;Afro-Asiatic;;
Shelta;Mixed language;;
Shendu;Sino-Tibetan;;
Sheni;Niger-Congo;;
Sherbro;Niger-Congo;;
Sherdukpen;Sino-Tibetan;;
Sherpa;Sino-Tibetan;;
Shi;Niger-Congo;;
Shiki;Niger-Congo;;
Shilluk;Nilo-Saharan;;
Shina;Indo-European;;
Shina, Kohistani;Indo-European;;
Shipibo-Conibo;Panoan;;
Sholaga;Dravidian;;
Shom Peng;Austro-Asiatic;;
Shona;Niger-Congo;;
Shoo-Minda-Nye;Niger-Congo;;
Shor;Turkic;;
Shoshoni;Uto-Aztecan;;
Shua;Khoe-Kwadi;;
Shuadit;Indo-European;;
Shuar;Jivaroan;;
Shubi;Niger-Congo;;
Shughni;Indo-European;;
Shuhi;Sino-Tibetan;;
Shumashti;Indo-European;;
Shumcho;Sino-Tibetan;;
Shuswap;Salish;;
Shwai;Niger-Congo;;
Sialum;Trans-New Guinea;;
Siamou;Niger-Congo;;
Siane;Trans-New Guinea;;
Siang;Austronesian;;
Siar-Lak;Austronesian;;
Siawi;Amto-Musan;;
Sibe;South Bougainville;;
Siberian Tatar;Turkic;;
Sicilian;Indo-European;;
Sidaama;Afro-Asiatic;;
Sie;Austronesian;;
Sighu;Niger-Congo;;
Sihan;Austronesian;;
Sihan;Trans-New Guinea;;
Sika;Austronesian;;
Sikaiana;Austronesian;;
Sikaritai;Lakes Plain;;
Sikiana;Cariban;;
Sikkimese;Sino-Tibetan;;
Sikule;Austronesian;;
Sila;Sino-Tibetan;;
Silesian;Indo-European;;
Silesian, Lower;Indo-European;;
Silimo;Trans-New Guinea;;
Siliput;Torricelli;;
Silopi;Trans-New Guinea;;
Silt’e;Afro-Asiatic;;
Simaa;Niger-Congo;;
Simba;Niger-Congo;;
Simbali;East New Britain;;
Simbari;Trans-New Guinea;;
Simbo;Austronesian;;
Simeku;South Bougainville;;
Simeulue;Austronesian;;
Simte;Sino-Tibetan;;
Sinagen;Torricelli;;
Sinasina;Trans-New Guinea;;
Sinaugoro;Austronesian;;
Sindhi;Indo-European;;
Sindhi Bhil;Indo-European;;
Singa;Niger-Congo;;
Singpho;Sino-Tibetan;;
Sinhala;Indo-European;;
Sinicized Miao;Hmong-Mien;;
Sininkere;Niger-Congo;;
Sinyar;Nilo-Saharan;;
Sio;Austronesian;;
Siona;Tucanoan;;
Sipakapense;Mayan;;
Sira;Niger-Congo;;
Siraya;Austronesian;;
Siri;Afro-Asiatic;;
Siriano;Tucanoan;;
Sirionó;Tupian;;
Sirmauri;Indo-European;;
Siroi;Trans-New Guinea;;
Sirva;Trans-New Guinea;;
Sisaala, Tumulung;Niger-Congo;;
Sisaala, Western;Niger-Congo;;
Sîshëë;Austronesian;;
Sissala;Niger-Congo;;
Siuslaw;Language isolate;;
Sivandi;Indo-European;;
Siwi;Afro-Asiatic;;
Siwu;Niger-Congo;;
Skagit;Salish;;
Ske;Austronesian;;
Skepi Dutch Creole;Creole;;
Skou;Skou;;
Slavey, North;Eyak-Athabaskan;;
Slavey, South;Eyak-Athabaskan;;
Slavomolisano;Indo-European;;
Slavonic, Church;Indo-European;;
Slovak;Indo-European;;
Slovene;Indo-European;;
Snohomish;Salish;;
So;Austro-Asiatic;;
So;Niger-Congo;;
So’a;Austronesian;;
Sob;Trans-New Guinea;;
Sobei;Austronesian;;
Soga;Niger-Congo;;
Soi;Indo-European;;
Sokoro;Afro-Asiatic;;
Solano;Unclassified;;
Soli;Niger-Congo;;
Solong;Austronesian;;
Solos;Austronesian;;
Somali;Afro-Asiatic;;
Somba-Siawari;Trans-New Guinea;;
Somray;Austro-Asiatic;;
Somyev;Niger-Congo;;
Sonaga;Sino-Tibetan;;
Sonde;Niger-Congo;;
Songe;Niger-Congo;;
Songhay, Humburi Senni;Nilo-Saharan;;
Songhay, Koyra Chiini;Nilo-Saharan;;
Songhay, Koyraboro Senni;Nilo-Saharan;;
Songo;Niger-Congo;;
Songo;Niger-Congo;;
Songoora;Niger-Congo;;
Sonha;Indo-European;;
Sonia;Trans-New Guinea;;
Soninke;Niger-Congo;;
Sonsorolese;Austronesian;;
Soo;Nilo-Saharan;;
Soq;Trans-New Guinea;;
Soqotri;Afro-Asiatic;;
Sora;Austro-Asiatic;;
Sorbian, Lower;Indo-European;;
Sorbian, Upper;Indo-European;;
Sori-Harengan;Austronesian;;
Sorkhei;Indo-European;;
Soro-n Raki;Austronesian;;
Sorsoganon, Northern;Austronesian;;
Sorsoganon, Southern;Austronesian;;
Sos Kundi;Sepik;;
Sotho, Northern;Niger-Congo;;
Sotho, Southern;Niger-Congo;;
Sou;Austro-Asiatic;;
Sou Nama;Austronesian;;
Sou Puan;Austronesian;;
Sou Upaa;Austronesian;;
Sougb;East Bird’s Head-Sentani;;
Soumraye;Afro-Asiatic;;
Sourashtra;Indo-European;;
Southern Kalapuya;Takelman;;
Southern Lushootseed;Salish;;
Sowa;Austronesian;;
Sowanda;Border;;
Sowari;East Bird’s Head-Sentani;;
Spanish;Indo-European;;
Spanish, Charapa;Indo-European;;
Spiti Bhoti;Sino-Tibetan;;
Spokane;Salish;;
Squamish;Salish;;
Sranan Tongo;Creole;;
Sri Lankan Malay Creole;Creole;;
Stellingwerfs;Indo-European;;
Stieng, Budeh;Austro-Asiatic;;
Stieng, Bulo;Austro-Asiatic;;
Stod Bhoti;Sino-Tibetan;;
sTodsde;Sino-Tibetan;;
Stoney;Siouan-Catawban;;
Su’ung;Austro-Asiatic;;
Suabo;Trans-New Guinea;;
Suau;Austronesian;;
Suba;Niger-Congo;;
Suba-Simbiti;Niger-Congo;;
Subanen, Central;Austronesian;;
Subanen, Eastern;Austronesian;;
Subanen, Northern;Austronesian;;
Subanen, Southern;Austronesian;;
Subanon, Kolibugan;Austronesian;;
Subanon, Western;Austronesian;;
Subi;Niger-Congo;;
Subtiaba;Otomanguean;;
Sudest;Austronesian;;
Sudovian;Indo-European;;
Suena;Trans-New Guinea;;
Suganga;Trans-New Guinea;;
Sugut Dusun;Austronesian;;
Sui;Kra-Dai;;
Suki;Trans-New Guinea;;
Suku;Niger-Congo;;
Sukuma;Niger-Congo;;
Sukur;Afro-Asiatic;;
Sukurum;Austronesian;;
Sula;Austronesian;;
Sulka;Language isolate;;
Sulod;Austronesian;;
Suma;Niger-Congo;;
Sumariup;Sepik;;
Sumau;Trans-New Guinea;;
Sumbawa;Austronesian;;
Sumbwa;Niger-Congo;;
Sunam;Sino-Tibetan;;
Sunda;Austronesian;;
Sunum;Austronesian;;
Sunwar;Sino-Tibetan;;
Supapya;Niger-Congo;;
Surbakhal;Nilo-Saharan;;
Surgujia;Indo-European;;
Suri, Kacipo-Bale;Nilo-Saharan;;
Suri, Tirmaga-Chai;Nilo-Saharan;;
Surigaonon;Austronesian;;
Surjapuri;Indo-European;;
Sursurunga;Austronesian;;
Suruahá;Arauan;;
Suruí;Tupian;;
Suruí do Pará;Tupian;;
Susquehannock;Iroquoian;;
Susu;Niger-Congo;;
Susuami;Trans-New Guinea;;
Suundi;Niger-Congo;;
Suwawa;Austronesian;;
Suyá;Jean;;
Svan;Kartvelian;;
Swabian;Indo-European;;
Swahili;Niger-Congo;;
Swahili;Niger-Congo;;
Swahili, Congo;Niger-Congo;;
Swati;Niger-Congo;;
Swedish;Indo-European;;
Swo;Niger-Congo;;
Sya;Afro-Asiatic;;
Sylheti;Indo-European;;
Syriac;Afro-Asiatic;;
Syuba;Sino-Tibetan;;
T’en;Kra-Dai;;
Ta’oih, Lower;Austro-Asiatic;;
Ta’oih, Upper;Austro-Asiatic;;
Taa;Tuu;;
Taabwa;Niger-Congo;;
Tabaru;West Papuan;;
Tabasaran;Nakh-Daghestanian;;
Tabla;East Bird’s Head-Sentani;;
Tabo;South-Central Papuan;;
Taburta;Lakes Plain;;
Tacana;Tacanan;;
Tachawit;Afro-Asiatic;;
Tachelhit;Afro-Asiatic;;
Tadaksahak;Nilo-Saharan;;
Tado;Austronesian;;
Tadyawan;Austronesian;;
Tae’;Austronesian;;
Tafi;Niger-Congo;;
Tagabawa;Austronesian;;
Tagakolu;Austronesian;;
Tagalaka;Australian;;
Tagalog;Austronesian;;
Tagargrent;Afro-Asiatic;;
Tagbanwa;Austronesian;;
Tagbanwa, Calamian;Austronesian;;
Tagbanwa, Central;Austronesian;;
Tagbu;Niger-Congo;;
Tagdal;Mixed language;;
Tagin;Sino-Tibetan;;
Tagish;Eyak-Athabaskan;;
Tagoi;Niger-Congo;;
Tahitian;Austronesian;;
Tahltan;Eyak-Athabaskan;;
Tai Daeng;Kra-Dai;;
Tai Dam;Kra-Dai;;
Tai Dón;Kra-Dai;;
Tai Hongjin;Kra-Dai;;
Tai Khang;Kra-Dai;;
Tai Laing;Kra-Dai;;
Tai Loi;Austro-Asiatic;;
Tai Long;Kra-Dai;;
Tai Nüa;Kra-Dai;;
Tai Pao;Kra-Dai;;
Tai Thanh;Kra-Dai;;
Tai Ya;Kra-Dai;;
Tai Yo;Kra-Dai;;
Taikat;Border;;
Tainae;Trans-New Guinea;;
Taíno;Maipurean;;
Tairora, North;Trans-New Guinea;;
Tairora, South;Trans-New Guinea;;
Tairuma;Trans-New Guinea;;
Taivoan;Austronesian;;
Taje;Austronesian;;
Tajik;Indo-European;;
Tajio;Austronesian;;
Tajuasohn;Niger-Congo;;
Takelma;Unclassified;;
Takestani;Indo-European;;
Takia;Austronesian;;
Takua;Austro-Asiatic;;
Takuu;Austronesian;;
Takwane;Niger-Congo;;
Tal;Afro-Asiatic;;
Tala;Afro-Asiatic;;
Talaud;Austronesian;;
Taliabu;Austronesian;;
Talieng;Austro-Asiatic;;
Talinga-Bwisi;Niger-Congo;;
Talise;Austronesian;;
Talodi;Niger-Congo;;
Taloki;Austronesian;;
Talondo’;Austronesian;;
Talu;Sino-Tibetan;;
Talysh;Indo-European;;
Tama;Nilo-Saharan;;
Tama;Tucanoan;;
Tamagario;Trans-New Guinea;;
Tamahaq, Tahaggart;Afro-Asiatic;;
Tamajaq, Tawallammat;Afro-Asiatic;;
Tamajeq, Tayart;Afro-Asiatic;;
Taman;Austronesian;;
Taman;Sino-Tibetan;;
Tamanaku;Cariban;;
Tamang, Eastern;Sino-Tibetan;;
Tamang, Eastern Gorkha;Sino-Tibetan;;
Tamang, Western;Sino-Tibetan;;
Tamasheq;Afro-Asiatic;;
Tamazight, Central Atlas;Afro-Asiatic;;
Tamazight, Standard Moroccan;Afro-Asiatic;;
Tamazight, Temacine;Afro-Asiatic;;
Tamazight, Tidikelt;Afro-Asiatic;;
Tambora;Unclassified;;
Tambotalo;Austronesian;;
Tami;Austronesian;;
Tamil;Dravidian;;
Tamki;Afro-Asiatic;;
Tampuan;Austro-Asiatic;;
Tampulma;Niger-Congo;;
Tanacross;Eyak-Athabaskan;;
Tanahmerah;Trans-New Guinea;;
Tanaina;Eyak-Athabaskan;;
Tanana, Lower;Eyak-Athabaskan;;
Tanana, Upper;Eyak-Athabaskan;;
Tanapag;Austronesian;;
Tandaganon;Austronesian;;
Tandia;Austronesian;;
Tandɨ;Trans-New Guinea;;
Tanema;Austronesian;;
Tangale;Afro-Asiatic;;
Tangchangya;Indo-European;;
Tanggu;Ramu-Lower Sepik;;
Tangko;Trans-New Guinea;;
Tanglang;Sino-Tibetan;;
Tangoa;Austronesian;;
Tanguat;Ramu-Lower Sepik;;
Tanibili;Austronesian;;
Tanimuca-Letuama;Tucanoan;;
Tanna, North;Austronesian;;
Tanna, Southwest;Austronesian;;
Tanokuku;Austronesian;;
Tapei;Arafundi;;
Tapesena;Austronesian;;
Tapiafaru;Austronesian;;
Tapirapé;Tupian;;
Tarahumara, Central;Uto-Aztecan;;
Tarahumara, Northern;Uto-Aztecan;;
Tarahumara, Southeastern;Uto-Aztecan;;
Tarahumara, Southwestern;Uto-Aztecan;;
Tarahumara, Western;Uto-Aztecan;;
Tarangan, East;Austronesian;;
Tarangan, West;Austronesian;;
Tareng;Austro-Asiatic;;
Tariana;Maipurean;;
Tarifit;Afro-Asiatic;;
Tarjumo;Nilo-Saharan;;
Tarok;Niger-Congo;;
Taromi, Upper;Indo-European;;
Tarpia;Austronesian;;
Taruma;Language isolate;;
Tasawaq;Nilo-Saharan;;
Tasmanian, Bruny Island;Language isolate;;
Tasmanian, North Midlands;Language isolate;;
Tasmanian, Northeastern;Language isolate;;
Tasmanian, Northern;Language isolate;;
Tasmanian, Northwestern;Language isolate;;
Tasmanian, Oyster Bay;Language isolate;;
Tasmanian, Port Sorell;Language isolate;;
Tasmanian, Southeast;Language isolate;;
Tasmanian, Southwestern;Language isolate;;
Tat, Muslim;Indo-European;;
Tatana;Austronesian;;
Tatar;Turkic;;
Tatuyo;Tucanoan;;
Tauade;Trans-New Guinea;;
Taungyo;Sino-Tibetan;;
Taupi;Trans-New Guinea;;
Taupota;Austronesian;;
Tause;Lakes Plain;;
Taushiro;Language isolate;;
Tausug;Austronesian;;
Tauya;Trans-New Guinea;;
Tavanlav;Austronesian;;
Taveta;Niger-Congo;;
Tavoyan;Sino-Tibetan;;
Tawala;Austronesian;;
Tawandê;Nambikwara;;
Tawara;Niger-Congo;;
Tawbuid;Austronesian;;
Tawoyan;Austronesian;;
Tay;Trans-New Guinea;;
Tày;Kra-Dai;;
Tay Boi;Pidgin;;
Tày Sa Pa;Kra-Dai;;
Tày Tac;Kra-Dai;;
Tayap;Language isolate;;
Tayatuk;Trans-New Guinea;;
Tayo;Creole;;
Taznatit;Afro-Asiatic;;
Tboli;Austronesian;;
Tchaman;Niger-Congo;;
Tchitchege;Niger-Congo;;
Tchumbuli;Niger-Congo;;
Te’un;Austronesian;;
Teanu;Austronesian;;
Tebi;Pauwasi;;
Tedaga;Nilo-Saharan;;
Teduray;Austronesian;;
Tèẹ̀ ̣;Niger-Congo;;
Téén;Niger-Congo;;
Tefaro;East Geelvink Bay;;
Tegali;Niger-Congo;;
Tehit;West Papuan;;
Tehl;Afro-Asiatic;;
Tehuelche;Chon;;
Teiwa;Trans-New Guinea;;
Teke-Eboo;Niger-Congo;;
Teke-Kukuya;Niger-Congo;;
Teke-Laali;Niger-Congo;;
Teke-Nzikou;Niger-Congo;;
Teke-Tege;Niger-Congo;;
Teke-Tsaayi;Niger-Congo;;
Teke-Tyee;Niger-Congo;;
Teke-Wuumu;Niger-Congo;;
Teke, Ibali;Niger-Congo;;
Tekó;Tupian;;
Tektiteko;Mayan;;
Tela-Masbuar;Austronesian;;
Telefol;Trans-New Guinea;;
Telugu;Dravidian;;
Tem;Niger-Congo;;
Tembé;Tupian;;
Tembo;Niger-Congo;;
Tembo;Niger-Congo;;
Teme;Niger-Congo;;
Temein;Nilo-Saharan;;
Temi;Niger-Congo;;
Temiar;Austro-Asiatic;;
Temoq;Austro-Asiatic;;
Temuan;Austronesian;;
Ten’edn;Austro-Asiatic;;
Tengger;Austronesian;;
Tenharim;Tupian;;
Tenino;Sahaptian;;
Tenis;Austronesian;;
Tennet;Nilo-Saharan;;
Teop;Austronesian;;
Teor;Austronesian;;
Tepecano;Uto-Aztecan;;
Tepehua, Huehuetla;Totonacan;;
Tepehua, Pisaflores;Totonacan;;
Tepehua, Tlachichilco;Totonacan;;
Tepehuan, Northern;Uto-Aztecan;;
Tepehuan, Southeastern;Uto-Aztecan;;
Tepehuan, Southwestern;Uto-Aztecan;;
Tera;Afro-Asiatic;;
Terebu;Austronesian;;
Terei;South Bougainville;;
Terêna;Maipurean;;
Teressa;Austro-Asiatic;;
Tereweng;Trans-New Guinea;;
Teribe;Chibchan;;
Terik;Nilo-Saharan;;
Termanu;Austronesian;;
Ternate;West Papuan;;
Ternateño;Creole;;
Tese;Nilo-Saharan;;
Teshenawa;Afro-Asiatic;;
Tetela;Niger-Congo;;
Tetete;Tucanoan;;
Tetserret;Afro-Asiatic;;
Tetun;Austronesian;;
Tetun Dili;Creole;;
Tewa;Kiowa-Tanoan;;
Tewe;Niger-Congo;;
Tha;Niger-Congo;;
Thachanadan;Dravidian;;
Thai;Kra-Dai;;
Thai Song;Kra-Dai;;
Thai, Northeastern;Kra-Dai;;
Thai, Northern;Kra-Dai;;
Thai, Southern;Kra-Dai;;
Thakali;Sino-Tibetan;;
Thangmi;Sino-Tibetan;;
Thao;Austronesian;;
Tharu, Central;Indo-European;;
Tharu, Dangaura;Indo-European;;
Tharu, Kathariya;Indo-European;;
Tharu, Mid-Eastern;Indo-European;;
Tharu, Rana;Indo-European;;
Thawa;Australian;;
Thaypan;Australian;;
Themne;Niger-Congo;;
Thiin;Australian;;
Tho;Austro-Asiatic;;
Thompson;Salish;;
Thopho;Sino-Tibetan;;
Thu Lao;Kra-Dai;;
Thulung;Sino-Tibetan;;
Thur;Nilo-Saharan;;
Thuri;Nilo-Saharan;;
Tiale;Austronesian;;
Tiang;Austronesian;;
Tibea;Niger-Congo;;
Tibetan, Amdo;Sino-Tibetan;;
Tibetan, Central;Sino-Tibetan;;
Tibetan, Khams;Sino-Tibetan;;
Tichurong;Sino-Tibetan;;
Ticuna;Language isolate;;
Tidore;West Papuan;;
Tidung, Northern;Austronesian;;
Tidung, Southern;Austronesian;;
Tiéfo;Niger-Congo;;
Tiene;Niger-Congo;;
Tifal;Trans-New Guinea;;
Tigak;Austronesian;;
Tigré;Afro-Asiatic;;
Tigrigna;Afro-Asiatic;;
Tii;Austronesian;;
Tikar;Niger-Congo;;
Tikopia;Austronesian;;
Tillamook;Salish;;
Tilung;Sino-Tibetan;;
Tima;Niger-Congo;;
Timbe;Trans-New Guinea;;
Timbisha;Uto-Aztecan;;
Timucua;Language isolate;;
Tinani;Sino-Tibetan;;
Tindi;Nakh-Daghestanian;;
Tingui-Boto;Unclassified;;
Tinigua;Tiniguan;;
Tinputz;Austronesian;;
Tippera;Sino-Tibetan;;
Tira;Niger-Congo;;
Tirahi;Indo-European;;
Tîrî;Austronesian;;
Tita;Niger-Congo;;
Titan;Austronesian;;
Tiv;Niger-Congo;;
Tiwa;Sino-Tibetan;;
Tiwa, Northern;Kiowa-Tanoan;;
Tiwa, Southern;Kiowa-Tanoan;;
Tiwi;Australian;;
Tiyaa;Niger-Congo;;
Tjungundji;Australian;;
Tjupany;Australian;;
Tjurruru;Australian;;
Tlicho;Eyak-Athabaskan;;
Tlingit;Eyak-Athabaskan;;
To;Niger-Congo;;
To’abaita;Austronesian;;
Toaripi;Trans-New Guinea;;
Toba;Guaykuruan;;
Toba-Maskoy;Mascoyan;;
Tobagonian English Creole;Creole;;
Tobanga;Afro-Asiatic;;
Tobati;Austronesian;;
Tobelo;West Papuan;;
Tobian;Austronesian;;
Tobilung;Austronesian;;
Tobo;Trans-New Guinea;;
Tocho;Niger-Congo;;
Toda;Dravidian;;
Todrah;Austro-Asiatic;;
Tofanma;Unclassified;;
Togoyo;Niger-Congo;;
Tohono O’odham;Uto-Aztecan;;
Tojolabal;Mayan;;
Tok Pisin;Creole;;
Tokano;Trans-New Guinea;;
Tokelauan;Austronesian;;
Toku-No-Shima;Japonic;;
Tol;Jicaquean;;
Tolaki;Austronesian;;
Tolomako;Austronesian;;
Tolowa;Eyak-Athabaskan;;
Toma;Niger-Congo;;
Tomadino;Austronesian;;
Tombelala;Austronesian;;
Tombonuo;Austronesian;;
Tombulu;Austronesian;;
Tomini;Austronesian;;
Tomoip;Austronesian;;
Tondano;Austronesian;;
Tondi Songway Kiini;Nilo-Saharan;;
Tonga;Niger-Congo;;
Tonga;Niger-Congo;;
Tonga;Niger-Congo;;
Tongan;Austronesian;;
Tongwe;Niger-Congo;;
Tonjon;Niger-Congo;;
Tonkawa;Language isolate;;
Tonsawang;Austronesian;;
Tonsea;Austronesian;;
Tontemboan;Austronesian;;
Tooro;Niger-Congo;;
Topoiyo;Austronesian;;
Toposa;Nilo-Saharan;;
Torá;Chapacuran;;
Toraja-Sa’dan;Austronesian;;
Toram;Afro-Asiatic;;
Torau;Austronesian;;
Toromono;Tacanan;;
Torona;Niger-Congo;;
Torres Strait Creole;Creole;;
Torwali;Indo-European;;
Totela;Niger-Congo;;
Toto;Sino-Tibetan;;
Totoli;Austronesian;;
Totonac, Coyutla;Totonacan;;
Totonac, Filomena Mata-Coahuitlán;Totonacan;;
Totonac, Highland;Totonacan;;
Totonac, Papantla;Totonacan;;
Totonac, Tecpatlán;Totonacan;;
Totonac, Upper Necaxa;Totonacan;;
Totonac, Xicotepec de Juárez;Totonacan;;
Totonac, Yecuatla;Totonacan;;
Totonaco del cerro Xinolatépetl;Totonacan;;
Totoro;Paezan;;
Touo;Central Solomons;;
Toura;Austronesian;;
Toura;Niger-Congo;;
Toussian, Northern;Niger-Congo;;
Toussian, Southern;Niger-Congo;;
Towei;Pauwasi;;
Traveller Danish;Mixed language;;
Traveller Scottish;Unclassified;;
Tregami;Indo-European;;
Tremembé;Unclassified;;
Trieng;Austro-Asiatic;;
Trimuris;Tor-Kwerba;;
Tring;Austronesian;;
Trinidadian English Creole;Creole;;
Trinitario;Maipurean;;
Trió;Cariban;;
Triqui, Chicahuaxtla;Otomanguean;;
Triqui, Copala;Otomanguean;;
Triqui, San Martín Itunyoso;Otomanguean;;
Truká;Unclassified;;
Trumai;Language isolate;;
Ts’ün-Lao;Kra-Dai;;
Tsaangi;Niger-Congo;;
Tsaara;Afro-Asiatic;;
Tsafiki;Barbacoan;;
Tsakhur;Nakh-Daghestanian;;
Tsakonian;Indo-European;;
Tsamai;Afro-Asiatic;;
Tsat;Austronesian;;
Tsaukambo;Trans-New Guinea;;
Tseku;Sino-Tibetan;;
Tsetsaut;Eyak-Athabaskan;;
Tshangla;Sino-Tibetan;;
Tshuwau;Khoe-Kwadi;;
Tsikimba;Niger-Congo;;
Tsimané;Mosetenan;;
Tsimshian;Tsimshian;;
Tsishingini;Niger-Congo;;
Tso;Niger-Congo;;
Tsogo;Niger-Congo;;
Tsonga;Niger-Congo;;
Tsou;Austronesian;;
Tsucuba;Niger-Congo;;
Tsum;Sino-Tibetan;;
Tsúut’ínà;Eyak-Athabaskan;;
Tsuvadi;Niger-Congo;;
Tswa;Niger-Congo;;
Tswapong;Niger-Congo;;
Tu;Mongolic;;
Tuamotuan;Austronesian;;
Tubar;Uto-Aztecan;;
Tübatulabal;Uto-Aztecan;;
Tucano;Tucanoan;;
Tugbiri-Niragu;Niger-Congo;;
Tugen;Nilo-Saharan;;
Tugun;Austronesian;;
Tugutil;West Papuan;;
Tujia, Northern;Sino-Tibetan;;
Tujia, Southern;Sino-Tibetan;;
Tukang Besi North;Austronesian;;
Tukang Besi South;Austronesian;;
Tuki;Niger-Congo;;
Tukudede;Austronesian;;
Tukumanféd;Tupian;;
Tula;Niger-Congo;;
Tulai;Afro-Asiatic;;
Tulehu;Austronesian;;
Tulil;East New Britain;;
Tulishi;Nilo-Saharan;;
Tulu;Dravidian;;
Tulu-Bohuai;Austronesian;;
Tuma-Irumu;Trans-New Guinea;;
Tumak;Afro-Asiatic;;
Tumbuka;Niger-Congo;;
Tumleo;Austronesian;;
Tumtum;Nilo-Saharan;;
Tumzabt;Afro-Asiatic;;
Tunebo, Angosturas;Chibchan;;
Tunebo, Barro Negro;Chibchan;;
Tunebo, Central;Chibchan;;
Tunebo, Western;Chibchan;;
Tunen;Niger-Congo;;
Tungag;Austronesian;;
Tunggare;East Geelvink Bay;;
Tunia;Niger-Congo;;
Tunica;Language isolate;;
Tunjung;Austronesian;;
Tunni;Afro-Asiatic;;
Tunzuii;Niger-Congo;;
Tuotomb;Niger-Congo;;
Tuparí;Tupian;;
Tupinambá;Tupian;;
Tupinikin;Tupian;;
Tupuri;Niger-Congo;;
Turaka;Trans-New Guinea;;
Turi;Austro-Asiatic;;
Turiwára;Tupian;;
Turka;Niger-Congo;;
Turkana;Nilo-Saharan;;
Turkish;Turkic;;
Turkmen;Turkic;;
Turks and Caicos English Creole;Creole;;
Turoyo;Afro-Asiatic;;
Turumsa;Trans-New Guinea;;
Turung;Sino-Tibetan;;
Tuscarora;Iroquoian;;
Tutchone, Northern;Eyak-Athabaskan;;
Tutchone, Southern;Eyak-Athabaskan;;
Tutelo;Siouan-Catawban;;
Tutong;Austronesian;;
Tuttumi;Niger-Congo;;
Tututni;Eyak-Athabaskan;;
Tuvaluan;Austronesian;;
Tuvan;Turkic;;
Tuwari;Sepik;;
Tuwuli;Niger-Congo;;
Tuxá;Language isolate;;
Tuxináwa;Panoan;;
Tuyuca;Tucanoan;;
Twana;Salish;;
Twendi;Niger-Congo;;
Twents;Indo-European;;
Tyap;Niger-Congo;;
Tz’utujil;Mayan;;
Tzeltal;Mayan;;
Tzotzil;Mayan;;
‡Ungkue;Tuu;;
U;Austro-Asiatic;;
Uab Meto;Austronesian;;
Uamué;Language isolate;;
Uare;Trans-New Guinea;;
Ubaghara;Niger-Congo;;
Ubang;Niger-Congo;;
Ubi;Afro-Asiatic;;
Ubir;Austronesian;;
Ubykh;Abkhaz-Adyghe;;
Uda;Niger-Congo;;
Udi;Nakh-Daghestanian;;
Udihe;Tungusic;;
Udmurt;Uralic;;
Uduk;Nilo-Saharan;;
Ufim;Trans-New Guinea;;
Ughele;Austronesian;;
Ugong;Sino-Tibetan;;
Uhami;Niger-Congo;;
Uisai;South Bougainville;;
Ujir;Austronesian;;
Ukaan;Niger-Congo;;
Ukhwejo;Niger-Congo;;
Ukit;Austronesian;;
Ukpet-Ehom;Niger-Congo;;
Ukrainian;Indo-European;;
Ukue;Niger-Congo;;
Ukuriguma;Trans-New Guinea;;
Ukwa;Niger-Congo;;
Ukwuani-Aboh-Ndoni;Niger-Congo;;
Ulau-Suain;Austronesian;;
Ulch;Tungusic;;
Ulithian;Austronesian;;
Ullatan;Dravidian;;
Ulumanda’;Austronesian;;
Ulwa;Misumalpan;;
Ulwa;Mongol-Langam;;
Uma;Austronesian;;
Uma;Austronesian;;
Uma’ Lasan;Austronesian;;
Uma’ Lung;Austronesian;;
Umanakaina;Trans-New Guinea;;
Umatilla;Sahaptian;;
Umbindhamu;Australian;;
Umbu-Ungu;Trans-New Guinea;;
Umbugarla;Australian;;
Umbundu;Niger-Congo;;
Umeda;Border;;
Umiida;Australian;;
Umotína;Bororoan;;
Umpila;Australian;;
Una;Trans-New Guinea;;
Unami;Algic;;
Uneapa;Austronesian;;
Uneme;Niger-Congo;;
Unggaranggu;Australian;;
Unggumi;Australian;;
Uni;Skou;;
Unserdeutsch;Creole;;
Unua;Austronesian;;
Unubahe;Austronesian;;
Upper Umpqua;Eyak-Athabaskan;;
Ura;Austronesian;;
Ura;East New Britain;;
Uradhi;Australian;;
Urak Lawoi’;Austronesian;;
Urali;Dravidian;;
Urapmin;Trans-New Guinea;;
Urarina;Language isolate;;
Urat;Torricelli;;
Urdu;Indo-European;;
Urhobo;Niger-Congo;;
Uri;Trans-New Guinea;;
Urim;Torricelli;;
Urimo;Torricelli;;
Uripiv-Wala-Rano-Atchin;Austronesian;;
Urningangg;Australian;;
Uru;Chipaya-Uru;;
Uru-Eu-Wau-Wau;Tupian;;
Uru-Pa-In;Tupian;;
Uruangnirin;Austronesian;;
Uruava;Austronesian;;
Urum;Turkic;;
Urumi;Tupian;;
us-Saare;Niger-Congo;;
Usaghade;Niger-Congo;;
Usan;Trans-New Guinea;;
Usarufa;Trans-New Guinea;;
Ushojo;Indo-European;;
Usku;Unclassified;;
Usoi;Sino-Tibetan;;
Uspanteko;Mayan;;
ut-Hun;Niger-Congo;;
ut-Ma’in;Niger-Congo;;
Utarmbung;Trans-New Guinea;;
Ute-Southern Paiute;Uto-Aztecan;;
Utu;Trans-New Guinea;;
Utugwang-Irungene-Afrike;Niger-Congo;;
Uvbie;Niger-Congo;;
Uya;Trans-New Guinea;;
Uyajitaya;Trans-New Guinea;;
Uyghur;Turkic;;
Uzbek, Northern;Turkic;;
Uzbek, Southern;Turkic;;
Uzekwe;Niger-Congo;;
V’ënen Taut;Austronesian;;
Vaagri Booli;Indo-European;;
Vaeakau-Taumako;Austronesian;;
Vafsi;Indo-European;;
Vaghri;Indo-European;;
Vaghua;Austronesian;;
Vagla;Niger-Congo;;
Vai;Niger-Congo;;
Vaie;Austronesian;;
Vaiphei;Sino-Tibetan;;
Vale;Nilo-Saharan;;
Vamale;Austronesian;;
Vame;Afro-Asiatic;;
Vangunu;Austronesian;;
Vanuma;Niger-Congo;;
Vao;Austronesian;;
Varhadi-Nagpuri;Indo-European;;
Varisi;Austronesian;;
Varli;Indo-European;;
Varsaf;Austronesian;;
Varvi;Austronesian;;
Vasavi;Indo-European;;
Veddah;Indo-European;;
Vehes;Austronesian;;
Veluws;Indo-European;;
Vemgo-Mabas;Afro-Asiatic;;
Venda;Niger-Congo;;
Venetian;Indo-European;;
Vengo;Niger-Congo;;
Ventureño;Chumashan;;
Veps;Uralic;;
Vera’a;Austronesian;;
Verre;Niger-Congo;;
Vidunda;Niger-Congo;;
Viemo;Niger-Congo;;
Vietnamese;Austro-Asiatic;;
Viid;Border;;
Vilela;Language isolate;;
Vili;Niger-Congo;;
Vincentian English Creole;Creole;;
Vinekula;Austronesian;;
Vinitiri;Austronesian;;
Virgin Islands English Creole;Creole;;
Vishavan;Dravidian;;
Viti;Niger-Congo;;
Vitou;Tor-Kwerba;;
Vitu;Austronesian;;
Vod;Uralic;;
Vori;Niger-Congo;;
Voro;Niger-Congo;;
Võro;Uralic;;
Vula’a;Austronesian;;
Vumbu;Niger-Congo;;
Vune mi;Afro-Asiatic;;
Vunjo;Niger-Congo;;
Vurës;Austronesian;;
Vute;Niger-Congo;;
Vwanji;Niger-Congo;;
Wa, Parauk;Austro-Asiatic;;
Wa, Vo;Austro-Asiatic;;
Wa’ema;Austronesian;;
Waama;Niger-Congo;;
Waamwang;Austronesian;;
Waanyi;Australian;;
Waata;Afro-Asiatic;;
Wabo;Austronesian;;
Waboda;Trans-New Guinea;;
Wadaginam;Trans-New Guinea;;
Waddar;Dravidian;;
Wadi Wadi;Australian;;
Wadikali;Australian;;
Wadjabangayi;Australian;;
Wadjiginy;Australian;;
Wadjigu;Australian;;
Wae Rana;Austronesian;;
Waffa;Trans-New Guinea;;
Wagama;Trans-New Guinea;;
Wagawaga;Austronesian;;
Wagaya;Australian;;
Wagdi;Indo-European;;
Wagi;Trans-New Guinea;;
Wagiman;Australian;;
Wahgi;Trans-New Guinea;;
Waigali;Indo-European;;
Wailaki;Eyak-Athabaskan;;
Waima;Austronesian;;
Waima’a;Austronesian;;
Waimaha;Tucanoan;;
Waimiri-Atroarí;Cariban;;
Waioli;West Papuan;;
Waiwai;Cariban;;
Waja;Niger-Congo;;
Wajarri;Australian;;
Wajiara;Tucanoan;;
Wajuk;Australian;;
Waka;Niger-Congo;;
Wakabunga;Australian;;
Wakawaka;Australian;;
Wakhi;Indo-European;;
Wakoná;Unclassified;;
Wala;Austronesian;;
Walak;Trans-New Guinea;;
Walangama;Australian;;
Wali;Niger-Congo;;
Wali;Nilo-Saharan;;
Walio;Sepik;;
Walla Walla;Sahaptian;;
Wallisian;Austronesian;;
Walloon;Indo-European;;
Walmajarri;Australian;;
Walman;Torricelli;;
Walser;Indo-European;;
Walungge;Sino-Tibetan;;
Waluwarra;Australian;;
Wamas;Trans-New Guinea;;
Wambaya;Australian;;
Wambon;Trans-New Guinea;;
Wambule;Sino-Tibetan;;
Wamesa;Austronesian;;
Wamey;Niger-Congo;;
Wamin;Australian;;
Wampanoag;Algic;;
Wampar;Austronesian;;
Wampís;Jivaroan;;
Wampur;Austronesian;;
Wan;Niger-Congo;;
Wanano;Tucanoan;;
Wanap;Torricelli;;
Wanda;Niger-Congo;;
Wandala;Afro-Asiatic;;
Wandarang;Australian;;
Wandji;Niger-Congo;;
Wané;Niger-Congo;;
Waneci;Indo-European;;
Wangaaybuwan-Ngiyambaa;Australian;;
Wanggamala;Australian;;
Wanggom;Trans-New Guinea;;
Wangkangurru;Australian;;
Wangkayutyuru;Australian;;
Wangkumara;Australian;;
Wannu;Niger-Congo;;
Wano;Trans-New Guinea;;
Wantoat;Trans-New Guinea;;
Wanukaka;Austronesian;;
Waorani;Language isolate;;
Wapan;Niger-Congo;;
Wãpha;Niger-Congo;;
Wapichan;Maipurean;;
Wappo;Yukian;;
War-Jaintia;Austro-Asiatic;;
Wara;Niger-Congo;;
Wára;South-Central Papuan;;
Waran;Ramu-Lower Sepik;;
Warao;Language isolate;;
Waray;Australian;;
Waray-Waray;Austronesian;;
Wardaman;Australian;;
Wardandi;Australian;;
Warembori;Lower Mamberamo;;
Wares;Tor-Kwerba;;
Waris;Border;;
Waritai;Lakes Plain;;
Wariyangga;Australian;;
Warji;Afro-Asiatic;;
Warkay-Bipim;Trans-New Guinea;;
Warlmanpa;Australian;;
Warlpiri;Australian;;
Warnang;Niger-Congo;;
Warnman;Australian;;
Waropen;Austronesian;;
Warrgamay;Australian;;
Warrwa;Australian;;
Wartha Thuntai;South-Central Papuan;;
Waru;Austronesian;;
Warumungu;Australian;;
Waruna;Trans-New Guinea;;
Warungu;Australian;;
Warwar Feni;Austronesian;;
Wasa;Niger-Congo;;
Wasco-Wishram;Chinookan;;
Wasembo;Trans-New Guinea;;
Washo;Language isolate;;
Waskia;Trans-New Guinea;;
Wasu;Unclassified;;
Watakataui;Sepik;;
Wathawurrung;Australian;;
Watiwa;Trans-New Guinea;;
Watubela;Austronesian;;
Waube;Trans-New Guinea;;
Waurá;Maipurean;;
Wauyai;Austronesian;;
Wawa;Niger-Congo;;
Wawonii;Austronesian;;
Waxianghua;Sino-Tibetan;;
Wayampi;Tupian;;
Wayana;Cariban;;
Wayoró;Tupian;;
Wayu;Sino-Tibetan;;
Wayuu;Maipurean;;
Wè Northern;Niger-Congo;;
Wè Southern;Niger-Congo;;
Wè Western;Niger-Congo;;
Wedau;Austronesian;;
Weenhayek;Matacoan;;
Weh;Niger-Congo;;
Wejewa;Austronesian;;
Welaun;Austronesian;;
Weliki;Trans-New Guinea;;
Welsh;Indo-European;;
Wemale;Austronesian;;
Wemba Wemba;Australian;;
Wendat;Iroquoian;;
Wergaia;Australian;;
Weri;Torricelli;;
Wersing;Trans-New Guinea;;
West Flemish;Indo-European;;
Western Neo-Aramaic;Afro-Asiatic;;
Westphalien;Indo-European;;
Wewaw;Sino-Tibetan;;
Weyto;Unclassified;;
Whitesands;Austronesian;;
Wia;Trans-New Guinea;;
Wiarumus;Torricelli;;
Wichita;Caddoan;;
Wik Ngathan;Australian;;
Wik-Epa;Australian;;
Wik-Iiyanh;Australian;;
Wik-Keyangan;Australian;;
Wik-Me’anha;Australian;;
Wik-Mungkan;Australian;;
Wikalkan;Australian;;
Wikngenchera;Australian;;
Wilawila;Australian;;
Wintu;Wintuan;;
Winyé;Niger-Congo;;
Wipi;Eastern Trans-Fly;;
Wiradjuri;Australian;;
Wiraféd;Tupian;;
Wirangu;Australian;;
Wiru;Trans-New Guinea;;
Witoto, Minika;Witotoan;;
Witoto, Murui;Witotoan;;
Witoto, Nipode;Witotoan;;
Wiyot;Algic;;
Woccon;Siouan-Catawban;;
Wogamusin;Sepik;;
Wogeo;Austronesian;;
Woi;Austronesian;;
Woiwurrung;Australian;;
Wojenaka;Niger-Congo;;
Wolane;Afro-Asiatic;;
Wolani;Trans-New Guinea;;
Wolaytta;Afro-Asiatic;;
Woleaian;Austronesian;;
Wolio;Austronesian;;
Wolof;Niger-Congo;;
Wolof, Gambian;Niger-Congo;;
Wom;Niger-Congo;;
Wom;Torricelli;;
Wongo;Niger-Congo;;
Woria;East Geelvink Bay;;
Worimi;Australian;;
Worodougou;Niger-Congo;;
Worrorra;Australian;;
Wotjobaluk;Australian;;
Wotu;Austronesian;;
Woun Meu;Chocoan;;
Wudu;Niger-Congo;;
Wuliwuli;Australian;;
Wulna;Australian;;
Wumboko;Niger-Congo;;
Wumbvu;Niger-Congo;;
Wunambal;Australian;;
Wunumara;Australian;;
Wushi;Niger-Congo;;
Wutung;Skou;;
Wutunhua;Mixed language;;
Wuvulu-Aua;Austronesian;;
Wuzlam;Afro-Asiatic;;
Wyandot;Iroquoian;;
Wymysorys;Indo-European;;
Xaasongaxango;Niger-Congo;;
Xakriabá;Jean;;
Xamtanga;Afro-Asiatic;;
Xârâcùù;Austronesian;;
Xârâgurè;Austronesian;;
Xavánte;Jean;;
Xerénte;Jean;;
Xetá;Tupian;;
Xhosa;Niger-Congo;;
Xibe;Tungusic;;
Xinca;Language isolate;;
Xingoni;Niger-Congo;;
Xipaya;Tupian;;
Xiri;Khoe-Kwadi;;
Xiriâna;Maipurean;;
Xokleng;Jean;;
Xukurú;Language isolate;;
ǀXam;Tuu;;
ǁXegwi;Tuu;;
Yaaku;Afro-Asiatic;;
Yabaâna;Maipurean;;
Yabarana;Cariban;;
Yabem;Austronesian;;
Yaben;Trans-New Guinea;;
Yabong;Trans-New Guinea;;
Yabula Yabula;Australian;;
Yace;Niger-Congo;;
Yadgha;Indo-European;;
Yaeyama;Japonic;;
Yagara;Australian;;
Yagaria;Trans-New Guinea;;
Yagnobi;Indo-European;;
Yagua;Yaguan;;
Yagwoia;Trans-New Guinea;;
Yahadian;Trans-New Guinea;;
Yahang;Torricelli;;
Yahuna;Tucanoan;;
Yaka;Niger-Congo;;
Yaka;Niger-Congo;;
Yaka;Niger-Congo;;
Yakaikeke;Austronesian;;
Yakama;Sahaptian;;
Yakan;Austronesian;;
Yakkha;Sino-Tibetan;;
Yakkha, Chhathare;Sino-Tibetan;;
Yakoma;Niger-Congo;;
Yakut;Turkic;;
Yala;Niger-Congo;;
Yalahatan;Austronesian;;
Yalakalore;Nambikwara;;
Yalaku;Sepik;;
Yalarnnga;Australian;;
Yale;Language isolate;;
Yale, Kosarek;Trans-New Guinea;;
Yaleba;Austronesian;;
Yali, Angguruk;Trans-New Guinea;;
Yali, Ninia;Trans-New Guinea;;
Yali, Pass Valley;Trans-New Guinea;;
Yalunka;Niger-Congo;;
Yámana;Language isolate;;
Yamap;Austronesian;;
Yamba;Niger-Congo;;
Yamben;Trans-New Guinea;;
Yambes;Torricelli;;
Yambeta;Niger-Congo;;
Yamdena;Austronesian;;
Yameo;Yaguan;;
Yami;Austronesian;;
Yaminahua;Panoan;;
Yamongeri;Niger-Congo;;
Yamphu;Sino-Tibetan;;
Yamphu, Southern;Sino-Tibetan;;
Yan-nhangu;Australian;;
Yana;Language isolate;;
Yanda;Australian;;
Yandjibara;Australian;;
Yandruwandha;Australian;;
Yanesha’;Maipurean;;
Yangben;Niger-Congo;;
Yangkam;Niger-Congo;;
Yangman;Australian;;
Yango;Niger-Congo;;
Yangum Dey;Torricelli;;
Yangum Gel;Torricelli;;
Yangum Mon;Torricelli;;
Yankunytjatjara;Australian;;
Yanomámi;Yanomaman;;
Yanomamö;Yanomaman;;
Yanyuwa;Australian;;
Yao;Niger-Congo;;
Yaouré;Niger-Congo;;
Yapese;Austronesian;;
Yaqay;Trans-New Guinea;;
Yaqui;Uto-Aztecan;;
Yarawata;Trans-New Guinea;;
Yardliyawarra;Australian;;
Yareba;Trans-New Guinea;;
Yarluyandi;Australian;;
Yaroamë;Yanomaman;;
Yarsun;Austronesian;;
Yassic;Indo-European;;
Yatay;Australian;;
Yau;Trans-New Guinea;;
Yau;Torricelli;;
Yauma;Niger-Congo;;
Yaur;Austronesian;;
Yavitero;Maipurean;;
Yawa;West Papuan;;
Yawalapití;Maipurean;;
Yawanawa;Panoan;;
Yawarawarga;Australian;;
Yaweyuha;Trans-New Guinea;;
Yawijibaya;Australian;;
Yawiyo;Sepik;;
Yawuno Teneyo;Arai (Left May);;
Yawuru;Australian;;
Yaygir;Australian;;
Yazghulami;Indo-European;;
Yei;South-Central Papuan;;
Yekora;Trans-New Guinea;;
Yela;Yele-West New Britain;;
Yélî Dnye;Yele-West New Britain;;
Yelmek;South-Central Papuan;;
Yemba;Niger-Congo;;
Yemsa;Afro-Asiatic;;
Yendang;Niger-Congo;;
Yeni;Unclassified;;
Yeniche;Mixed language;;
Yerakai;Sepik;;
Yeresiam;Austronesian;;
Yeretuar;Austronesian;;
Yeri;Torricelli;;
Yerong;Kra-Dai;;
Yerukula;Dravidian;;
Yessan-Mayo;Sepik;;
Yetfa;Unclassified;;
Yevanic;Indo-European;;
Yeyi;Niger-Congo;;
Yi, Wuding-Luquan;Sino-Tibetan;;
Yiddish, Eastern;Indo-European;;
Yiddish, Western;Indo-European;;
Yidiny;Australian;;
Yil;Torricelli;;
Yilan Creole;Creole;;
Yimas;Ramu-Lower Sepik;;
Yinbaw;Sino-Tibetan;;
Yindjibarndi;Australian;;
Yindjilandji;Australian;;
Yine;Maipurean;;
Yinggarda;Australian;;
Yinhawangka;Australian;;
Yiningayi;Australian;;
Yintale;Sino-Tibetan;;
Yinwum;Australian;;
Yipma;Trans-New Guinea;;
Yir-Yoront;Australian;;
Yirandali;Australian;;
Yirrk-Mel;Australian;;
Yis;Torricelli;;
Yitha Yitha;Unclassified;;
Yoba;Austronesian;;
Yogad;Austronesian;;
Yoidik;Trans-New Guinea;;
Yoke;Lower Mamberamo;;
Yokuts;Yokutsan;;
Yola;Indo-European;;
Yom;Niger-Congo;;
Yonaguni;Japonic;;
Yong;Kra-Dai;;
Yongkom;Trans-New Guinea;;
Yopno;Trans-New Guinea;;
Yoron;Japonic;;
Yorta Yorta;Australian;;
Yoruba;Niger-Congo;;
Yote;Austronesian;;
Yotti;Niger-Congo;;
Yout Wam;Trans-New Guinea;;
Yoy;Kra-Dai;;
Yuanga;Austronesian;;
Yuchi;Language isolate;;
Yucuna;Maipurean;;
Yug;Yeniseian;;
Yugambal;Australian;;
Yugul;Australian;;
Yugur, East;Mongolic;;
Yugur, West;Turkic;;
Yuhup;Puinavean;;
Yui;Trans-New Guinea;;
Yukaghir, Northern;Yukaghir;;
Yukaghir, Southern;Yukaghir;;
Yuki;Yukian;;
Yukpa;Cariban;;
Yukuben;Niger-Congo;;
Yulu;Nilo-Saharan;;
Yupik, Central;Eskimo-Aleut;;
Yupik, Naukan;Eskimo-Aleut;;
Yupik, Pacific Gulf;Eskimo-Aleut;;
Yupik, Saint Lawrence Island;Eskimo-Aleut;;
Yupik, Sirenik;Eskimo-Aleut;;
Yuqui;Tupian;;
Yura;Panoan;;
Yuracare;Language isolate;;
Yurats;Uralic;;
Yurok;Algic;;
Yuru;Australian;;
Yuwei;Trans-New Guinea;;
Yuyu;Australian;;
Ywom;Afro-Asiatic;;
Zabana;Austronesian;;
Zaghawa;Nilo-Saharan;;
Zaiwa;Sino-Tibetan;;
Zakhring;Sino-Tibetan;;
Zamwal;Afro-Asiatic;;
Zan Gula;Niger-Congo;;
Zanaki;Niger-Congo;;
Zande;Niger-Congo;;
Zangskari;Sino-Tibetan;;
Záparo;Zaparoan;;
Zapotec, Aloápam;Otomanguean;;
Zapotec, Amatlán;Otomanguean;;
Zapotec, Asunción Mixtepec;Otomanguean;;
Zapotec, Ayoquesco;Otomanguean;;
Zapotec, Cajonos;Otomanguean;;
Zapotec, Chichicapan;Otomanguean;;
Zapotec, Choapan;Otomanguean;;
Zapotec, Coatecas Altas;Otomanguean;;
Zapotec, Coatlán;Otomanguean;;
Zapotec, El Alto;Otomanguean;;
Zapotec, Elotepec;Otomanguean;;
Zapotec, Guevea de Humboldt;Otomanguean;;
Zapotec, Güilá;Otomanguean;;
Zapotec, Isthmus;Otomanguean;;
Zapotec, Lachiguiri;Otomanguean;;
Zapotec, Lachixío;Otomanguean;;
Zapotec, Lapaguía-Guivini;Otomanguean;;
Zapotec, Las Delicias;Otomanguean;;
Zapotec, Loxicha;Otomanguean;;
Zapotec, Mazaltepec;Otomanguean;;
Zapotec, Miahuatlán;Otomanguean;;
Zapotec, Mitla;Otomanguean;;
Zapotec, Mixtepec;Otomanguean;;
Zapotec, Ocotlán;Otomanguean;;
Zapotec, Ozolotepec;Otomanguean;;
Zapotec, Petapa;Otomanguean;;
Zapotec, Quiavicuzas;Otomanguean;;
Zapotec, Quioquitani-Quierí;Otomanguean;;
Zapotec, Rincón;Otomanguean;;
Zapotec, San Agustín Mixtepec;Otomanguean;;
Zapotec, San Baltazar Loxicha;Otomanguean;;
Zapotec, San Pedro Quiatoni;Otomanguean;;
Zapotec, San Vicente Coatlán;Otomanguean;;
Zapotec, Santa Catarina Albarradas;Otomanguean;;
Zapotec, Santa Inés Yatzechi;Otomanguean;;
Zapotec, Santa María Quiegolani;Otomanguean;;
Zapotec, Santiago Xanica;Otomanguean;;
Zapotec, Santo Domingo Albarradas;Otomanguean;;
Zapotec, Sierra de Juárez;Otomanguean;;
Zapotec, Southeastern Ixtlán;Otomanguean;;
Zapotec, Southern Rincon;Otomanguean;;
Zapotec, Tabaa;Otomanguean;;
Zapotec, Tejalapan;Otomanguean;;
Zapotec, Texmelucan;Otomanguean;;
Zapotec, Tilquiapan;Otomanguean;;
Zapotec, Tlacolulita;Otomanguean;;
Zapotec, Totomachapan;Otomanguean;;
Zapotec, Western Tlacolula Valley;Otomanguean;;
Zapotec, Xadani;Otomanguean;;
Zapotec, Xanaguía;Otomanguean;;
Zapotec, Yalálag;Otomanguean;;
Zapotec, Yareni;Otomanguean;;
Zapotec, Yatee;Otomanguean;;
Zapotec, Yatzachi;Otomanguean;;
Zapotec, Yautepec;Otomanguean;;
Zapotec, Zaachila;Otomanguean;;
Zapotec, Zaniza;Otomanguean;;
Zapotec, Zoogocho;Otomanguean;;
Zaramo;Niger-Congo;;
Zari;Afro-Asiatic;;
Zarma;Nilo-Saharan;;
Zauzou;Sino-Tibetan;;
Zay;Afro-Asiatic;;
Zayein;Sino-Tibetan;;
Zayse;Afro-Asiatic;;
Zazaki, Northern;Indo-European;;
Zazaki, Southern;Indo-European;;
Zazao;Austronesian;;
Zeem;Afro-Asiatic;;
Zeeuws;Indo-European;;
Zemgalian;Indo-European;;
Zenag;Austronesian;;
Zenaga;Afro-Asiatic;;
Zerenkel;Afro-Asiatic;;
Zhaba;Sino-Tibetan;;
Zhire;Niger-Congo;;
Zhoa;Niger-Congo;;
Zhuang, Central Hongshuihe;Kra-Dai;;
Zhuang, Dai;Kra-Dai;;
Zhuang, Eastern Hongshuihe;Kra-Dai;;
Zhuang, Guibei;Kra-Dai;;
Zhuang, Guibian;Kra-Dai;;
Zhuang, Lianshan;Kra-Dai;;
Zhuang, Liujiang;Kra-Dai;;
Zhuang, Liuqian;Kra-Dai;;
Zhuang, Minz;Kra-Dai;;
Zhuang, Nong;Kra-Dai;;
Zhuang, Qiubei;Kra-Dai;;
Zhuang, Yang;Kra-Dai;;
Zhuang, Yongbei;Kra-Dai;;
Zhuang, Yongnan;Kra-Dai;;
Zhuang, Youjiang;Kra-Dai;;
Zhuang, Zuojiang;Kra-Dai;;
Zia;Trans-New Guinea;;
Zialo;Niger-Congo;;
Zibinju;Afro-Asiatic;;
Zigula;Niger-Congo;;
Zimakani;Trans-New Guinea;;
Zimba;Niger-Congo;;
Zinza;Niger-Congo;;
Zizilivakan;Afro-Asiatic;;
Zo;Sino-Tibetan;;
Zo’é;Tupian;;
Zokhuo;Sino-Tibetan;;
Zoque, Chimalapa;Mixe-Zoquean;;
Zoque, Copainalá;Mixe-Zoquean;;
Zoque, Francisco León;Mixe-Zoquean;;
Zoque, Rayón;Mixe-Zoquean;;
Zoque, Tabasco;Mixe-Zoquean;;
Zorop;Pauwasi;;
Zul;Afro-Asiatic;;
Zula;Niger-Congo;;
Zulgo-Gemzek;Afro-Asiatic;;
Zulu;Niger-Congo;;
Zumaya;Afro-Asiatic;;
Zuni;Language isolate;;
